satellite_name,norad_id,horizon_h,future_x_km,future_y_km,future_z_km,vel_x_km_s,vel_y_km_s,vel_z_km_s,altitude_km,velocity_mag_km_s,sgp4_risk_score
VANGUARD 2,11,1,-6769.7503,-4008.3909,-4885.4169,3.568858,-4.865336,-0.69751,2889.8862976692744,6.074105861537153,0.000655888180277718
VANGUARD 2,11,6,5279.1009,2664.2084,3610.697,-4.215743,6.820016,1.258325,557.4951855955251,8.115940431516854,0.0011713857358795674
VANGUARD 2,11,12,5877.0707,1486.9168,3368.6373,-3.089062,7.255637,1.89035,564.3153383153403,8.109253691808698,0.0011692696433005336
VANGUARD 2,11,24,6473.7303,-991.8098,2624.3946,-0.643248,7.394984,2.95208,684.5168267833715,7.988387363927716,0.0011322185971696765
VANGUARD 3,20,1,6944.3264,4023.4751,-5237.6412,-3.112615,4.997048,-0.349095,3212.574822058541,5.897518814853752,0.0006153777608413321
VANGUARD 3,20,6,-6389.7833,1627.9192,2750.108,0.185914,-7.436849,2.802125,773.4065921776546,7.949414543211469,0.0011126766709939507
VANGUARD 3,20,12,-4991.2186,6065.6686,361.3853,-3.796133,-4.847147,3.885546,1492.5359739158066,7.280310948813519,0.0009258317089109902
VANGUARD 3,20,24,2273.1014,7966.382,-4145.8202,-5.375384,1.936347,2.239321,2892.8036073382937,6.1366726646372465,0.0006624355313163267
EXPLORER 7,22,1,-3343.8964,-5514.8473,-2210.4898,5.398923,-1.097316,-5.340271,446.7304898444245,7.672741773135989,0.0011254099563726045
EXPLORER 7,22,6,3088.3343,-3090.0173,-5236.6523,5.642859,5.183068,0.225893,448.71722096679514,7.665316642771777,0.0011239933261756425
EXPLORER 7,22,12,-3347.9682,-5425.1055,-2416.2334,5.520532,-1.043632,-5.225448,446.53948265919826,7.672727553820219,0.001125439401317182
EXPLORER 7,22,24,-1632.5787,4220.1376,5217.1312,-6.442768,-3.830852,1.05592,535.0359492722664,7.56965346592088,0.001096092392440926
TIROS 1,29,1,1665.9131,-5898.3703,-3389.1317,6.156803,-0.719782,4.308954,632.731314993357,7.549264459697316,0.0010778917865589873
TIROS 1,29,6,4203.9102,-5515.1146,-938.6991,4.477654,2.478933,5.561029,626.8929701116476,7.557746866695524,0.0010800032093910325
TIROS 1,29,12,-5282.65,-356.2809,-4616.0726,2.786638,-6.459485,-2.671508,653.3471832388504,7.525108158846156,0.0010712893259037931
TIROS 1,29,24,5631.965,-3482.2952,2252.8676,1.311069,5.424475,5.101021,623.3421452126431,7.560704080363614,0.0010809742965660642
TRANSIT 2A,45,1,6580.3172,-2332.0508,408.4491,1.317414,2.741767,-7.003172,622.272914286078,7.635265810125342,0.0010918014931932344
TRANSIT 2A,45,6,6474.6592,-2536.9946,781.5599,1.750068,2.57528,-6.966219,626.7417238607641,7.630400529394574,0.001090408996287557
TRANSIT 2A,45,12,-6621.803,949.2162,2993.5772,2.218249,-3.506503,5.986334,957.7646174175406,7.283706932226612,0.0009938519399185172
TRANSIT 2A,45,24,-1207.267,-2597.9358,6626.3047,6.909849,-2.619506,0.047763,848.0496609631882,7.389865099648707,0.001023661762518299
SOLRAD 1 (GREB),46,1,-4983.4633,-4670.8326,-2259.6415,3.710983,-0.741248,-6.347374,823.2729548017505,7.389857922833768,0.0010271862034233043
SOLRAD 1 (GREB),46,6,-4276.7109,-4680.4675,-3358.825,4.609073,0.127493,-5.799372,803.8684671818237,7.408948911874207,0.0010326250503076228
SOLRAD 1 (GREB),46,12,-903.1214,2765.0042,6497.445,-6.367167,-3.789227,0.881715,747.8249042366951,7.461667253680171,0.0010481599637658509
SOLRAD 1 (GREB),46,24,-6125.5161,-3819.2213,113.9077,1.49252,-2.502172,-6.763707,848.5134042296922,7.3645239526959925,0.0010200859172006444
COURIER 1B,58,1,-5855.5047,-3209.5771,3154.2691,2.745941,-6.695301,-1.481493,1013.9667573917559,7.38661417464937,0.001000223077139239
COURIER 1B,58,6,-4485.6755,5261.9316,2468.6944,-4.68396,-5.210088,2.473761,970.9112562717737,7.429938878245567,0.0010119897420305369
COURIER 1B,58,12,-145.8514,-7512.4589,-86.127,6.388014,-0.196211,-3.446867,1143.3681846979098,7.261274938769775,0.0009663187589818226
COURIER 1B,58,24,-6412.6052,812.9504,3479.2846,-0.899261,-7.373976,0.145756,969.8320462822439,7.430036151071742,0.001012151770293488
EXPLORER 11,107,1,6865.6871,-1030.4343,2575.6953,0.382559,6.773972,2.503942,1033.9753868709786,7.232065651294172,0.0009766495192025384
EXPLORER 11,107,6,6603.1572,-2455.8699,2040.999,1.836549,6.419879,2.958313,963.756907467272,7.303381025936618,0.0009957223011032976
EXPLORER 11,107,12,-6426.0832,1090.1582,-2488.5107,0.001957,-7.298687,-2.374642,605.7955178838356,7.675269401264167,0.0011001138533571625
EXPLORER 11,107,24,-4637.1895,-3825.2868,-3281.3489,4.864472,-6.100941,0.384355,477.62001900351515,7.812317050036436,0.0011407140458017614
TRANSIT 4A,116,1,3684.3313,-369.9215,-6233.4406,4.609601,5.301046,2.436445,879.3048734553431,7.435440424839809,0.0010255348643423644
TRANSIT 4A,116,6,275.9243,-3369.4388,-6440.0073,5.974414,4.00671,-1.784088,902.4411436629653,7.411499015667479,0.0010189810942685359
TRANSIT 4A,116,12,334.5257,3751.2992,6274.6907,-5.975069,-3.522484,2.481424,947.1894285777835,7.366600854722143,0.0010066152190534056
TRANSIT 4A,116,24,1865.8229,4451.3843,5484.9531,-5.764112,-2.370185,3.952919,935.2184329275633,7.380266438505455,0.0010101349290686647
SOLRAD 3/INJUN 1,117,1,5975.0233,-3825.6951,1973.3768,3.125331,1.554763,-6.445683,993.1742529957246,7.3301985772705365,0.0009953863563574195
SOLRAD 3/INJUN 1,117,6,2843.9555,-4016.1914,5461.6642,6.084906,-1.122331,-3.945321,980.710826805951,7.338342162603077,0.0009981815573928549
SOLRAD 3/INJUN 1,117,12,-1666.3629,3733.1411,-6008.0746,-6.52269,1.862579,3.013522,896.0536110703615,7.422667998221731,0.0010214136836577499
SOLRAD 3/INJUN 1,117,24,475.315,2968.6519,-6631.0438,-6.661724,3.092757,0.962314,909.7664658411513,7.407412554179834,0.001017394609335825
TIROS 3,162,1,-5038.5414,1870.5701,-4720.0317,-0.240729,-6.999179,-2.529417,781.9456301255959,7.4461001527894455,0.0010409837482098548
TIROS 3,162,6,-5017.9013,1376.2034,-4909.0086,0.088623,-7.142012,-2.101296,782.4351670779279,7.445242395240668,0.001040792601225453
TIROS 3,162,12,3701.1136,3471.3775,4946.5654,-3.463057,6.401944,-1.872255,715.4104371739841,7.515516585665287,0.0010605533862730124
TIROS 3,162,24,-2636.8209,6506.4372,-1262.3061,-4.364026,-2.776708,-5.3907,762.019429828988,7.470908695462688,0.0010473697385739212
TRANSIT 4B,202,1,4455.2537,-5940.2601,-139.9153,4.940378,3.702984,3.924591,1055.6783879598415,7.315862205128045,0.000985078634479251
TRANSIT 4B,202,6,-1685.0733,-6465.5447,-3350.3886,6.372639,-2.755055,2.146762,1103.4795180053134,7.26701059322126,0.0009722430271854674
TRANSIT 4B,202,12,4796.2932,3905.3266,3923.686,-4.614517,5.800993,-0.183112,953.7058739330823,7.4147701875298875,0.001012295963161787
TRANSIT 4B,202,24,6163.4243,-3559.7258,1997.4471,2.328767,6.093195,3.385045,1021.5125492158977,7.349061892536965,0.000994122342520265
TRAAC,205,1,-3825.9976,6257.5121,1405.1687,-4.985091,-3.832693,3.662823,1096.878841566182,7.277151931893342,0.000974460363683024
TRAAC,205,6,2183.2821,6697.354,-2298.101,-5.843499,3.078809,3.187959,1038.6247904801103,7.334073084389261,0.0009898035719449764
TRAAC,205,12,-5219.9623,-3764.8609,3728.9019,3.557859,-6.219041,-1.421326,1067.2049843758487,7.304450644767066,0.000982017927727222
TRAAC,205,24,-5437.7402,4164.8968,2992.2902,-3.176218,-6.000573,2.598108,1103.5691834621693,7.269484320879783,0.0009725623166300813
TIROS 4,226,1,-5010.3101,2009.7852,-4677.156,-0.260916,-6.965929,-2.639463,771.704816568933,7.453791580160127,0.0010435530757017379
TIROS 4,226,6,-4986.9094,1361.3891,-4922.6167,0.188293,-7.155169,-2.095162,767.2631515324547,7.457989104219313,0.0010447904407416275
TIROS 4,226,12,3487.8633,3808.0697,4909.8251,-3.653957,6.167473,-2.105311,754.5152622203395,7.471376002470963,0.0010485383481085762
TIROS 4,226,24,-3033.2848,6266.2007,-1704.4886,-4.01485,-3.38512,-5.258382,796.3823170053856,7.431597351500147,0.0010368635329899847
TIROS 5,309,1,-3638.4637,1048.5066,5973.6632,-1.032813,-7.412829,0.508354,701.6541138030698,7.501677163509904,0.0010606594133975176
TIROS 5,309,6,-3777.4131,-833.8219,5879.4533,-0.040805,-7.435852,-1.240883,666.9030823003031,7.538789732683754,0.001071169870418241
TIROS 5,309,12,2258.1973,6428.0763,-2303.4726,-3.219134,3.259854,5.788324,821.05158374853,7.382016427795864,0.0010264131648438932
TIROS 5,309,24,-3578.7931,1220.1553,5979.5088,-1.45824,-7.341846,0.462176,703.6776956977437,7.4995182005440855,0.001060050863533288
FTV 3502,369,1,2795.2963,-612.851,-6352.7894,-6.888681,-1.262485,-2.845859,596.5821425905733,7.559544149144642,0.0010849594585954857
FTV 3502,369,6,-1750.5216,-1209.4891,-6601.1943,-7.277829,-0.600777,2.081745,564.6294553153475,7.593509742009619,0.0010948551664896231
FTV 3502,369,12,6906.2602,753.6363,-967.5705,-0.930243,-1.223788,-7.358469,643.3132447340822,7.517318347120468,0.0010717112402648986
FTV 3502,369,24,-6789.2386,-1074.8257,-841.9151,-1.100943,0.967333,7.471767,554.1593547526727,7.6141388695260215,0.0010994893372815325
TIROS 6,397,1,-5819.1362,2366.9338,2973.5554,0.799111,-5.080155,5.566787,579.3059964725326,7.57863250974178,0.0010904027122817528
TIROS 6,397,6,-3832.2241,-1331.0249,5632.7087,4.781825,-5.559683,1.931315,570.5398966005023,7.583264667696822,0.0010924470334616376
TIROS 6,397,12,-4053.4178,5250.1253,-2124.5718,-4.469628,-1.037287,6.013153,593.7553338514463,7.563831554190112,0.0010860154006310774
TIROS 6,397,24,3391.9912,-5428.9924,2709.0269,4.959846,0.21925,-5.725256,580.1430373039229,7.578040589212491,0.0010901862540512067
ALOUETTE 1 (S-27),424,1,5366.6853,-5047.4822,-112.973,0.903487,0.823758,7.261294,997.2528843194523,7.363508440693812,0.000999356096526527
ALOUETTE 1 (S-27),424,6,2454.0404,-3678.8871,-5915.7179,4.81832,-3.563462,4.238306,1014.9490149715339,7.340143513411709,0.0009937982916661113
ALOUETTE 1 (S-27),424,12,64.9284,1604.7044,7186.8954,-5.39875,4.894532,-1.02635,993.1535426040036,7.359099087797635,0.0009993136407630387
ALOUETTE 1 (S-27),424,24,4501.929,-3220.6506,4848.7651,-2.911742,4.078007,5.403362,987.7008366490463,7.369172509153047,0.0010014230327793526
ANNA 1B,446,1,4848.9162,5378.2409,-1768.7959,-4.466629,2.274943,-5.361076,1083.2673971968597,7.3394329586600895,0.0009845948055767421
ANNA 1B,446,6,5408.9382,-1288.9005,5011.0292,3.83288,5.567352,-2.773009,1114.2047796684974,7.305885045659082,0.0009760434431271021
ANNA 1B,446,12,350.0719,5432.8396,-5119.9995,-6.576782,-1.933719,-2.558758,1102.4658181126388,7.317142416889875,0.000979082877338664
ANNA 1B,446,24,5858.689,-788.0516,4584.8226,3.353674,5.532091,-3.404885,1110.0333775792178,7.310567829777794,0.0009772136362454535
EXPLORER 16,506,1,-5199.9674,2174.0974,-4590.6196,0.212976,-6.482472,-3.626341,898.1229716970447,7.430891672985214,0.0010222542254296743
EXPLORER 16,506,6,-3983.2771,5826.4568,-1160.3506,-3.413187,-3.35369,-5.844544,781.6574650664634,7.553527432994799,0.0010560448993798713
EXPLORER 16,506,12,3067.5748,-6852.6131,-320.3193,4.112701,1.65051,5.661116,1143.7139603473352,7.1893481721889785,0.0009567028379423083
EXPLORER 16,506,24,914.0303,-7004.0692,-2595.9941,4.911437,-1.262805,5.079769,1154.3984688481141,7.1778090644955865,0.0009538111628518547
TRANSIT 5B-1,670,1,889.7618,-455.5104,-7400.0713,6.45866,-3.271173,0.950101,1096.2766809815666,7.301886995957278,0.0009778514052592266
TRANSIT 5B-1,670,6,-6006.6658,3040.8545,-3179.3969,2.787637,-1.416463,-6.629769,1074.4949312177696,7.330151735639515,0.0009845083239403416
TRANSIT 5B-1,670,12,6054.7123,-3069.4096,-3176.0952,2.769671,-1.398883,6.588044,1123.5578287052058,7.28218887710735,0.0009716635782321336
TRANSIT 5B-1,670,24,-3912.5201,1978.3583,-6024.3133,5.270722,-2.673162,-4.320764,1079.7761899442257,7.320881574183809,0.0009825662974636486
RADIATION SAT (5E 1),671,1,-6396.625,3223.3924,-2038.6291,1.771,-0.897207,-7.054233,1076.3537959713967,7.3282756920805046,0.0009840106825654896
RADIATION SAT (5E 1),671,6,-3675.1339,1856.6406,6195.7459,-5.44717,2.743566,-4.067455,1068.1525564317053,7.330962118459009,0.0009854566179209273
RADIATION SAT (5E 1),671,12,-1806.728,906.3612,-7198.2671,6.26119,-3.157844,-2.000318,1105.6841536734619,7.292170530477191,0.0009753214634450466
RADIATION SAT (5E 1),671,24,-5958.7334,3006.3715,3281.09,-2.896543,1.456286,-6.582215,1066.0911596125952,7.337321348480656,0.0009865848341790212
TRANSIT 5B-2,704,1,111.4016,353.3652,7419.7447,-2.397441,-6.923008,0.353125,1057.989749234528,7.334879711499706,0.0009873320544365378
TRANSIT 5B-2,704,6,2338.3897,6762.3716,2126.1614,-0.701352,-1.99576,6.995153,1093.4690597793106,7.308017384962422,0.0009790404818395063
TRANSIT 5B-2,704,12,-2093.523,-6029.1912,3818.4785,-1.230733,-3.580693,-6.279882,1066.3895375090242,7.333006478345836,0.000985965094521841
TRANSIT 5B-2,704,24,1501.4499,4359.6211,5841.5662,-1.894019,-5.44891,4.514714,1071.079252921032,7.32533758008851,0.0009843132988960443
TRANSIT 5E 3,705,1,2426.8813,6992.857,-907.5948,0.271712,0.814045,7.263956,1086.4479674836302,7.314475609563887,0.0009808282459974056
TRANSIT 5E 3,705,6,579.5421,1639.844,-7284.2599,2.315913,6.68335,1.703618,1118.0186059827902,7.275502356263312,0.0009714894219185267
TRANSIT 5E 3,705,12,1364.1145,3957.8887,6135.7615,-1.994589,-5.731788,4.124393,1056.8705236144351,7.3377378376659115,0.0009878656089033894
TRANSIT 5E 3,705,24,1876.1275,5386.1146,-4830.5595,1.531343,4.436551,5.584078,1103.2484547698614,7.2945132304584925,0.0009759527361982907
TIROS 8,716,1,3287.1385,4327.3014,4430.1881,-1.923631,5.882576,-4.32234,640.2326680838241,7.5490184590804255,0.0010767034580730266
TIROS 8,716,6,2295.1894,6214.7815,2297.1248,-3.200701,3.385038,-5.942784,641.002982129261,7.5511357307030975,0.0010768871248269384
TIROS 8,716,12,1690.8622,-5457.5573,4102.5753,3.624747,4.659573,4.66698,662.8517722754314,7.5253646872917725,0.0010698782020050074
TIROS 8,716,24,1566.9902,6823.5021,431.1089,-3.759964,1.279416,-6.420487,643.3776687072996,7.549628328568301,0.001076307647683254
GGSE 1 (GGRS),728,1,-3993.0419,-608.0011,-6073.6944,5.454198,-3.802961,-3.206093,923.0943658104798,7.381722056226041,0.0010120135120305403
GGSE 1 (GGRS),728,6,-6221.49,1514.4676,-3488.4719,2.470791,-3.575267,-5.974989,920.7752384888672,7.3883581286434,0.0010132454562840514
GGSE 1 (GGRS),728,12,6294.4243,-1731.1123,3202.5421,-2.16684,3.535289,6.140535,900.3687133794965,7.409428721928972,0.00101898679794568
GGSE 1 (GGRS),728,24,6408.007,-2129.4243,2700.0666,-1.573044,3.409991,6.386682,901.369710480556,7.408927926167254,0.001018777677857865
SECOR 1B,729,1,-1321.14,2796.8654,6592.4452,-3.731788,-6.118215,1.83336,911.0464623840599,7.397297165368511,0.0010158266915186256
SECOR 1B,729,6,997.8385,5675.482,4466.5023,-3.873763,-3.472656,5.251958,919.8449716278801,7.392458475248204,0.0010139371367812304
SECOR 1B,729,12,-1330.4237,-5896.0801,-4071.6385,3.81481,2.985592,-5.588923,916.7999315170518,7.396120282046054,0.001014863244263959
SECOR 1B,729,24,-2035.1288,-6255.2184,-3133.5349,3.584826,1.918082,-6.181756,915.1888140375559,7.398927169024979,0.0010154728840913677
SOLRAD 7A,730,1,-30.6232,3475.3012,6389.5645,-5.28612,-4.570844,2.448731,902.5954459098102,7.404860770946136,0.0010180468278738462
SOLRAD 7A,730,6,2871.4804,5350.7154,4018.3664,-4.452347,-1.850062,5.614981,910.6772452526538,7.400954995310673,0.001016380532402172
SOLRAD 7A,730,12,-3184.1012,-5427.3898,-3684.2881,4.265767,1.457606,-5.857357,920.7103135538164,7.3912119692898814,0.0010136458596758996
SOLRAD 7A,730,24,-3826.3402,-5500.7946,-2871.7231,3.803815,0.630678,-6.308738,919.1587171061519,7.3937093834254135,0.0010142041717248601
GREB,731,1,3991.9462,4874.6706,3649.1339,-4.439198,-0.784148,5.87046,910.0868791910461,7.401598988104395,0.001016551390048341
GREB,731,6,5765.9172,4460.2042,-95.6913,-1.493132,2.055123,6.94453,919.2935117764064,7.39455682481736,0.0010143016619114898
GREB,731,12,-5873.0026,-4280.5723,476.5686,1.120519,-2.334902,-6.934023,912.0334604229301,7.401891997556706,0.001016319921881407
GREB,731,24,-6038.8384,-3840.7418,1340.6424,0.297685,-2.875722,-6.815633,910.2216585034375,7.403461796429965,0.0010167884104700712
OPS 3367 A,734,1,-5891.7156,-3958.1213,-1118.9198,0.289396,1.610184,-7.261414,814.4727371015124,7.44342500721731,0.0010358991369884246
OPS 3367 A,734,6,-5854.3426,-4163.3577,-93.2046,-0.602469,0.996353,-7.35316,813.3971016213463,7.4447733465949115,0.0010362419060765454
OPS 3367 A,734,12,5487.1257,3340.2313,3162.2656,-2.103725,-2.800779,6.595841,789.0012088018211,7.468275596129739,0.0010430550747601765
OPS 3367 A,734,24,1777.2064,-54.8453,6936.3785,-5.759343,-4.515753,1.447972,789.643636601063,7.46047450645346,0.0010418720557911632
OPS 3367 B,735,1,4746.1498,3491.1369,-4124.9177,4.206215,1.335142,5.984163,821.2820307851489,7.435392094365838,0.0010338015198152833
OPS 3367 B,735,6,4027.1609,3256.7841,-4991.8943,4.925715,1.910603,5.228238,822.3077433732878,7.43286920841999,0.0010333033805299647
OPS 3367 B,735,12,-5643.4414,-3746.4061,2336.2675,-2.69552,-0.310238,-6.954982,794.3426528608825,7.465510719794595,0.0010418916556368544
OPS 3367 B,735,24,-5586.2039,-2682.7232,-3628.0971,2.739962,2.810183,-6.329791,809.9307437979005,7.447870457964075,0.0010371734143790102
OPS 4412 (TRANSIT 9),801,1,7135.9444,598.5123,-641.862,-0.670633,-0.116275,-7.430102,818.7083584931779,7.4612119810871205,0.001037762814436446
OPS 4412 (TRANSIT 9),801,6,6986.2531,605.2085,1606.062,1.646363,0.081309,-7.271905,822.9867148595613,7.456388174597337,0.001036475110413503
OPS 4412 (TRANSIT 9),801,12,-7212.5898,-611.0133,266.1209,0.254264,0.080929,7.401222,872.3147942953392,7.406030433236215,0.0010224642506313584
OPS 4412 (TRANSIT 9),801,24,-6196.0486,-499.6827,3721.4573,3.789457,0.374734,6.347182,873.9945127629007,7.401832831584958,0.0010216478174753297
OPS 4467 A,812,1,1970.6997,6854.3219,-916.2491,0.971564,-1.248446,-7.27709,819.6118258219522,7.447052631015307,0.0010356632803167679
OPS 4467 A,812,6,1700.5323,6961.3669,583.0893,1.378604,0.28064,-7.313962,818.7449434269502,7.448043228651402,0.0010359259316230118
OPS 4467 A,812,12,-2036.0183,-6593.1245,2021.4772,-0.653178,2.364046,7.031251,819.3429167568202,7.446733889081911,0.0010356576835476904
OPS 4467 A,812,24,-1890.0622,-3298.8394,6097.4684,0.89358,6.384714,3.724514,814.6661066222496,7.445472625320169,0.0010361562191789685
OPS 4467 B,813,1,1736.0853,6710.1647,1931.7605,1.769991,1.583378,-7.054196,824.2763045877837,7.443227474515407,0.0010344602707987082
OPS 4467 B,813,6,1288.2712,6209.3812,3394.6607,2.111544,3.091994,-6.433956,822.0368301425633,7.444114102424009,0.0010349056008206855
OPS 4467 B,813,12,-1884.265,-6865.3859,-1014.3116,-1.508515,-0.651971,7.264417,820.1616702754209,7.447982145518006,0.0010357133502232538
OPS 4467 B,813,24,-2322.9051,-5593.8347,3866.8859,0.116209,4.209431,6.146537,815.0755157560734,7.4506866104951035,0.001036822754528372
EXPLORER 20,870,1,-3501.7595,-275.5518,-6483.6725,6.156547,-2.216325,-3.261333,1003.025866348703,7.311050567854322,0.0009914598484415727
EXPLORER 20,870,6,-6466.8827,1116.4951,-3298.3239,2.88543,-1.960619,-6.464388,973.7990927726878,7.345614022163497,0.0010001109532582874
EXPLORER 20,870,12,6810.719,-1466.6661,2082.4734,-1.82669,1.782001,6.968375,900.4302724813206,7.420955063920411,0.0010205633260357272
EXPLORER 20,870,24,7021.2967,-1963.8729,88.7038,0.188224,1.294334,7.285021,920.3148663954807,7.401503884223327,0.0010151123658553947
COSMOS 44,876,1,1349.0003,2622.6079,-6298.1182,-6.427163,4.076023,0.3464,583.4350502189418,7.6185550260596,0.0010954958916209521
COSMOS 44,876,6,-671.1084,3734.9525,-5826.3354,-6.516008,2.954078,2.626132,582.1604939840108,7.621122382403526,0.0010960659385034254
COSMOS 44,876,12,5421.5697,-4435.5588,1138.8609,2.787033,1.843058,-6.685672,725.8023806334313,7.474130439458293,0.0010531687425670126
COSMOS 44,876,24,-223.3488,3601.8927,-5942.6823,-6.417747,3.409739,2.296117,581.6245855437946,7.621413903064116,0.0010961923528721655
OPS 5798 (TRANSIT 5B-4),897,1,549.4284,2027.9774,-7137.7087,1.934294,6.738445,2.078629,1069.5274939141927,7.312238563948935,0.0009827580866988007
OPS 5798 (TRANSIT 5B-4),897,6,-1557.5468,-5379.8301,-4919.7489,1.303792,4.644863,-5.482036,1083.69336580033,7.30255739952306,0.000979591921650967
OPS 5798 (TRANSIT 5B-4),897,12,2037.7673,7138.4392,-148.3973,0.066648,0.125308,7.334138,1054.0812480196619,7.335511178766754,0.000987936823010954
OPS 5798 (TRANSIT 5B-4),897,24,113.6743,508.0349,-7424.8063,2.002333,7.009875,0.52491,1072.034992435424,7.309118651835801,0.000982007831383874
EXPLORER 22,899,1,-7041.5451,-1697.2703,-250.9267,0.081391,-1.353724,7.337049,876.5546272773272,7.461332400547372,0.0010294965383862659
EXPLORER 22,899,6,-5123.9152,-280.3678,-5164.4667,-4.934106,-2.1573,5.109469,909.4415645946074,7.423342829965285,0.0010196281041613764
EXPLORER 22,899,12,3881.8702,-244.4781,6254.4317,6.04946,2.110176,-3.573316,994.2292347891344,7.33603409741476,0.0009960360857152316
EXPLORER 22,899,24,117.7371,-1316.7992,7198.2375,7.201223,1.595628,0.26286,947.6368446756051,7.380564801538768,0.001008461679159312
CALSPHERE 1,900,1,28.3957,-4.3596,7328.1151,-2.484553,-6.951581,-0.00269,957.1714118010814,7.3822414784041035,0.0010073783845334116
CALSPHERE 1,900,6,1868.9284,5174.8768,4865.0984,-1.630001,-4.624726,5.503247,973.4826707663597,7.370937618653817,0.0010036020165168007
CALSPHERE 1,900,12,-2328.9019,-6490.5369,-2569.2337,0.831313,2.406238,-6.90509,987.7916885383374,7.359438193552074,0.001000087854778488
CALSPHERE 1,900,24,-2254.2235,-6348.2678,2913.4283,-1.016428,-2.770058,-6.762655,968.6247933876002,7.378336523334578,0.0010052743472638893
CALSPHERE 2,902,1,-1966.4364,-6983.791,-1720.3264,0.423675,1.617127,-7.111772,1085.5227666428354,7.305607518867818,0.0009797606401136271
CALSPHERE 2,902,6,-1197.1407,-4357.6043,5900.3118,-1.591115,-5.606967,-4.436272,1061.0616539553967,7.32463208224809,0.000985545118338714
CALSPHERE 2,902,12,-242.6037,-753.7571,-7417.199,1.955145,6.985987,-0.765207,1088.3463069263044,7.2946657283279945,0.0009779229208804266
CALSPHERE 2,902,24,-2008.0257,-7172.5524,249.5007,-0.099564,-0.245518,-7.305203,1081.5113714711451,7.310005673707032,0.000980878164331337
EXPLORER 25 (INJUN-4),932,1,-423.9639,1576.3127,6812.3808,-3.432934,-6.879488,1.822825,634.2151487940137,7.901587307062107,0.0011279578341605123
EXPLORER 25 (INJUN-4),932,6,2239.7993,2164.9077,-7444.5807,2.12224,5.769142,3.106634,1699.0252820305514,6.8875305330517405,0.0008534707503814318
EXPLORER 25 (INJUN-4),932,12,3112.2107,6426.6739,-847.0853,-0.940439,0.733802,7.628662,819.6568798414928,7.721358351881423,0.0010738043103583087
EXPLORER 25 (INJUN-4),932,24,-3068.2732,-4621.7843,5311.075,-1.768176,-5.377503,-4.523005,1309.0200651554114,7.245795961246079,0.0009434605508546227
OPS 6582 (TRANSIT 5E-5),959,1,6818.5436,868.3114,-2751.5323,-2.671802,-0.341883,-6.827412,1032.8794905383356,7.339547978631722,0.0009913111076444686
OPS 6582 (TRANSIT 5E-5),959,6,5817.9973,742.3377,4465.4988,4.44453,0.56517,-5.851281,1000.6237950976592,7.369582986218488,0.000999723153414241
OPS 6582 (TRANSIT 5E-5),959,12,-2283.9869,-292.5402,-7078.9374,-6.881927,-0.876561,2.249457,1073.0265072812845,7.2931018925350966,0.000979725406055639
OPS 6582 (TRANSIT 5E-5),959,24,5675.6934,722.3871,-4719.3499,-4.596504,-0.587002,-5.672348,1045.7110076960653,7.3244762408737465,0.0009875639260142927
OPS 6582 (TRANSIT 5B-5),965,1,-2710.8913,-1114.8723,6784.0232,6.243609,2.595565,2.898632,1019.1855635607162,7.356743742005018,0.0009954748333085718
OPS 6582 (TRANSIT 5B-5),965,6,-6848.6876,-2841.8961,447.4529,0.440269,0.193711,7.310514,1057.398843849688,7.3263207470106035,0.0009862583984806363
OPS 6582 (TRANSIT 5B-5),965,12,5605.1493,2333.0305,4233.34,3.91111,1.614457,-6.010047,1030.4794159560252,7.350096446928979,0.000993057743440281
OPS 6582 (TRANSIT 5B-5),965,24,-2832.4458,-1165.8581,6725.1472,6.189872,2.574447,3.030918,1018.8294419385002,7.357224793012444,0.0009955879023755244
TIROS 9,978,1,-1912.0015,6790.935,-1078.5718,1.090499,-0.603529,-7.773145,765.936670447797,7.872434090792187,0.001103055057695817
TIROS 9,978,6,2431.7022,-8459.9626,1065.003,-0.971209,0.808198,6.21085,2495.7002979063527,6.338066633555141,0.0007148168338397223
TIROS 9,978,12,2244.7147,-8216.6545,2203.317,-1.228042,1.710374,6.036157,2427.1112211232794,6.3928599000986255,0.0007266173090367492
TIROS 9,978,24,1730.2873,-7230.1132,4323.7722,-1.694201,3.466567,5.296347,2229.199826913813,6.552762420407061,0.0007619314146516202
SECOR 3,1208,1,1824.1269,1682.3919,6840.4373,-5.158006,5.30681,0.054562,905.6382284486635,7.400691540929132,0.001017048162707261
SECOR 3,1208,6,4298.9286,-1491.4549,5691.3476,-3.260544,5.401585,3.853243,915.745661175346,7.392952678410027,0.0010145753704291567
SECOR 3,1208,12,-4459.6293,1839.4696,-5458.2254,2.932667,-5.326144,-4.210384,913.5155240378072,7.395652714201837,0.0010152566344044836
SECOR 3,1208,24,-4759.8336,2617.6299,-4850.8292,2.203491,-5.068665,-4.918477,911.7567665435326,7.398523735775605,0.0010158960367540899
GGSE 2,1244,1,2462.9543,1048.6987,6769.1583,-5.066732,5.296289,1.004538,908.2456297152848,7.398077245121803,0.0010163247156987564
GGSE 2,1244,6,4777.4261,-2014.5235,5124.7464,-2.839108,5.039834,4.599902,919.0706949470941,7.390504677816259,0.001013776818781576
GGSE 2,1244,12,-4901.2712,2337.6043,-4850.9284,2.493311,-4.934713,-4.91822,910.3707213171392,7.399789193179087,0.001016263211474079
GGSE 2,1244,24,-5126.5821,3054.8956,-4168.9151,1.728211,-4.610771,-5.527372,908.7035836596924,7.402551161683787,0.0010168753544168808
OPS 4988 (GREB 6),1271,1,2232.294,1129.8824,6825.7147,-2.46792,6.974056,-0.360665,898.8109952090126,7.406629831425424,0.0010188201366316922
OPS 4988 (GREB 6),1271,6,3170.1674,-2794.8493,5926.8859,-0.794814,6.491133,3.460892,908.3626386760034,7.398939812834605,0.001016426874177593
OPS 4988 (GREB 6),1271,12,-3178.495,3134.0481,-5760.5921,0.562349,-6.329729,-3.774052,916.6271378769798,7.390884528251406,0.0010141688629811687
OPS 4988 (GREB 6),1271,24,-3149.3653,3898.2341,-5288.7048,0.073456,-5.919585,-4.42908,914.9542513517026,7.393485781589155,0.001014758743539668
PORCUPINE 1,1272,1,3445.1492,3340.1888,5503.2711,-6.085885,-0.570398,4.13732,930.5003273300808,7.381108784866201,0.0010109030273186648
PORCUPINE 1,1272,6,6261.9285,3028.1198,2240.6071,-3.056195,1.454563,6.557226,936.6383489356322,7.3792475371185375,0.0010097992244229403
PORCUPINE 1,1272,12,-6508.091,-2814.3164,-1641.8404,2.464076,-1.756003,-6.763608,907.1361049833449,7.409562082029477,0.0010180576421147365
PORCUPINE 1,1272,24,-6885.6386,-2323.4232,-398.1749,1.16926,-2.272299,-6.955582,906.9707025446469,7.410170892207884,0.0010181644300405078
SOLRAD 7B,1291,1,-3201.9706,1929.0288,6251.6963,-6.59511,-1.761133,-2.847903,913.0561819584755,7.396459751340367,0.001015431452829853
SOLRAD 7B,1291,6,1007.8041,2563.4664,6751.8125,-7.284443,-0.309771,1.188394,921.050543095681,7.387242258916787,0.0010130541766350258
SOLRAD 7B,1291,12,-1580.4345,-2562.0038,-6634.2466,7.186956,0.032751,-1.738874,914.2497987108345,7.394395983568435,0.001014981804038746
SOLRAD 7B,1291,24,-2799.8882,-2479.1348,-6249.9352,6.805032,-0.5324,-2.850676,912.3490437620321,7.397179458280028,0.0010156288561531304
GGSE 3,1292,1,2057.8807,-2586.7753,-6488.3274,1.63349,6.857745,-2.20546,910.8041636474509,7.386542484594874,0.0010143835673953308
GGSE 3,1292,6,975.9509,-5545.7176,-4621.6493,2.477989,4.708917,-5.124107,913.7172979018933,7.387205245859831,0.0010140688984577968
GGSE 3,1292,12,-965.2696,5442.4852,4692.2497,-2.515902,-4.812309,5.059361,879.4894869279897,7.421941424816421,0.0010236469466230582
GGSE 3,1292,24,-958.8931,5279.5357,4876.0636,-2.570426,-4.971651,4.8741,879.4461528961838,7.421674628901283,0.0010236162675226134
OSCAR 3,1293,1,4643.037,-2458.913,4983.4975,5.60957,0.972675,-4.756228,870.4979843568453,7.418563002934531,0.001024451435180978
OSCAR 3,1293,6,1997.5357,-2649.3894,6439.9163,7.052676,-0.188073,-2.273952,873.4416635523085,7.412588475870558,0.0010232104584628264
OSCAR 3,1293,12,-2860.3287,2677.4649,-6091.5808,-6.733363,-0.098332,3.104131,871.7657152295305,7.415084337831499,0.001023791826130677
OSCAR 3,1293,24,-4366.9801,2651.2299,-5138.5329,-5.801455,-0.670626,4.5669,874.9682265955616,7.413716676465388,0.0010231505914218783
OPS 4682 (SNAPSHOT),1314,1,7610.7987,651.2977,718.008,-0.69993,-0.091063,7.175972,1301.2865583873354,7.210601127482576,0.0009398242717615852
OPS 4682 (SNAPSHOT),1314,6,-2081.5297,-147.1955,-7415.6127,6.877724,0.600312,-1.949312,1332.6188978689506,7.173791130975587,0.0009312235231366483
OPS 4682 (SNAPSHOT),1314,12,6978.5195,614.9222,-3165.5727,2.930975,0.224277,6.567061,1316.5688122395622,7.194943001933719,0.0009359191673807821
OPS 4682 (SNAPSHOT),1314,24,-5877.8328,-528.6043,4874.7609,-4.605983,-0.37387,-5.552742,1283.5172782418576,7.224112533159558,0.0009437711446147316
SECOR 4 (EGRS 4),1315,1,-3380.0786,-885.5037,6830.8525,-6.231843,-1.559615,-3.25653,1301.6523459393038,7.202308919074077,0.0009386987177759784
SECOR 4 (EGRS 4),1315,6,7379.7226,1861.8733,743.1935,-0.679809,-0.204942,7.197703,1276.1703535782372,7.232639212352154,0.0009457928721266009
SECOR 4 (EGRS 4),1315,12,167.414,7.0603,7658.3047,-6.990011,-1.768362,0.176764,1289.1376079855236,7.212392353086527,0.0009415486669022456
SECOR 4 (EGRS 4),1315,24,-2111.0918,-500.3324,-7370.9123,6.691149,1.702671,-2.009992,1312.579194152182,7.191010451564231,0.0009358933213100952
EXPLORER 27,1328,1,3797.9592,5264.8897,3994.067,-4.049248,5.213565,-2.795281,1251.0816604468182,7.1687701346667545,0.0009405265456374696
EXPLORER 27,1328,6,5033.1749,-3781.903,3896.8001,2.584193,6.227899,3.000746,1033.0996005428651,7.380328988057781,0.0009967895336681666
EXPLORER 27,1328,12,-600.3411,7641.8215,287.3664,-5.36046,-0.260256,-4.685972,1299.7512488712882,7.124647232103495,0.0009288069709145959
EXPLORER 27,1328,24,5513.4486,-1803.1491,4671.968,1.208717,7.062701,1.572724,1077.271419241968,7.335952765773917,0.0009849201717894054
OPS 8480 (TRANSIT 5B-6),1420,1,-949.4519,3061.9754,-6666.8573,1.928471,-6.346441,-3.186963,1026.576530133504,7.358875384710017,0.0009947684021563224
OPS 8480 (TRANSIT 5B-6),1420,6,-2162.9151,7095.0038,391.7603,-0.11628,0.325624,-7.328051,1056.7019854379287,7.336203615384255,0.0009876814699575915
OPS 8480 (TRANSIT 5B-6),1420,12,1501.7877,-4965.6771,-5318.828,1.550522,-5.04644,5.084544,1058.8887374522446,7.329615462902539,0.0009865040678140639
OPS 8480 (TRANSIT 5B-6),1420,24,-1526.3891,4967.8507,-5267.9325,1.519598,-5.024829,-5.157381,1029.0349382043833,7.3591210983381705,0.0009944711288246782
TIROS 10,1430,1,-4378.6967,-3710.5586,4273.6269,2.437752,3.863945,5.885251,784.7750659889016,7.4504285185169055,0.0010411770143430694
TIROS 10,1430,6,-4342.0521,-3689.3019,4329.856,2.46909,3.911247,5.840014,785.2572570579114,7.449833692325285,0.0010410237397457773
TIROS 10,1430,12,2068.8594,745.3435,-6751.2175,-4.686267,-5.494108,-2.037862,729.3277306239079,7.503279459142982,0.0010567511449902703
TIROS 10,1430,24,-3655.3692,-4835.4014,-3740.8883,-3.388297,-2.32812,6.255642,751.9962768842925,7.485569859855227,0.0010509018352498044
SECOR 5 (EGRS 5),1506,1,-6265.1303,3432.134,3054.8488,-3.315518,-1.399786,-6.387562,1398.3952570837537,7.331644342026146,0.0009436570156913451
SECOR 5 (EGRS 5),1506,6,6722.5966,-3803.1681,-3467.1688,3.858693,0.814195,5.454596,2095.324593994883,6.7309020710072724,0.0007950205542298088
SECOR 5 (EGRS 5),1506,12,4851.8449,-3955.3026,-5404.0309,5.423064,-0.268145,4.247199,1898.725966401642,6.893491440099277,0.0008335816045303376
SECOR 5 (EGRS 5),1506,24,-211.3666,-2881.2685,-7297.4441,6.810503,-2.490572,0.24778,1477.5077818214977,7.255845569511041,0.0009244872746787402
DODECAPOLE 2,1510,1,-3050.6231,-1385.4142,-6446.1656,5.968204,2.730988,-3.390674,893.8967471285241,7.38745048146084,0.001016869301601672
DODECAPOLE 2,1510,6,-5053.3507,-2302.8035,-4691.2246,4.337129,1.988846,-5.638148,898.5835853539711,7.386129517159918,0.0010160319955658467
DODECAPOLE 2,1510,12,4272.1944,1945.0727,5464.5492,-5.135496,-2.352818,4.860393,832.9052436090033,7.4520126020820046,0.0010344406748954828
DODECAPOLE 2,1510,24,2522.0547,1144.0454,6654.7055,-6.244381,-2.857447,2.876473,836.961229001131,7.445226279348331,0.0010329170819333166
TEMPSAT 1,1512,1,-4625.7983,-2956.1946,-5155.4703,-4.157877,-2.657161,5.331437,1160.0006267118406,7.264479761966372,0.0009646101656398566
TEMPSAT 1,1512,6,3437.3634,2196.7052,-6379.247,-5.125497,-3.275536,-3.894827,1201.0389041773678,7.2228479801414895,0.0009538841613923516
TEMPSAT 1,1512,12,-6296.4643,-4023.862,-526.3353,-0.387613,-0.247711,7.292842,1119.9249712064648,7.307335288205544,0.0009754917204875765
TEMPSAT 1,1512,24,3569.3535,2281.0557,-6276.3248,-5.043083,-3.222868,-4.043858,1201.0375401578522,7.223043113153694,0.0009539101034360584
OPS 8464 (TRANSIT 5B-7),1514,1,4777.0974,5288.3016,2512.074,1.614824,1.788768,-6.827067,1185.2761439167452,7.239902715595632,0.0009581310393776685
OPS 8464 (TRANSIT 5B-7),1514,6,-680.1813,-754.1241,7444.5815,4.826754,5.343475,1.028572,1142.5306926379662,7.2738050297849615,0.0009680941394053402
OPS 8464 (TRANSIT 5B-7),1514,12,4684.0589,5186.048,-2841.3458,-1.851942,-2.049253,-6.705077,1172.7886762654507,7.251702186749123,0.0009612811940987555
OPS 8464 (TRANSIT 5B-7),1514,24,-389.0426,-431.81,7495.5437,4.855752,5.375561,0.606719,1147.0442522855938,7.269325381023056,0.0009669170780436783
NAVSPASUR ROD 1,1515,1,6111.7463,4138.9279,699.1925,0.607879,0.408425,-7.314399,1043.380429207713,7.3509700441824,0.0009914476488452739
NAVSPASUR ROD 1,1515,6,1720.8803,1168.4421,7098.6694,5.845045,3.957174,-2.084737,1026.1476393591647,7.360020752516259,0.0009949809185035919
NAVSPASUR ROD 1,1515,12,2859.9549,1933.8061,-6626.0421,-5.334108,-3.61366,-3.406425,1100.5046659560903,7.288002334788937,0.0009754397086836762
NAVSPASUR ROD 1,1515,24,5432.0688,3680.1536,3427.1794,2.843141,1.922549,-6.511834,1031.4631446100939,7.360952889866773,0.0009943923726559117
CALSPHERE 4(A),1520,1,-3586.4282,5489.9465,3679.6308,1.91639,-2.960902,6.360333,1148.4190354658467,7.272779878189151,0.000967199705706863
CALSPHERE 4(A),1520,6,-2647.442,4080.4961,-5664.8203,-3.0495,4.663101,4.749552,1095.5645779549313,7.321352701987864,0.0009805517149887371
CALSPHERE 4(A),1520,12,-1249.4986,1893.5657,7191.9184,3.767213,-5.78764,2.194225,1170.2550735190625,7.245915670748176,0.0009608368368538596
CALSPHERE 4(A),1520,24,-2952.1317,4547.5563,-5139.697,-2.768835,4.231942,5.289589,1099.731900397951,7.318164533372422,0.0009795779892707163
COSMOS 80,1570,1,-1033.0554,-7272.8987,-2746.8209,3.91384,-2.642787,5.335678,1471.657968865381,7.125442189271695,0.0009085493996498424
COSMOS 80,1570,6,-1766.0808,7432.0102,-1467.1186,-3.70491,-2.072476,-5.796345,1407.5766044629681,7.184645449686505,0.0009236452650687152
COSMOS 80,1570,12,-4139.7618,3298.3946,-5672.4019,-1.310744,-6.491144,-2.824345,1387.4262587957883,7.1993003091478975,0.0009279330716053394
COSMOS 80,1570,24,-1107.8989,-7390.4956,-2387.8498,3.858475,-2.418153,5.477745,1474.2974356362429,7.123270564990424,0.0009079669220231083
COSMOS 81,1571,1,4262.4029,3963.6189,5182.7916,-5.951757,1.790386,3.585321,1422.5667082149348,7.175194777083476,0.000920656105954716
COSMOS 81,1571,6,226.2139,-4388.8443,-6520.8291,7.081965,0.619645,-0.096812,1492.4813644849764,7.109680776982466,0.000904139076248465
COSMOS 81,1571,12,5576.7824,-2730.0593,-4741.0055,4.949671,3.175476,4.082196,1441.2249628064674,7.158716017361843,0.0009163479100312726
COSMOS 81,1571,24,5501.9814,3308.2549,4404.9154,-5.048598,2.639009,4.375549,1414.8608702234806,7.183184483158288,0.00092259348104073
COSMOS 82,1572,1,-5176.7714,-1458.0586,5684.8265,-1.312227,-6.407488,-2.894388,1454.7363451622987,7.1522950207759886,0.0009139453088267385
COSMOS 82,1572,6,5191.2676,5238.1776,-2888.7627,-1.546496,4.460562,5.262356,1549.3985885094708,7.069699703989979,0.000892593930089119
COSMOS 82,1572,12,2907.6373,7185.1551,1619.0589,-4.191657,0.391759,5.682562,1547.4695617951647,7.072126582830231,0.000893117859156983
COSMOS 82,1572,24,-4124.8151,1615.9707,6477.8174,-3.340957,-6.268864,-0.626147,1476.775428756181,7.131108580855714,0.0009086789811448447
COSMOS 83,1573,1,2174.9458,-5628.03,5115.2179,5.974308,-1.069755,-3.654381,1539.155818839351,7.084577075030661,0.000895630533365419
COSMOS 83,1573,6,-5118.9182,5447.598,-2341.3656,-4.226552,-1.616038,5.5443,1462.3671164294738,7.156436481667953,0.0009135836959126112
COSMOS 83,1573,12,-6848.2048,3308.7363,1859.56,-0.545117,-4.306715,5.69398,1458.6620795076933,7.160052714562512,0.0009144778716954175
COSMOS 83,1573,24,-2424.5666,-3677.2627,6529.3176,5.767305,-4.161169,-0.144412,1505.0886539142393,7.113226359067312,0.0009031419873025677
COSMOS 84,1574,1,4060.3546,-1978.7636,6433.4003,4.249674,5.645055,-0.990243,1489.7012589505157,7.13491108972985,0.000907668521508275
COSMOS 84,1574,6,-5904.7221,-1228.3547,-5176.5369,-2.002873,-5.722578,3.613855,1577.0269642410067,7.058282169284393,0.0008880546330605485
COSMOS 84,1574,12,-6220.4403,-4487.2329,-2095.5177,1.16687,-4.19488,5.555109,1580.1213709589283,7.058175388383388,0.0008876955914876384
COSMOS 84,1574,24,-1388.283,-6057.6344,4889.6234,5.612119,1.920468,3.892575,1536.634362183163,7.09480212125821,0.0008972091773979616
PORCUPINE 2,1577,1,805.6161,496.7632,-7399.0502,-6.169364,-3.840665,-0.91813,1088.3387669131562,7.324938395892556,0.0009819822674341121
PORCUPINE 2,1577,6,6358.6007,3957.6544,-498.578,-0.444985,-0.281585,-7.268601,1135.2248323617277,7.287651354150458,0.0009708810376597127
PORCUPINE 2,1577,12,-3787.7824,-2361.601,-5983.5954,-4.99625,-3.107296,4.358596,1094.1100932171066,7.322237471246887,0.0009808612840016874
PORCUPINE 2,1577,24,6278.9734,3907.9622,-1245.433,-1.062167,-0.665761,-7.18505,1128.9185910265314,7.293584848859305,0.0009724885357536947
OPS 8068,1580,1,815.577,6709.3306,-1945.8683,0.888233,-2.278565,-7.198703,662.2557456678796,7.602771942109206,0.0010809747600593251
OPS 8068,1580,6,656.9975,6954.2905,-913.8237,1.013506,-1.171343,-7.431422,673.7764924146595,7.591131126371682,0.0010775545731713846
OPS 8068,1580,12,-1040.2287,-5926.5316,4186.3454,-0.573901,4.245599,5.900694,959.1664621073514,7.291958784046849,0.0009947876111329784
OPS 8068,1580,24,-1099.7473,-570.5446,7178.046,0.377466,7.304391,0.522267,913.182153307429,7.332760140719591,0.0010066689693351647
COSMOS 86,1584,1,3560.0197,-6921.0265,-1727.5787,4.171375,0.652717,5.596687,1601.382093376109,7.0106571909260404,0.0008793679365607524
COSMOS 86,1584,6,-5440.6861,4806.0831,-2478.7459,-1.427574,-4.472372,-5.570765,1299.9635144227896,7.285156245207442,0.0009497055006858055
COSMOS 86,1584,12,-4753.4095,-329.1466,-6089.9148,2.777276,-6.370117,-1.974297,1361.4188731755112,7.224230147086539,0.0009342781690407478
COSMOS 86,1584,24,3278.8943,-7068.9089,-1677.4502,4.176246,0.510047,5.609603,1599.8506472365762,7.0120485175399345,0.0008797114420869183
COSMOS 87,1585,1,-4101.6118,2730.3205,6222.7325,-1.563882,-6.573336,1.999189,1566.2708884840094,7.046362872896982,0.0008877563802339637
COSMOS 87,1585,6,4253.7395,1693.9026,-6203.4462,-0.71072,7.05906,1.506595,1339.1459459884054,7.252949710016263,0.0009407019997838015
COSMOS 87,1585,12,2588.0499,6463.1611,-3312.9649,-3.23566,3.987021,5.127518,1339.135544727812,7.256533120600016,0.0009411680350499196
COSMOS 87,1585,24,-3313.7774,4662.1593,5447.0448,-2.704111,-5.620232,3.35544,1527.5534782347513,7.082245521566235,0.0008966509552770726
COSMOS 88,1586,1,-4635.4175,-3788.0581,4914.1694,5.812754,-1.994969,3.809336,1374.0332768928893,7.230425377277121,0.0009335563991505256
COSMOS 88,1586,6,415.5272,4514.4165,-6621.9219,-6.946408,-0.222705,-0.596001,1654.1148801192685,6.97548556098355,0.0008692069416057856
COSMOS 88,1586,12,-4527.7892,3442.5654,-5621.677,-5.708888,-2.564888,3.138998,1626.211005422002,7.001668450668883,0.0008755137817323871
COSMOS 88,1586,24,-7248.3839,-1890.0992,2212.5111,2.773863,-3.590268,5.555615,1439.6817573911603,7.1728096505356955,0.0009183333636334813
COSMOS 89,1587,1,-5408.9453,5356.028,-1618.6865,-1.97682,-3.830272,-5.776257,1411.2793049631891,7.207214846002095,0.0009261059085100756
COSMOS 89,1587,6,5915.1096,-2667.8612,4704.9113,-0.725968,5.619918,4.10177,1644.122912553823,6.995357388772071,0.0008727698208863988
COSMOS 89,1587,12,4417.494,1379.9321,6518.0648,-3.486858,5.997513,1.017904,1622.9748922326153,7.011737976461256,0.0008771278457822335
COSMOS 89,1587,24,-1998.208,6843.7161,3313.5376,-4.851201,0.948137,-5.143789,1490.858348716095,7.133840493709612,0.000907398757047642
COSMOS 90,1588,1,4761.004,3383.2142,-5225.9731,-0.585488,6.167722,3.593883,1466.3523751979692,7.162372922790114,0.0009138765975938647
COSMOS 90,1588,6,-4055.0869,-6319.3597,2809.2893,2.422657,-3.954474,-5.248734,1645.866168000448,7.004023140958416,0.0008736609785149185
COSMOS 90,1588,12,-2158.0615,-7709.1948,-645.1199,3.897372,-0.602298,-5.773626,1660.506308750887,6.99192595606275,0.0008705622192495271
COSMOS 90,1588,24,2775.1816,-4330.1357,-6076.3685,3.637069,5.61993,-2.212885,1589.7764848151146,7.050442832821638,0.0008856476307644229
OV1-2,1613,1,-5451.1685,2618.2073,-3254.2148,2.184083,7.111045,2.926874,496.3256399929496,7.993983422223866,0.00116406063164817
OV1-2,1613,6,127.6302,-8066.2309,-1602.8635,-5.533883,1.185485,-3.568836,1853.9341516938057,6.690726876641282,0.0008134687467696533
OV1-2,1613,12,-5815.0787,885.6001,-3785.1851,0.531682,7.568495,2.052928,623.7876354879936,7.859981913931673,0.001123691286073379
OV1-2,1613,24,6648.1161,-3565.954,3604.1648,-1.376179,-5.953403,-2.416109,1989.8300733093638,6.570727404201988,0.0007858941452689014
OV2-1,1641,1,-5042.1708,-4946.556,381.3115,4.615579,-4.385193,3.997518,702.7049060263234,7.517555275008891,0.0010627465203707376
OV2-1,1641,6,-4058.4183,-5662.9238,1215.8532,5.633226,-3.213462,3.804224,701.323809493706,7.518756109536736,0.0010631238489736217
OV2-1,1641,12,-1471.2585,5958.16,-3568.2867,-6.919083,-2.526566,-1.34781,728.0803723312738,7.488246597792102,0.0010548192448951003
OV2-1,1641,24,-6221.6476,-3342.5541,-444.1105,2.801316,-5.718512,3.989737,705.6376836901027,7.514436249990347,0.0010618653357524948
EXPLORER 29 (GEOS 1),1726,1,-2894.0045,-3457.8519,6818.8619,6.492794,-2.199606,1.052935,1803.8932359771807,6.935655167026184,0.0008484092656406582
EXPLORER 29 (GEOS 1),1726,6,989.58,3968.8285,-6907.1731,-6.774245,1.951436,-0.435751,1656.4471952281228,7.06317044365503,0.0008798775341497977
EXPLORER 29 (GEOS 1),1726,12,1361.7841,3854.4573,-6877.6545,-6.710407,2.167723,-0.699921,1629.8392330996348,7.086499454358195,0.0008857195161529059
EXPLORER 29 (GEOS 1),1726,24,2091.0962,3583.1453,-6779.1967,-6.532035,2.588005,-1.231838,1576.9004432527609,7.133209374432661,0.0008974960652015063
EXPLORER 30,1738,1,543.6316,6854.3184,-1526.9778,-3.787456,1.708737,6.329551,672.3569586376898,7.571513781847458,0.0010749865193985459
EXPLORER 30,1738,6,531.4437,6889.4996,-1364.1146,-3.783078,1.553946,6.372071,672.3263296969999,7.571638934473896,0.001075008963101618
EXPLORER 30,1738,12,1637.8857,-6540.2939,-2534.378,3.32262,3.14944,-5.81811,831.8595510065097,7.403322223846534,0.0010278309845444665
EXPLORER 30,1738,24,3541.3543,1124.1735,-6046.5649,-0.610247,7.399247,1.119285,725.8939280605537,7.508265876968063,0.0010579650693778833
A-1 (ASTERIX),1778,1,-6989.7824,3369.3761,-1472.9014,-2.872939,-5.043453,3.713256,1527.0498755530107,6.890462015167489,0.000872425741004203
A-1 (ASTERIX),1778,6,-614.9546,6616.575,-4350.1579,-6.804181,0.142752,0.753237,1571.361591215711,6.847234711358594,0.000862115711142095
A-1 (ASTERIX),1778,12,-5761.0068,-3374.2703,3047.0956,4.934886,-4.908665,2.589467,967.9162008192798,7.426535616241936,0.0010119390129312111
A-1 (ASTERIX),1778,24,-5612.4127,5127.9474,-2447.982,-4.663686,-3.744906,3.252175,1615.7162666900877,6.808151752572574,0.0008524344079890617
ALOUETTE 2,1804,1,-7708.057,4449.884,-1121.2082,0.254948,-1.42742,-6.046255,2599.6587359263776,6.21769457790659,0.0006931146040597323
ALOUETTE 2,1804,6,5009.2381,-2094.0295,4607.7314,-3.375904,3.381414,6.234942,749.9981423890149,7.855265126014271,0.0011031129300897301
ALOUETTE 2,1804,12,2811.6951,-260.2087,6974.2641,-5.360551,4.006065,3.297141,1153.207442612711,7.460241455992359,0.0009914986412710945
ALOUETTE 2,1804,24,-2805.7963,3297.5334,7229.8323,-5.448297,2.886039,-2.512757,2056.1403505182316,6.657860696258146,0.0007900498175337398
EXPLORER 31 (ISIS-X),1806,1,-5423.2408,-3297.5619,5472.4729,-2.225938,-3.183845,-5.507406,2009.5378646212594,6.739672826829578,0.0008042052832051924
EXPLORER 31 (ISIS-X),1806,6,6248.1719,5114.0369,-604.6286,0.375429,1.89602,6.713331,1725.8266160545381,6.986032628753032,0.0008628111925851292
EXPLORER 31 (ISIS-X),1806,12,6282.4013,5323.5931,326.6918,-0.255633,1.363452,6.719721,1870.1126142527955,6.861413841536888,0.000832583434143376
EXPLORER 31 (ISIS-X),1806,24,6101.7618,5525.7503,2157.3762,-1.41688,0.343705,6.472047,2138.975646863848,6.634235029876015,0.000779583315531685
FR 1,1814,1,-1065.9455,6867.9239,1105.3728,-1.66208,-1.421607,7.202489,666.5043539696153,7.52723881539373,0.0010695892232234104
FR 1,1814,6,-1555.6762,5800.5619,3664.8962,-1.104984,-4.19166,6.153329,664.4893896410986,7.526915767968777,0.0010698496367646073
FR 1,1814,12,1622.8638,945.8532,-6781.7707,-0.948351,7.414907,0.805497,666.0973431294215,7.518579709949148,0.001068420592091115
FR 1,1814,24,-1618.2729,4948.7242,4730.105,-0.874102,-5.317216,5.254334,663.3849551730573,7.52627836853089,0.00106992699667312
OPS 1509 (TRANSIT 10),1864,1,-3454.4354,-6270.3411,-1423.4361,-0.556703,-1.264919,7.285878,928.0733503579468,7.41579102575403,0.0010159907524960492
OPS 1509 (TRANSIT 10),1864,6,-1971.8011,-3392.5658,-6230.3674,-2.905916,-5.445462,3.981985,992.0822502722058,7.345312024191008,0.0009975865778111413
OPS 1509 (TRANSIT 10),1864,12,1013.4739,1611.6471,7051.4078,3.41699,6.300947,-1.850578,932.8953773189041,7.402863816861215,0.0010135500899765954
OPS 1509 (TRANSIT 10),1864,24,-1372.6455,-2723.7932,6595.373,3.288631,5.885483,3.150202,895.508795437152,7.441624596702927,0.0010240990283223402
OPS 1593 (TRANSIT 11),1952,1,-120.3433,38.8956,-7328.0918,7.298089,-1.16959,-0.273298,958.183092731515,7.396264977461597,0.0010091527096378053
OPS 1593 (TRANSIT 11),1952,6,-6000.7937,972.4231,-3922.2671,3.985215,-0.621952,-6.32074,863.5912751941769,7.498034211320258,0.00103641434963014
OPS 1593 (TRANSIT 11),1952,12,7432.0176,-1192.0178,441.4163,-0.382699,0.042125,7.186479,1168.9363652574875,7.196784938961773,0.0009544888166593969
OPS 1593 (TRANSIT 11),1952,24,4338.2413,-678.4541,-6003.4719,5.895273,-0.954945,4.182827,1066.8970412961553,7.291241691885066,0.00098028268627586
ESSA 1 (OT-3),1982,1,-1446.1221,-110.9718,-6912.0737,-5.881827,4.554667,1.172923,691.601978218463,7.5310443301541525,0.0010663271629040398
ESSA 1 (OT-3),1982,6,-1985.7902,305.4746,-6769.5001,-5.717579,4.525099,1.890759,690.3602835120382,7.532741876443331,0.0010667550689959762
ESSA 1 (OT-3),1982,12,5163.1529,-3108.4486,3852.9889,2.752375,-3.059154,-6.20109,782.049981032118,7.44227844980561,0.0010404342860095266
ESSA 1 (OT-3),1982,24,3084.3734,-3148.3241,-5549.4903,-5.209568,2.970492,-4.51883,715.7585325776736,7.508877814799493,0.001059564507564544
DIAPASON (D1-A),2016,1,-4106.3563,5238.5455,-4458.8158,-4.83344,-4.987591,-0.013229,1640.5890656254696,6.94538560652481,0.0008669173555499353
DIAPASON (D1-A),2016,6,7416.3337,3503.1669,1887.087,-1.208828,5.604893,-3.256449,2045.3698364900938,6.593978371562497,0.0007834706054590878
DIAPASON (D1-A),2016,12,3336.6371,7694.3163,-2166.0747,-5.388015,1.302573,-3.172812,2290.843341201813,6.387028890485623,0.0007373752489962991
DIAPASON (D1-A),2016,24,-6718.7737,-887.3393,-2593.8984,0.310495,-6.775426,3.550727,885.5556550376386,7.655747308723689,0.0010550111750895102
ESSA 2 (OT-2),2091,1,-6157.5092,-2780.2108,3856.7495,-3.832555,0.029539,-6.037086,1408.3963998675072,7.150927055420298,0.0009192136109097214
ESSA 2 (OT-2),2091,6,7041.7744,1724.8312,2686.5805,-2.027319,-2.035568,6.597614,1360.7102992784885,7.195975952112472,0.0009307094644743725
ESSA 2 (OT-2),2091,12,1337.8043,-1137.2192,7539.3999,-6.716628,-2.391193,0.855341,1370.158744404299,7.180703578335065,0.0009276006106354091
ESSA 2 (OT-2),2091,24,-6810.7768,-1583.4067,-3451.5403,2.651108,2.207527,-6.244728,1426.8835487295664,7.134295822110056,0.0009149015598306001
OPS 1117 (TRANSIT 12),2119,1,47.7899,-4873.3617,5527.6175,0.130857,-5.444859,-4.931017,998.2939526032724,7.347009033519627,0.0009969759763653106
OPS 1117 (TRANSIT 12),2119,6,-67.5333,911.5084,7383.1285,0.121121,-7.224647,0.832679,1068.4888774291276,7.273482583212185,0.0009776857930763774
OPS 1117 (TRANSIT 12),2119,12,104.9079,-3475.6297,-6375.1046,-0.088529,6.531464,-3.589582,890.7467691971779,7.453385693888449,0.001026390196571459
OPS 1117 (TRANSIT 12),2119,24,132.4893,-7043.9715,-1808.5525,0.017799,1.903005,-7.200499,902.6476442485846,7.447746684966332,0.0010239355890239489
OV1-4,2121,1,3189.3232,6515.8335,-682.552,5.642245,-2.260467,4.245516,915.5455399993543,7.414111261936254,0.0010175070232165064
OV1-4,2121,6,-1058.0946,6469.8975,-3121.0367,6.393369,2.465534,2.894534,889.8544900584739,7.438571916199574,0.0010244761035198308
OV1-4,2121,12,2298.0792,-5994.3777,3622.3107,-5.94066,-3.639143,-2.268502,1000.2188155734748,7.326725348616051,0.00099396389280109
OV1-4,2121,24,4301.6577,-4298.163,4163.7375,-4.630012,-5.596223,-0.967198,998.8829102940663,7.327359344066387,0.000994230089304637
OV1-5,2122,1,6979.5391,-1845.9842,1728.3094,-2.46494,-5.691325,3.876977,1052.52187962067,7.314236810341459,0.0009852785414993894
OV1-5,2122,6,6084.8232,3649.8626,-2129.637,4.18072,-4.76825,3.674431,1037.233536134373,7.329124842343798,0.0009893215172814525
OV1-5,2122,12,-3080.8125,-5616.7797,3681.5464,-6.64345,2.258542,-2.177595,1017.7349224235468,7.346996655252335,0.0009943510942523404
OV1-5,2122,24,4179.2062,-4779.7694,3835.6788,-6.014883,-3.714411,1.891288,1046.8428020593856,7.31796671757627,0.0009865356968126384
OPS 0340,2125,1,1290.5918,-5696.5678,-4058.5909,-0.329471,-4.287493,6.09964,741.5714047584006,7.463025893998359,0.001049272544245461
OPS 0340,2125,6,1190.783,-6540.0935,-2448.2554,-0.657339,-2.612748,6.994237,713.1189745416059,7.495191650958232,0.0010580273535627945
OPS 0340,2125,12,-171.6845,5787.4635,-4205.3609,1.404821,-4.194446,-5.953631,785.0652338153895,7.417049371085378,0.001036470340716953
OPS 0340,2125,24,1394.536,-5407.1431,-4407.096,-0.169838,-4.655252,5.828416,742.6785359186433,7.461276646714287,0.001048863342508456
OAO 1,2142,1,-4366.9756,5652.9344,-277.1039,-4.745529,-3.870434,-4.283723,777.6313230641517,7.473325068463569,0.0010454204071696682
OAO 1,2142,6,-4060.3115,5882.4056,-108.4176,-5.000266,-3.525509,-4.292024,777.4669332615204,7.473509469881804,0.0010454702441313499
OAO 1,2142,12,5940.5097,-3237.326,2328.2102,2.019397,6.260548,3.530966,783.7535150733274,7.4659323863178,0.0010434926053831057
OAO 1,2142,24,4351.4244,3991.0734,4028.692,-4.599574,5.830511,-0.81483,777.0011488504197,7.470936181730975,0.0010451783689112153
OPS 1527 (OV3-1),2150,1,-3813.5015,-4104.5231,6070.0994,4.630918,3.063379,3.81289,1889.5090820612404,6.735564012943905,0.0008153933306085275
OPS 1527 (OV3-1),2150,6,-3930.1123,-1905.3622,-7194.2978,-4.500494,-4.045803,2.63401,2045.300175188915,6.600074002535502,0.0007842013551266135
OPS 1527 (OV3-1),2150,12,-6878.5437,-5031.4433,-2509.6039,-0.971597,-1.775642,5.876734,2513.1373722393455,6.215537607426167,0.0006996219606923381
OPS 1527 (OV3-1),2150,24,-1031.6658,-2061.7873,7356.2738,5.714588,4.319712,0.953496,1338.089791531641,7.226726948951648,0.0009374293391795924
NIMBUS 2,2173,1,-1267.3698,-760.7505,7314.8661,-5.841405,4.388371,-0.544673,1091.7229343002882,7.326423485207158,0.0009817359628257578
NIMBUS 2,2173,6,5720.2407,-4533.3422,1703.131,-2.163682,-0.034403,6.974919,1123.864933499358,7.302889730791093,0.0009743857688682013
NIMBUS 2,2173,12,-4825.2166,2257.257,5254.7489,-3.72498,3.816151,-5.001213,1111.667332109304,7.310992814014386,0.0009770570425657926
NIMBUS 2,2173,24,5807.2603,-4454.1466,1612.6239,-2.092021,-0.118359,6.99647,1123.2811509242738,7.303502801958934,0.0009745434758686881
OPS 0082 (TRANSIT 13),2176,1,1039.8157,7063.079,1204.1749,-0.145892,-1.195331,7.333225,869.0510246819049,7.431439266780695,0.0010264346537678165
OPS 0082 (TRANSIT 13),2176,6,986.8647,6799.9775,-2240.4051,0.365112,2.300494,7.070126,856.2408946096684,7.443941232469262,0.001029983826610957
OPS 0082 (TRANSIT 13),2176,12,-1008.8601,-6947.9863,1966.3836,-0.313001,-1.945019,-7.111166,920.0202844806745,7.379007414003458,0.001012067876111944
OPS 0082 (TRANSIT 13),2176,24,-1034.3179,-7112.08,1207.7719,-0.201688,-1.181404,-7.284903,916.675103013994,7.3828317859727095,0.001013057207080947
OV3-3,2389,1,5292.8376,1831.7493,-3726.8885,3.773238,2.851814,6.54144,356.49085837034,8.072211925416726,0.0011998844881926944
OV3-3,2389,6,-2794.7591,-2333.1328,-6225.8418,6.47793,2.480177,-3.004034,841.162866165454,7.559039311273953,0.0010480960360359866
OV3-3,2389,12,5340.756,3068.9927,3778.8758,-3.484552,-0.470305,6.679225,855.4993707890771,7.54820084751022,0.0010445169175578321
OV3-3,2389,24,616.2708,-861.1185,-6801.2661,7.13384,3.309565,0.733302,512.2067623299026,7.898267244024413,0.0011474691254735638
OPS 2366 (TRANSIT 14),2401,1,2087.8618,6933.3051,1728.1044,-0.643986,-1.612298,7.106833,1073.207904329688,7.315825182362479,0.000982754011760937
OPS 2366 (TRANSIT 14),2401,6,1480.1961,4421.8702,-5833.3449,1.581425,5.466537,4.552379,1097.053915342287,7.287529510241107,0.000975827115451013
OPS 2366 (TRANSIT 14),2401,12,-4.8348,492.3449,7390.6006,-2.162781,-7.004112,0.450848,1035.9834686306276,7.34428148164332,0.000991534747275614
OPS 2366 (TRANSIT 14),2401,24,2190.9332,7116.4135,228.7893,-0.215937,-0.199916,7.305099,1078.55528428637,7.311023635225508,0.0009814040377211413
OPS 6026 (DMSP 4A F1),2418,1,-1311.944,-6827.059,1889.4905,-0.730519,2.083149,7.061892,833.1728184578733,7.398884131085309,0.0010270275738150762
OPS 6026 (DMSP 4A F1),2418,6,-1314.3379,-6748.9558,2152.1716,-0.685817,2.352302,6.980598,833.7020133782498,7.398136122990506,0.00102684831506606
OPS 6026 (DMSP 4A F1),2418,12,1395.3605,3698.9374,-5848.5035,-0.29527,-6.315599,-4.117069,688.3315550122206,7.544814924997299,0.0010687718612168568
OPS 6026 (DMSP 4A F1),2418,24,59.3537,-5090.564,-5029.0713,-1.456007,-5.195696,5.129524,785.0410032561567,7.444946593162438,0.0010403722658624821
ESSA 3 (TOS-A),2435,1,-5467.4353,-2321.7598,4999.3693,-4.823121,-0.086402,-5.328353,1392.8335071254987,7.187580064169999,0.000925777202405664
ESSA 3 (TOS-A),2435,6,7644.0773,1836.6931,139.7961,0.175271,-1.361022,6.966352,1491.881295144809,7.100222601850522,0.0009030051879626855
ESSA 3 (TOS-A),2435,12,5025.9226,37.2235,5996.0676,-5.230865,-2.172815,4.332494,1452.9446722170005,7.131169464574937,0.000911454485343931
ESSA 3 (TOS-A),2435,24,-6564.7735,-2374.4713,3395.3469,-3.415437,0.39847,-6.314627,1391.908323055577,7.19016706280167,0.0009262207878260156
ESSA 4 (TOS-B),2657,1,4231.9403,-6439.8805,-496.61,-1.037327,-1.173282,7.032854,1350.9169284021918,7.205114387833756,0.0009330732840873268
ESSA 4 (TOS-B),2657,6,-1745.6488,4997.5415,-5759.9602,3.71938,-3.976914,-4.568232,1452.0334450740875,7.107628025833935,0.0009085514047379383
ESSA 4 (TOS-B),2657,12,2765.6031,-1453.1525,-7130.3712,3.186137,-5.884946,2.490347,1413.7547260511228,7.140440223550226,0.000917233808234864
ESSA 4 (TOS-B),2657,24,1235.7612,-4297.9824,6269.8751,-4.015588,4.542439,3.918617,1330.3695031296356,7.219020587805107,0.0009373684232228418
OPS 6073 (DMSP 4A F2),2669,1,2310.0726,-6546.5324,1699.6988,-0.568377,-2.052801,-7.176063,776.2021023783818,7.48551431363931,0.001047334916015366
OPS 6073 (DMSP 4A F2),2669,6,2391.5305,-6122.7273,2810.6217,-0.149605,-3.155731,-6.78316,777.9021578915472,7.482798900544234,0.0010467060165712443
OPS 6073 (DMSP 4A F2),2669,12,-2159.6298,6878.8548,183.3931,1.175278,0.175223,7.322735,841.2310876495558,7.418519350735563,0.0010286025587060378
OPS 6073 (DMSP 4A F2),2669,24,-598.4328,4636.0202,5475.6501,2.499208,-5.219293,4.654063,828.5520088790163,7.4261270158193495,0.001031470709102581
DIADEME 1,2674,1,-2868.9074,6060.796,-1562.8824,-5.025264,-3.530576,-4.623304,514.2363227140231,7.6872091839553836,0.0011164771728452798
DIADEME 1,2674,6,-4585.6985,3954.9971,-3336.0207,-3.092044,-6.183818,-3.284378,542.7303176171945,7.654245880682433,0.0011071079618448954
DIADEME 1,2674,12,4558.8582,3341.8925,4109.0711,-3.203559,6.554367,-2.029232,617.2686606997804,7.572337786112952,0.0010835785161921185
DIADEME 1,2674,24,-5261.9545,1452.6007,-4306.2392,-1.113854,-7.405672,-1.353171,581.8346738094806,7.610237858315665,0.001094551821717054
DIADEME 2,2680,1,6937.7447,-1299.4248,-2091.9416,1.843889,5.718919,4.35043,990.8629429678804,7.418369251916623,0.0010076755448161008
DIADEME 2,2680,6,312.1245,-6133.8985,-5014.719,6.815283,0.86341,-0.234589,1558.0314137833693,6.873761066338428,0.00086691056039827
DIADEME 2,2680,12,5183.3369,3921.4824,2559.9126,-5.319746,4.091964,3.977009,614.567847501743,7.801311906845733,0.00111677562614122
DIADEME 2,2680,24,3267.0552,-5332.9726,-4650.648,6.161247,2.820775,1.754939,1422.7650241780957,6.9998247899040305,0.0008981313611828075
OPS 0100 (TRANSIT 15),2754,1,-4259.1262,-2813.8534,-5403.9397,4.419246,2.972546,-5.015418,1062.7400563548154,7.315748946304541,0.0009841276249699627
OPS 0100 (TRANSIT 15),2754,6,-5950.2364,-3979.5539,2019.0971,-1.672679,-1.080827,-7.039595,1066.6686910697072,7.315869039628512,0.0009836239477045493
OPS 0100 (TRANSIT 15),2754,12,3520.5063,2379.4241,-6080.0674,5.004083,3.31813,4.205007,1046.738418449606,7.330274022015685,0.0009882087515763055
OPS 0100 (TRANSIT 15),2754,24,-4242.2815,-2805.0124,-5420.787,4.432779,2.984088,-4.997563,1062.032933383587,7.316416253436788,0.000984311023374719
ESSA 5,2757,1,680.7957,-5819.9623,5047.0011,-2.482587,4.249376,5.246575,1362.541495457369,7.193537643786262,0.0009301737952801699
ESSA 5,2757,6,1630.5896,199.7668,-7603.3367,2.07922,-6.832014,0.297377,1407.7825648733296,7.147587298153483,0.0009188568054890573
ESSA 5,2757,12,2790.9283,-6383.7934,-3382.9513,-0.304827,-3.443172,6.298521,1374.0925396534894,7.184686472557727,0.0009276437222374577
ESSA 5,2757,24,-1806.6118,368.9912,7533.9416,-2.065316,6.818109,-0.796263,1385.3056111648439,7.168415116391209,0.0009242048309794042
COSMOS 158,2801,1,-554.5878,1992.7744,-6871.5531,-7.400182,0.134399,0.672657,805.1381984549189,7.431905823136755,0.0010356414017691166
COSMOS 158,2801,6,-202.5828,1985.7342,-6894.3258,-7.41761,0.281602,0.334299,806.4583482212647,7.430477348051402,0.0010352518938536008
COSMOS 158,2801,12,4134.0978,-1827.8976,5527.1279,6.10627,0.849225,-4.222783,769.1062372354809,7.472590760814753,0.0010465657670253382
COSMOS 158,2801,24,7052.1268,-133.4375,-1378.3767,-1.304269,2.10524,-7.004381,815.8087700165906,7.429300523947191,0.0010337412280875314
OPS 7218 (TRANSIT 16),2807,1,-7300.7344,1293.3646,-694.3913,0.643063,-0.155868,-7.289386,1075.8579982024776,7.31935605858801,0.0009828784247470216
OPS 7218 (TRANSIT 16),2807,6,-3373.373,637.4736,6584.2028,-6.409303,1.1204,-3.383405,1054.4794120887445,7.333613740839779,0.000987628317829633
OPS 7218 (TRANSIT 16),2807,12,-2205.8734,351.8576,-7126.1437,6.844277,-1.230554,-2.189996,1097.0389166470604,7.290711438512774,0.0009762551480899484
OPS 7218 (TRANSIT 16),2807,24,-6987.0403,1258.1965,2220.6205,-2.1806,0.348844,-6.986046,1067.6118322881039,7.326769220499033,0.0009849645855556535
OPS 5712 (P/L 160),2826,1,-6925.7479,-1101.525,326.144,0.737929,-2.50437,7.070114,649.3782810269859,7.536771210467849,0.0010735562826915536
OPS 5712 (P/L 160),2826,6,-5851.4613,-1999.7243,3316.4005,4.061771,-1.714967,6.114431,645.9087850568812,7.538259873557756,0.001074299254054882
OPS 5712 (P/L 160),2826,12,-1396.3212,2229.7966,-6511.4427,-7.325828,-1.305111,1.122915,651.8620808274663,7.525424154499864,0.00107156086334721
OPS 5712 (P/L 160),2826,24,-3621.6686,-2388.6805,5510.4766,6.420073,-0.779189,3.872681,642.3893616748364,7.538045565716024,0.001074807796485421
GGSE 4,2828,1,-1594.9602,2142.3348,-6770.6082,-7.009936,-2.148892,0.968152,907.3673878681275,7.395556628602339,0.0010161010339941822
GGSE 4,2828,6,2291.9627,2916.6976,-6261.206,-6.821225,-0.632829,-2.791751,906.562674582271,7.39753044534911,0.0010164846083958632
GGSE 4,2828,12,-2566.8391,-2914.7338,6157.3935,6.73442,0.461273,3.020863,908.9609067627207,7.395322763862169,0.0010158464940371154
GGSE 4,2828,24,-3090.5618,-2882.3281,5928.1544,6.533894,0.125478,3.462039,909.2748647223625,7.395487108314165,0.0010158252601354491
GGSE 5,2834,1,-2549.2338,-503.9026,-6805.3587,-0.505252,-7.338623,0.733778,913.6014189531934,7.392502774630321,0.0010148122525134166
GGSE 5,2834,6,-1835.6582,3544.8682,-6095.1051,-1.884709,-6.413081,-3.157799,915.0165908845202,7.392660580037678,0.0010146368029530126
GGSE 5,2834,12,1674.1318,-3961.8794,5879.576,2.059885,6.147817,3.554881,913.8211785665408,7.3943193738758,0.0010150310066129593
GGSE 5,2834,24,1305.5823,-4745.6743,5370.828,2.368066,5.526426,4.305613,914.0369325994343,7.395094605182614,0.001015107359592192
TIMATION 1,2847,1,6857.4216,-2362.3591,460.6402,0.402421,2.548646,6.941926,896.5416002493857,7.405935166070049,0.0010190426933113
TIMATION 1,2847,6,5840.6575,-3307.6482,-2794.124,3.648482,1.088902,6.347086,899.5533197030818,7.401528839457697,0.001018014518839945
TIMATION 1,2847,12,-5950.4803,3307.6663,2512.771,-3.411057,-1.200772,-6.474212,885.9201629399777,7.415698502108685,0.0010218795764048178
TIMATION 1,2847,24,-6141.7082,3317.1035,1987.0571,-2.930815,-1.417519,-6.662587,886.5582093649036,7.415463721990352,0.0010217573883763954
SURCAL 159,2872,1,-1029.1459,4261.0502,-5811.5748,-5.228994,3.734412,3.658099,908.4293558219169,7.393909624250286,0.0010157265443254573
SURCAL 159,2872,6,1742.8498,1789.7085,-6834.5255,-4.99177,5.4531,0.149635,905.7658166580113,7.394353114108427,0.0010161592801545482
SURCAL 159,2872,12,-1829.7958,-1690.8912,6829.0087,4.92077,-5.529181,-0.055857,898.2933318590722,7.401955142265455,0.0010182496157948348
SURCAL 159,2872,24,-1975.9692,-1521.1539,6828.2658,4.768569,-5.660022,0.113449,898.3587958143526,7.401889625213686,0.0010182314332146658
OPS 5712 (P/L 152),2873,1,6693.7819,1126.6636,-2619.8165,-2.896628,2.267317,-6.425611,904.9552971417315,7.404029772508617,0.0010176024274664245
OPS 5712 (P/L 152),2873,6,7194.1835,-257.6029,1055.6271,1.099838,2.523862,-6.874418,904.7806495258683,7.405210723538662,0.001017789166585338
OPS 5712 (P/L 152),2873,12,-7163.5054,396.8742,-1251.9632,-1.33399,-2.500315,6.833564,911.9067411720334,7.397884924856631,0.0010157874029931755
OPS 5712 (P/L 152),2873,24,-7064.0482,671.6134,-1639.7904,-1.800017,-2.439328,6.747993,911.9083535985101,7.397688275395362,0.0010157601765976004
OPS 5712 (P/L 153),2874,1,-2657.534,-6742.7453,736.7381,2.625981,-0.279483,6.911699,913.90797263903,7.399018179883801,0.0010156639188406156
OPS 5712 (P/L 153),2874,6,-3676.6231,-5498.1766,-3051.8858,0.721754,-3.938594,6.22078,913.3332076781608,7.398077813983305,0.0010156149647554907
OPS 5712 (P/L 153),2874,12,3760.1559,5239.4682,3388.3221,-0.473135,4.247186,-6.03765,914.0206632832869,7.397003661572772,0.0010153716788826534
OPS 5712 (P/L 153),2874,24,3876.8475,4670.8155,4027.4391,0.043681,4.811405,-5.617553,913.691460693809,7.396514571850379,0.0010153504251703641
OPS 7202 (DMSP 4A F3),2920,1,4695.2803,-3144.2577,-4541.3735,2.997986,-3.714537,5.653262,878.5577000310604,7.39899158137168,0.0010206128273646238
OPS 7202 (DMSP 4A F3),2920,6,3490.6106,-1776.9959,-6094.4369,4.413579,-4.542833,3.828762,873.6006044178012,7.401110032135315,0.0010216035964249117
OPS 7202 (DMSP 4A F3),2920,12,-4328.1352,2667.0107,5088.7172,-3.557345,4.043742,-5.156199,822.1038589032869,7.456067391003786,0.0010365577276873342
OPS 7202 (DMSP 4A F3),2920,24,-5436.9364,4076.1347,2356.8524,-1.228078,2.394766,-6.958224,821.3504326176153,7.460560367895699,0.00103729099934588
OPS 4947 (TRANSIT 17),2965,1,5441.5496,1515.9926,4884.7519,-4.628125,-1.160017,5.511846,1096.8977454882533,7.290104716917995,0.0009761923589971926
OPS 4947 (TRANSIT 17),2965,6,6575.9282,1710.0725,-3060.2853,2.902662,0.861883,6.651174,1081.0148794945108,7.307968566585998,0.0009806701522691694
OPS 4947 (TRANSIT 17),2965,12,-2758.3713,-641.3219,6887.1579,-6.513239,-1.769522,-2.800309,1075.6670361723382,7.307203355257468,0.0009812716641905135
OPS 4947 (TRANSIT 17),2965,24,6381.1398,1738.9007,3468.8322,-3.292765,-0.786988,6.457957,1097.3008524939169,7.291560880306631,0.00097633464750844
OPS 1264 (DMSP 4A F4),2980,1,-6742.0734,775.0478,1903.2984,2.078563,1.016765,7.165599,677.3187798733225,7.529943176345689,0.0010683318123816505
OPS 1264 (DMSP 4A F4),2980,6,-5908.2552,991.8965,3745.0624,4.039782,0.754712,6.28563,694.1843963857764,7.5098983553286525,0.0010629444235270593
OPS 1264 (DMSP 4A F4),2980,12,313.8158,-1139.2483,-6912.1939,-7.539845,0.393957,-0.372318,641.4739968558697,7.559304560275237,0.0010779796921406833
OPS 1264 (DMSP 4A F4),2980,24,-6598.2701,720.891,2392.8092,2.581737,1.00101,6.993459,684.6635417258703,7.52169234560614,0.0010660503156257753
ESSA 6 (TOS-D),3035,1,4082.106,3830.0646,5476.431,4.885411,1.737843,-4.894529,1459.9821052770994,7.130480563286811,0.0009105474214379525
ESSA 6 (TOS-D),3035,6,-6610.7904,-4180.119,-601.1571,-1.265947,0.956855,6.942788,1473.5735655785375,7.121832524763413,0.0009078673895052162
ESSA 6 (TOS-D),3035,12,-5441.3991,-2027.3077,5293.9593,3.605106,3.478154,5.040448,1486.7863133338378,7.106367606566381,0.000904372723206741
ESSA 6 (TOS-D),3035,24,4493.0244,4066.4384,4953.798,4.49588,1.483373,-5.337678,1456.0878457312538,7.134713649699826,0.0009115412769502727
COSMOS 192,3047,1,-634.7285,3358.2933,-6200.0738,-5.207418,4.502121,2.974519,708.6842643569616,7.498937191810983,0.00105921915608084
COSMOS 192,3047,6,-1672.246,4223.0291,-5430.04,-4.90751,3.644285,4.347769,708.2454305217316,7.501170764533094,0.001059600325790692
COSMOS 192,3047,12,4623.0009,-5366.6457,186.1865,1.690101,1.202733,-7.207537,714.7384091929016,7.500106510300971,0.0010584791700143032
COSMOS 192,3047,24,602.8908,2255.2268,-6684.3278,-5.051736,5.370123,1.35961,709.2375224292946,7.497119246812405,0.0010588796241739746
COSMOS 198,3081,1,-1598.0119,-7006.2474,1228.1675,2.820943,-1.815867,-6.595102,919.3731091491209,7.399355563921901,0.001014948817178645
COSMOS 198,3081,6,-2951.3942,-4674.9141,4739.3443,1.320088,-5.588789,-4.673963,910.9594863000266,7.404263970148147,0.0010167955457700936
COSMOS 198,3081,12,3134.2661,4026.5569,-5234.0901,-0.917667,6.052758,4.112998,938.7526380490353,7.375279294878059,0.001008964278283227
COSMOS 198,3081,24,3315.7807,2612.2418,-5968.5417,-0.083143,6.77029,2.919041,939.3829514464296,7.373231299927461,0.0010085971349105037
EXPLORER 36 (GEOS 2),3093,1,-6471.0437,2049.8927,3302.2138,-2.097612,2.994554,-6.366086,1177.5814978533163,7.341279229184516,0.0009725375862037453
EXPLORER 36 (GEOS 2),3093,6,5167.5773,-3877.1182,4619.6037,-4.495523,0.455135,5.312961,1571.080271144344,6.974555863943954,0.0008781774580249889
EXPLORER 36 (GEOS 2),3093,12,-3146.2267,-727.9941,7004.1587,-5.784202,3.453989,-2.487009,1341.7788087182553,7.181381939084287,0.0009311017620480317
EXPLORER 36 (GEOS 2),3093,24,335.5944,2109.509,-7284.5415,6.704426,-2.786057,-0.709767,1220.2579120732426,7.294875652882234,0.0009609574246292386
COSMOS 203,3129,1,-4136.2347,-2115.5472,5958.8176,6.04509,-0.556248,3.994974,1184.8907243938947,7.267210070328228,0.0009617939612157608
COSMOS 203,3129,6,-6156.643,683.1808,-4354.2994,-4.165345,-1.988705,5.596616,1200.7179226235048,7.254457746620763,0.0009580993138882259
COSMOS 203,3129,12,-2460.7514,-2164.0293,6808.1476,6.843311,-0.113916,2.438734,1184.7391436739144,7.265762576669637,0.0009616216810175266
COSMOS 203,3129,24,-1650.4174,1927.8548,-7141.5596,-7.049238,-0.908562,1.39289,1208.0748277384064,7.242746981676773,0.0009556241554931324
OPS 7034 (TRANSIT 18),3133,1,268.1542,-3918.6485,6337.0558,-0.431053,6.222942,3.797837,1084.6011799078642,7.303039073066911,0.0009795372494907461
OPS 7034 (TRANSIT 18),3133,6,512.167,-7411.9523,-1049.7568,0.06644,-1.001402,7.192668,1132.4219708417395,7.2623476367788955,0.0009678714145359734
OPS 7034 (TRANSIT 18),3133,12,-311.8909,4484.4621,5872.594,-0.400027,5.817237,-4.495839,1024.6092750141433,7.362936657938802,0.0009955821601898675
OPS 7034 (TRANSIT 18),3133,24,401.137,-5832.5925,4654.5382,-0.317835,4.57042,5.669142,1101.9359704927547,7.288959396223099,0.000975380951342806
COSMOS 209,3158,1,3441.7674,2438.9206,5966.0215,-6.466998,1.948029,2.946877,935.6756508873013,7.368918792467047,0.0010085186676614265
COSMOS 209,3158,6,6285.666,1013.3772,3566.3926,-3.670266,2.984221,5.66724,926.6493880132803,7.382007633780732,0.0010115596463028237
COSMOS 209,3158,12,-6433.3886,-793.1914,-3278.7539,3.385879,-3.076381,-5.837355,893.1495450196462,7.416401422241584,0.0010209593533666063
COSMOS 209,3158,24,-6657.9314,-431.7729,-2877.4266,2.854771,-3.190869,-6.053992,894.9522571145435,7.41499707172336,0.001020512770980965
COSMOS 220,3229,1,-4006.3959,5322.6252,-2107.1593,-0.42733,-3.06165,-6.90456,616.2503492281094,7.565002342696267,0.0010826866026822672
COSMOS 220,3229,6,-3638.1081,3197.4314,-5036.0331,1.772062,-5.554193,-4.814016,616.2045547047765,7.560688702846388,0.001082076335915407
COSMOS 220,3229,12,-378.1421,3881.2079,5817.6947,-4.238136,5.046791,-3.665596,632.7374189230504,7.5411199557753354,0.001076727967470676
COSMOS 220,3229,24,-1960.8039,-439.991,-6699.9278,3.588334,-6.610481,-0.635803,623.8106864695819,7.548433307761684,0.0010791476204442534
OPS 7869 (DMSP 4B F1),3266,1,1885.7965,-1163.2097,-6916.2169,3.331385,-6.287503,1.957567,891.4611154505992,7.379897597712519,0.001016170342311655
OPS 7869 (DMSP 4B F1),3266,6,747.5836,858.3089,-7168.3642,3.790614,-6.324824,-0.382146,887.1692395982209,7.383643321104291,0.0010172872906877846
OPS 7869 (DMSP 4B F1),3266,12,-1556.9489,561.8675,6979.5137,-3.584467,6.420199,-1.325272,802.1022893344525,7.47152626627746,0.0010416031955081317
OPS 7869 (DMSP 4B F1),3266,24,-2999.7547,3321.2325,5608.1612,-2.485192,5.412383,-4.51352,803.9972560561846,7.472745934792176,0.0010414980895615913
EXPLORER 40 (INJUN-5),3338,1,-4606.6159,3903.6347,3862.4812,2.460818,-4.05642,6.213969,796.847301772711,7.818157019303526,0.001090725944645889
EXPLORER 40 (INJUN-5),3338,6,4063.1424,-2495.5808,-7460.217,-3.283519,4.251286,-3.322966,2482.9193230509736,6.316409796261876,0.0007134026825631051
EXPLORER 40 (INJUN-5),3338,12,2567.4539,-698.7536,-8433.959,-4.042659,4.636524,-1.463778,2472.7401892988237,6.3232185337959805,0.0007149937015842295
EXPLORER 40 (INJUN-5),3338,24,-952.0556,2945.1413,-7956.4795,-4.405619,4.091866,2.658134,2166.3200230738275,6.574079593150131,0.000770040197085544
ESSA 7 (TOS-E),3345,1,1398.3024,-843.2645,7670.6947,-1.921334,-6.843045,-0.396303,1471.5698466391805,7.11869688070717,0.0009076995194066119
ESSA 7 (TOS-E),3345,6,240.0841,5412.2424,-5636.3131,2.281966,4.838677,4.735565,1446.8023467379999,7.144630137712518,0.0009138923985068048
ESSA 7 (TOS-E),3345,12,1970.0664,7574.3692,-3.5655,1.387234,-0.345896,6.996212,1455.3812270491817,7.140801394977737,0.0009124014263831189
ESSA 7 (TOS-E),3345,24,1376.5573,-953.5409,7661.9755,-1.832119,-6.859025,-0.519443,1471.8323207089124,7.118476312458657,0.0009076410181131119
COSMOS 249,3504,1,-1777.0857,3535.9893,6045.6642,-4.400361,-5.594569,2.742861,854.7393762867359,7.627952916176331,0.001055663997681617
COSMOS 249,3504,6,4340.0699,2328.0974,-5351.4368,0.722459,6.263369,4.21177,901.8343900550226,7.582265147681265,0.0010425461025276972
COSMOS 249,3504,12,17.0005,5270.6809,4641.6781,-4.850344,-3.705979,4.913268,652.2144884407935,7.835835609978109,0.0011157050126939414
COSMOS 249,3504,24,-1650.5125,-7204.7394,-3892.4349,4.000329,2.011816,-4.826969,1982.652541571657,6.584046282724477,0.0007881637702740451
OPS 4078 (DMSP 4B F2),3510,1,3627.5709,3168.7403,-5324.619,-2.955565,-4.776371,-4.889103,808.9549593665206,7.446637666992735,0.0010371426713865826
OPS 4078 (DMSP 4B F2),3510,6,4031.4435,3894.8271,-4480.6986,-2.284208,-4.18158,-5.729661,805.2716487482976,7.451995213269061,0.0010384215617825526
OPS 4078 (DMSP 4B F2),3510,12,-2780.3386,-1937.5084,6314.2678,3.785419,5.501306,3.32264,795.184436702516,7.458800257467484,0.0010408328620829656
OPS 4078 (DMSP 4B F2),3510,24,934.8187,2767.5243,6526.4579,4.614283,5.144223,-2.84899,779.3656880912458,7.4747161750743425,0.0010453613844566432
COSMOS 252,3530,1,3933.1223,-5864.4903,276.4003,2.592052,2.6388,6.87869,695.6890855188667,7.810145653366779,0.0011052057843285352
COSMOS 252,3530,6,-4598.4659,440.5944,-6969.8928,2.609469,-5.812542,-1.687867,1990.7831652265413,6.591196247527,0.0007882524716662428
COSMOS 252,3530,12,1439.7659,-6222.8048,-3864.7312,4.486274,-1.623448,5.672025,1094.4117551518411,7.411754543453594,0.000992812558307823
COSMOS 252,3530,24,-1506.0532,6586.2207,3856.89,-4.490804,2.654468,-4.83895,1408.5950937332673,7.115402872075481,0.0009146238057822808
COSMOS 256,3576,1,2270.1955,2091.0945,-6907.7732,-6.909096,0.286408,-2.206009,1194.9628864268652,7.258382243155908,0.0009593467945999644
COSMOS 256,3576,6,7057.7041,-447.3051,2657.3975,2.569292,1.976354,-6.513118,1183.6694493305968,7.275159283239371,0.0009630016683104523
COSMOS 256,3576,12,735.3843,2098.898,-7236.9587,-7.211554,-0.052421,-0.771618,1199.9797324121919,7.252906548004116,0.0009579878436279033
COSMOS 256,3576,24,2959.5796,-1847.217,6713.6584,6.670263,0.93809,-2.704924,1195.0115758380734,7.258721318734106,0.0009593854365640553
OAO 2,3597,1,-1848.1912,-6600.3404,-1894.438,6.411408,-0.709523,-3.806802,740.2023908389501,7.490081234352335,0.0010532791534665752
OAO 2,3597,6,-1208.5155,-6609.725,-2330.1265,6.606036,0.029186,-3.527768,740.8537523888599,7.489039358804038,0.0010530361871246975
OAO 2,3597,12,-3410.7636,4778.7974,4001.9519,-5.729374,-4.764116,0.79702,734.3382702898343,7.4938487156955595,0.0010546786698432413
OAO 2,3597,24,-5685.3,-4188.1473,803.2797,3.273969,-5.262153,-4.215223,735.9312767839101,7.49514723992124,0.0010546249777883049
OPS 7684,3605,1,7417.1549,-2114.5028,1121.9584,1.278293,0.893763,-6.983712,1422.8501110255138,7.155772396671235,0.0009181306151305596
OPS 7684,3605,6,-6209.5875,799.5871,4701.3924,3.944198,-2.010737,5.576861,1458.5215019450852,7.120473282001274,0.0009094391375299675
OPS 7684,3605,12,-180.8086,-1308.9009,7718.7772,6.881064,-1.8001,-0.15608,1460.0557895531956,7.11433501801089,0.0009084771209907064
OPS 7684,3605,24,7195.418,-1521.1543,-2528.5815,-2.00688,1.721223,-6.665385,1405.9965283054316,7.170602007387804,0.0009220271580795269
ESSA 8 (TOS-F),3615,1,-638.3671,1901.1666,-7587.2548,4.017723,5.75702,1.112163,1476.8266032985857,7.107902920249966,0.0009057161019921597
ESSA 8 (TOS-F),3615,6,-2478.7098,-5661.3381,4760.4907,-3.378596,-3.152398,-5.462624,1430.0911454689558,7.154913350069028,0.0009171682802635575
ESSA 8 (TOS-F),3615,12,-4399.1703,-6289.46,-1546.9292,-0.432964,1.952725,-6.845164,1458.6230030452125,7.131399788107311,0.0009108228819361624
ESSA 8 (TOS-F),3615,24,251.9065,3194.2947,-7160.9113,3.96242,5.334045,2.532949,1474.1020491551308,7.111162981891639,0.000906446205203598
ISIS 1,3669,1,-5948.0122,3231.7029,1598.5091,1.52432,-1.087768,7.976088,584.4283914076823,8.192970796235514,0.0011779246848916765
ISIS 1,3669,6,7330.5242,-4176.9513,4170.4366,2.994796,-1.495851,-5.097186,3040.4849329942026,6.098170087363339,0.000647949832654436
ISIS 1,3669,12,680.6525,-623.4601,7974.6793,6.279106,-3.483257,0.392252,1656.920045684109,7.191252541719627,0.0008957802893896181
ISIS 1,3669,24,-2523.7483,1623.4788,-7261.1547,-5.522109,2.940517,3.839733,1485.8031967928555,7.3405638439059295,0.0009342939691937741
OPS 2644,3673,1,3947.1312,4490.2608,-4966.6785,-4.117185,-2.329121,-5.384196,1401.3987342642386,7.166978688630378,0.0009221064093167408
OPS 2644,3673,6,568.0931,-1222.8112,7673.3154,5.468474,4.588969,0.311183,1419.8771155108216,7.145605588830522,0.0009171760102087053
OPS 2644,3673,12,5304.0814,3489.3032,4491.1317,2.572241,3.444369,-5.730239,1405.8104172662643,7.163500580537633,0.0009211360694396065
OPS 2644,3673,24,420.733,2004.6236,-7504.4412,-5.536639,-4.290122,-1.470104,1407.9568554674097,7.156865512360911,0.0009200289505823311
ESSA 9 (TOS-G),3764,1,829.424,-5553.6334,-5428.2466,-2.653677,4.441003,-4.946923,1439.035164055481,7.157971530696877,0.0009165095137651071
ESSA 9 (TOS-G),3764,6,1066.3581,1579.2202,7635.7508,2.582188,-6.542064,0.971426,1498.9267034213408,7.09999751555703,0.0009021681882336217
ESSA 9 (TOS-G),3764,12,2770.6261,-3897.4246,6222.5518,1.200764,-5.678838,-4.127899,1476.7027468151227,7.122540654018129,0.0009075956217771768
ESSA 9 (TOS-G),3764,24,1416.0597,-6283.0087,-4418.4063,-2.539755,3.462588,-5.727887,1439.4889494909003,7.158809999052775,0.0009165636166119149
COSMOS 272,3818,1,-5349.77,-474.025,-5326.5657,4.93571,-2.393693,-4.75713,1193.194663673159,7.2609424470415,0.0009599095171244046
COSMOS 272,3818,6,-4921.7395,2536.5125,5147.2216,-5.323402,-0.333721,-4.933138,1188.848250330363,7.26538568050513,0.0009610491427771232
COSMOS 272,3818,12,-3974.6905,-1010.3132,-6359.1194,5.991806,-2.287412,-3.394802,1195.8551510082998,7.256629618396133,0.0009590020521840134
COSMOS 272,3818,24,209.5304,2092.468,7268.6966,-7.082876,1.549466,-0.255707,1195.787666004625,7.254885484029434,0.0009587801064675733
NIMBUS 3,3890,1,-5776.6436,189.21,4697.8267,-4.475171,1.741054,-5.537179,1077.1532884839216,7.329309366386304,0.0009840438404669558
NIMBUS 3,3890,6,2789.2747,-1641.7272,6709.8516,-6.691573,0.636378,2.909058,1078.6597268131982,7.324257274330074,0.0009831666871935412
NIMBUS 3,3890,12,-7081.6702,1503.3643,-1878.0051,1.997378,0.876614,-6.968481,1108.1082486957312,7.301896906095086,0.0009763058192624036
NIMBUS 3,3890,24,-146.6671,-1248.8248,7334.6715,-7.242224,1.134829,0.038625,1070.671897647041,7.3306982761563715,0.000985087541749085
SECOR 13 (EGRS 13),3891,1,-3398.439,2292.4057,-6295.1037,6.053774,-1.389052,-3.765956,1141.179585437716,7.263612716528601,0.0009669114847319466
SECOR 13 (EGRS 13),3891,6,-6974.6444,2020.3556,1851.1145,-1.382512,1.71339,-6.9467,1122.6056841158234,7.287227566931336,0.0009724594373010651
SECOR 13 (EGRS 13),3891,12,3096.396,193.8083,-6820.4888,6.219503,-2.568056,2.781935,1121.9498408097152,7.281228710208875,0.0009717439546375023
SECOR 13 (EGRS 13),3891,24,-6978.8183,2476.82,-1225.7896,1.497432,0.780682,-7.076674,1135.0710308578246,7.275375033771386,0.0009692654124723792
OPS 1127 (DMSP 4B F3),4047,1,2126.8124,-2666.6357,6265.6742,-5.704801,3.467223,3.396733,762.929500762808,7.490272682260573,0.0010499504770070495
OPS 1127 (DMSP 4B F3),4047,6,2924.3165,-3118.9881,5713.6079,-5.321841,2.995664,4.334949,765.1774778277668,7.489177342190396,0.0010494662395182023
OPS 1127 (DMSP 4B F3),4047,12,-416.8862,1568.7016,-7025.9978,6.073265,-4.050778,-1.261339,840.051511339927,7.408395658874465,0.0010273669030410057
OPS 1127 (DMSP 4B F3),4047,24,4348.7155,-2043.471,-5355.4403,4.169907,-3.761923,4.862797,823.98721573884,7.428794229872503,0.0010324958206488842
COSMOS 292,4070,1,3246.0534,2409.4491,-5827.4908,2.172027,6.111284,3.746391,721.3872331695911,7.490056003947234,0.00105606980522973
COSMOS 292,4070,6,3604.935,3454.0753,-5035.2198,1.509174,5.497179,4.863597,719.8131386045652,7.493407696016947,0.001056776923822817
COSMOS 292,4070,12,-3476.346,-6179.8359,-247.2655,1.91327,-0.799828,-7.201511,723.8215967799397,7.494136881963459,0.0010562826393499102
COSMOS 292,4070,24,2309.1494,123.4846,-6707.27,3.453997,6.509182,1.316183,723.7086092987302,7.485444761309912,0.0010550743058705837
SOICAL (CONE),4132,1,-1825.1593,1638.9792,6728.6983,-4.806376,-5.699446,0.07825,790.9019890551435,7.455941122540602,0.0010410560119273916
SOICAL (CONE),4132,6,-1280.0616,2250.2927,6678.3071,-5.033009,-5.43271,0.858693,791.5526634977177,7.45539208938269,0.001040884785026065
SOICAL (CONE),4132,12,3438.4697,475.8022,-6270.5636,3.850234,5.849081,2.547322,796.2469939990133,7.451503188686226,0.0010396604435322537
SOICAL (CONE),4132,24,5082.4234,4860.1313,-1408.5711,-0.804447,2.827435,6.849484,800.8879253556706,7.453653783299169,0.0010392875433743653
COSMOS 304,4138,1,-2992.746,-1113.5392,-6369.9885,6.542769,-2.457482,-2.635268,754.5351841517768,7.469382932981077,0.001048255708510719
COSMOS 304,4138,6,-2514.2292,-1272.9711,-6543.8392,6.74764,-2.406582,-2.115068,753.8603752652234,7.469658301217533,0.001048393639705462
COSMOS 304,4138,12,-2363.129,2492.0498,6228.8357,-6.803728,0.979616,-2.957194,741.8816279982839,7.483004647805319,0.001052035593893497
COSMOS 304,4138,24,-6710.3076,1356.0981,-1986.5786,1.530122,-2.490982,-6.877946,757.3746167986528,7.47344671742055,0.0010484082443996004
TEMPSAT 2,4168,1,2951.5282,-311.421,6651.6128,4.29788,5.786191,-1.64943,912.7115947681568,7.3940785840955865,0.001015152575426889
TEMPSAT 2,4168,6,118.8521,-3389.7757,6454.3542,5.27072,4.627505,2.31751,920.3231485816441,7.386822350884377,0.0010130976505027499
TEMPSAT 2,4168,12,237.0232,3657.4443,-6289.5946,-5.317449,-4.352781,-2.743108,908.5658550005501,7.399095066373049,0.0010164198269173416
TEMPSAT 2,4168,24,1028.0255,4189.8611,-5862.0227,-5.305036,-3.706909,-3.590672,907.3983541201396,7.401182791092313,0.001016869705531117
AZUR (GRS A),4221,1,6217.8364,2784.819,-1676.9123,-0.895657,-2.241821,-7.048111,645.3196350948301,7.450089363625848,0.001061822971456624
AZUR (GRS A),4221,6,1889.357,-689.6439,-6620.9703,-6.448433,-3.703854,-1.285192,548.7201024129799,7.546690737380789,0.0010906063577266916
AZUR (GRS A),4221,12,6123.3586,2744.8605,-2046.6606,-1.244835,-2.427078,-6.933264,644.5968612974448,7.4505349800537815,0.001061995882510829
AZUR (GRS A),4221,24,-2442.0438,270.6774,6310.6697,6.148335,4.005216,2.371425,401.10426961127723,7.711513146555999,0.0011387174265996122
OPS 7613 (P/L 4),4237,1,-2831.2392,-5945.7065,3150.8064,3.795187,1.465424,6.161246,929.3371266017475,7.383215027158629,0.0010113526127793306
OPS 7613 (P/L 4),4237,6,-4467.8181,-5732.1748,-696.6222,1.589184,-2.083035,6.903735,929.9936996257911,7.384178867504904,0.0010113936775323306
OPS 7613 (P/L 4),4237,12,4603.9062,5509.6988,1174.7392,-1.250759,2.503267,-6.8612,904.4893548912933,7.409912900255306,0.0010184762204721858
OPS 7613 (P/L 4),4237,24,4823.8619,5030.1076,2089.7722,-0.534166,3.260708,-6.631388,904.9036514883983,7.408971371476881,0.00101828882381658
OPS 7613 (P/L 5),4247,1,2536.329,-737.7213,6790.2556,4.139308,6.057038,-0.901892,914.929496368055,7.39154850027868,0.0010144962978249068
OPS 7613 (P/L 5),4247,6,-148.0559,-3892.4492,6166.3569,4.907035,4.620502,3.018694,922.6300113374991,7.38515705241703,0.0010125489010187325
OPS 7613 (P/L 5),4247,12,489.9733,4157.5131,-5953.4032,-4.938278,-4.315832,-3.430689,906.9116972628035,7.401528387585162,0.0010169851868866244
OPS 7613 (P/L 5),4247,24,1240.178,4678.9308,-5433.5328,-4.891446,-3.604663,-4.229987,905.930231323403,7.40355518211717,0.0010174008746502354
COSMOS 312,4254,1,-5538.2274,-408.0116,5063.725,4.754907,-2.373406,4.992331,1144.300863935543,7.291472103289294,0.0009702169261485778
COSMOS 312,4254,6,-5348.6043,2444.2121,-4725.2864,-4.924882,-0.569689,5.309629,1172.8764776333564,7.2643766689431795,0.000962950108008945
COSMOS 312,4254,12,-2455.9437,-1522.8977,6934.4429,6.743484,-1.960505,1.959066,1141.4812941927112,7.290822718022774,0.000970494625212407
COSMOS 312,4254,24,-3478.3557,2578.551,-6183.9494,-6.256609,0.301435,3.664371,1178.113445768572,7.256971411253251,0.0009613011466029733
OPS 7613 (P/L 1),4256,1,-689.4473,7249.4428,-326.9966,-2.544856,0.058446,6.938042,918.4914271409007,7.390272984769642,0.001013825595192211
OPS 7613 (P/L 1),4256,6,742.3053,6191.3149,-3782.7585,-2.513466,3.835121,5.787611,922.3297758083281,7.383908552055477,0.0010124193995104396
OPS 7613 (P/L 1),4256,12,-835.9804,-6092.6878,3856.807,2.474545,-3.985601,-5.746943,888.1093181396573,7.4186078298744835,0.0010219721875983129
OPS 7613 (P/L 1),4256,24,-1037.0362,-5924.5291,4063.9111,2.361554,-4.259661,-5.595872,887.8471926030006,7.418586965873017,0.0010220062179339988
TIMATION 2,4257,1,5553.6374,3511.0799,3121.2286,0.986244,3.939192,-6.197261,903.1073959847972,7.409180436628669,0.0010185690193024138
TIMATION 2,4257,6,4132.589,797.2938,5937.9929,3.946715,5.217251,-3.459872,907.3053609263916,7.400471710952621,0.0010167849992502485
TIMATION 2,4257,12,-3920.7807,-474.331,-6128.2101,-4.230102,-5.208277,3.091496,919.5740668890749,7.387642367978366,0.0010133142191820171
TIMATION 2,4257,24,-3365.5277,233.7576,-6461.1303,-4.789065,-5.138738,2.291342,917.8698759549234,7.388641280224193,0.00101368818568135
OPS 7613 (P/L 3),4259,1,1560.2736,-4876.8331,5204.4405,2.025085,5.476313,4.515575,929.9695048091262,7.381151056022293,0.001010982315589779
OPS 7613 (P/L 3),4259,6,124.5244,-7067.0216,1835.1185,2.575187,1.779948,6.687274,931.4626346256764,7.38372781992599,0.00101112846300849
OPS 7613 (P/L 3),4259,12,157.2444,7167.044,-1267.2552,-2.595576,-1.157705,-6.839953,908.9162935568429,7.406905742684323,0.0010174438062206667
OPS 7613 (P/L 3),4259,24,710.1236,7244.5361,-144.2472,-2.532521,0.103679,-6.95919,909.6858252631682,7.406398409927864,0.0010172665855500162
OPS 7613 (P/L 6),4295,1,4206.0184,5226.9366,2831.5344,-0.467655,3.798332,-6.336755,911.1043702999395,7.402735380335704,0.0010165654052594684
OPS 7613 (P/L 6),4295,6,3776.2115,2252.7794,5810.8676,2.020637,6.083425,-3.683643,916.0412776741123,7.3932576965667165,0.00101457606933256
OPS 7613 (P/L 6),4295,12,-3648.0379,-1803.4506,-6045.2015,-2.347565,-6.209904,3.251932,916.3229489352962,7.392498282114444,0.0010144326433611007
OPS 7613 (P/L 6),4295,24,-3277.3891,-808.0511,-6456.2333,-2.992118,-6.35812,2.299143,914.4083150526922,7.393545739005948,0.00101484301486985
ITOS 1 (TIROS M),4320,1,1521.1832,777.0081,7616.4088,5.622478,-4.373016,-0.667869,1434.6020218907706,7.1541300517883375,0.0009165378956965288
ITOS 1 (TIROS M),4320,6,-5024.2917,2335.9298,-5562.483,-3.538135,3.838485,4.835863,1480.1968668799746,7.116033820058685,0.0009063629330296694
ITOS 1 (TIROS M),4320,12,-6304.0962,4643.2986,11.7869,0.864312,1.111593,6.99936,1458.5587180011626,7.139587848089902,0.0009118761484826816
ITOS 1 (TIROS M),4320,24,1284.6568,968.5332,7637.9349,5.737317,-4.253344,-0.417194,1434.539647578922,7.154145118353485,0.0009165471500196039
OSCAR 5,4321,1,654.5875,1953.6801,7537.5628,3.589446,-6.047505,1.270662,1443.1028718744228,7.14639917931996,0.0009145514586251798
OSCAR 5,4321,6,-2955.0375,2544.7633,-6799.6702,-2.45947,5.830721,3.274992,1467.5956464280753,7.125438418848696,0.0009090197709197624
OSCAR 5,4321,12,-4019.6822,6381.1463,-2070.5104,0.252459,2.328608,6.752253,1449.7343905485432,7.146962385542126,0.0009138479877515494
OSCAR 5,4321,24,494.8626,2171.4664,7490.0965,3.701253,-5.929127,1.489035,1443.1986728339562,7.146400911183405,0.0009145404679852653
SERT 2,4327,1,2959.3276,4535.136,-5082.3796,4.023458,3.203125,5.210185,1055.68571982913,7.320809502890647,0.000985743813467723
SERT 2,4327,6,-2161.068,-683.5293,-7075.8027,4.469366,5.470799,-1.893548,1058.9670964217457,7.313713022033405,0.0009843533527296065
SERT 2,4327,12,4468.0341,3964.1952,4388.747,-2.215909,-3.92838,5.786047,1041.1031112953933,7.336263490830329,0.0009897681374197978
SERT 2,4327,24,3239.02,4861.4601,-4584.6467,3.699387,2.845487,5.642211,1054.902654096195,7.322349719281305,0.000986055172059417
OPS 0054 (DMSP 5A F1),4331,1,1297.1281,-6839.5712,1771.8028,-1.524145,1.593362,7.102251,812.4226292044723,7.436651780947525,0.0010352518798926768
OPS 0054 (DMSP 5A F1),4331,6,1437.9649,-6935.6212,1212.6355,-1.414434,1.009952,7.228088,815.1720922464483,7.434102684144468,0.0010345010652006966
OPS 0054 (DMSP 5A F1),4331,12,-529.4421,5376.0233,-4684.5682,2.00549,-4.578099,-5.548282,779.3226976022934,7.467557414939975,0.0010443664895633394
OPS 0054 (DMSP 5A F1),4331,24,1433.9081,-1191.8923,-6946.2355,1.531602,-7.101699,1.504845,821.1406629393132,7.419197520421599,0.0010315701358084243
NIMBUS 4,4362,1,-3868.376,-849.1685,-6342.5606,5.196924,3.580476,-3.657104,1106.5326801987703,7.293986366532912,0.0009754536260133096
NIMBUS 4,4362,6,-6243.7708,-3770.9188,1590.6813,-1.990354,0.309446,-7.028589,1094.5722752710508,7.311520307237956,0.000979365015520193
NIMBUS 4,4362,12,2403.8128,2663.9779,-6565.6592,5.949383,2.667206,3.258927,1111.1771537218292,7.289015785306957,0.0009741838017937348
NIMBUS 4,4362,24,-6404.768,-3225.7342,-2095.8907,1.199778,2.077786,-6.900477,1100.2229313024864,7.305699469497018,0.0009778451983928939
TOPO 1,4363,1,-612.1365,-1606.0401,7252.8873,-6.781682,-2.49188,-1.123021,1082.754093337233,7.311761268666053,0.000980950159759348
TOPO 1,4363,6,6317.9766,1887.2497,3492.2652,-2.818186,-2.324304,6.332317,1090.5317445835944,7.310458262209079,0.0009797530202181098
TOPO 1,4363,12,-6327.6285,-3052.8059,2511.5163,-2.767015,0.145255,-6.766582,1089.9798567113648,7.3119151381819245,0.0009800207584804894
TOPO 1,4363,24,3598.459,269.7102,6524.3462,-5.773942,-3.035625,3.301866,1084.7859481156966,7.31134354561082,0.00098062680400027
COSMOS 332,4369,1,-6321.681,-1444.6299,2875.6246,-2.327286,-2.844544,-6.535065,722.6466682419532,7.49765064856699,0.0010569529325634092
COSMOS 332,4369,6,-6609.6189,-1821.3554,1823.0627,-1.217795,-2.54754,-6.94602,723.2198376197548,7.498011640029976,0.001056918422554227
COSMOS 332,4369,12,5354.9919,2963.5836,3588.9169,-4.305135,0.347639,6.12574,724.0046172190887,7.495313922054632,0.0010564212888408869
COSMOS 332,4369,24,-4490.1804,164.6259,5486.5023,-5.341988,-3.06019,-4.275717,720.5815724984977,7.495555649338679,0.0010569653007175173
DFH-1,4382,1,4593.6795,-1728.8916,5674.1386,6.172283,2.054226,-3.370963,1131.4533564215362,7.3266850238381345,0.0009765718859907396
DFH-1,4382,6,-6481.3078,-1377.197,1700.3387,2.675401,-2.533959,7.10261,469.69982310783143,8.00161155871628,0.001169706574711391
DFH-1,4382,12,5443.62,-1495.6973,5118.7562,5.512884,2.179052,-4.112111,1249.4838529233648,7.2145418768263445,0.0009467301573060492
DFH-1,4382,24,-5406.312,1457.6601,-4777.5049,-4.468721,-2.51445,5.426664,989.5390752308367,7.465963323459137,0.0010143228977050154
COSMOS 336,4383,1,-2411.9327,-7303.5344,1556.5129,1.47528,-1.914758,-6.709376,1476.4050799725546,7.1315128539700465,0.0009087733819387578
COSMOS 336,4383,6,1058.119,7181.0688,3021.4596,-2.479011,-2.27662,6.270963,1491.3522588934293,7.1171251998183935,0.0009052157631029468
COSMOS 336,4383,12,-1047.0818,3607.6661,6901.3321,-2.509703,-6.053821,2.775101,1486.4817683193423,7.116779005171582,0.0009057328053710277
COSMOS 336,4383,24,-2922.3123,-6302.8708,3650.2151,0.685361,-3.78922,-6.000363,1476.9398428181103,7.129674890237983,0.000908477260661289
COSMOS 337,4384,1,5888.8505,-4716.1468,-2451.7737,-0.344157,2.89561,-6.440608,1561.9562665195745,7.069966953417322,0.0008912146639778626
COSMOS 337,4384,6,-4891.2483,2540.2919,5580.2264,2.860139,-4.639792,4.624082,1472.2339978299424,7.147740849059162,0.0009113257173044679
COSMOS 337,4384,12,-2183.3078,-861.2908,7495.4405,4.866101,-5.147077,0.855429,1483.316207076573,7.134640801061466,0.0009083719846462644
COSMOS 337,4384,24,4264.5525,-5705.0165,3436.7638,3.513114,-1.081857,-6.064049,1537.5375833664048,7.091196994855382,0.0008966508561291925
COSMOS 338,4385,1,-1585.2657,-1880.9169,-7498.53,2.750143,-6.458274,1.019198,1520.6961348750683,7.093049706771341,0.0008987991409635832
COSMOS 338,4385,6,-243.5516,5355.2084,5724.6431,-3.088473,4.633495,-4.469148,1471.774573559458,7.140113810903716,0.0009104066097953854
COSMOS 338,4385,12,-2281.8886,7382.4013,1368.5947,-2.262501,0.566102,-6.748181,1476.2871739168395,7.139840968688729,0.0009098483094158256
COSMOS 338,4385,24,-2904.7637,2228.7186,-6976.8117,1.450497,-6.418297,-2.680775,1508.1332167999635,7.10528201606685,0.0009017847294315191
COSMOS 339,4386,1,-4849.3763,-5454.1591,2872.1762,3.230907,0.463513,6.335347,1472.0668817090254,7.126726173652738,0.000908665740218679
COSMOS 339,4386,6,1586.8317,3930.4239,-6582.4891,-5.297267,-3.432224,-3.326725,1458.1397758269022,7.135005149338716,0.0009113396048143907
COSMOS 339,4386,12,-3113.0682,5.794,-7187.2735,-4.732155,-4.929773,2.038095,1461.504551680101,7.1309034493939825,0.00091042442456856
COSMOS 339,4386,24,-5119.4481,-5358.381,2568.2695,3.042104,0.181,6.442304,1472.2776321117735,7.126741090795428,0.0009086432260943158
COSMOS 340,4387,1,-7784.7538,467.6191,-874.388,0.648114,-2.011081,-6.79404,1476.6502039682719,7.115017784036593,0.00090664308412202
COSMOS 340,4387,6,5247.221,1117.9203,5661.3632,-5.238617,1.809791,4.524811,1428.6222538214834,7.154884074678709,0.0009173372558104489
COSMOS 340,4387,12,-1054.4211,2244.3886,7420.0394,-7.033587,0.411029,-1.095503,1452.43075264858,7.130246682157567,0.0009113964074832082
COSMOS 340,4387,24,-7430.7576,131.3127,-2511.8125,2.156074,-2.104203,-6.447697,1473.9094048494471,7.116819652238912,0.0009071895269867036
COSMOS 341,4388,1,4373.3827,-4328.9569,4862.3135,-1.178542,4.67052,5.217931,1471.7314537091697,7.101374672338095,0.0009054721195355408
COSMOS 341,4388,6,-1902.8408,-975.87,-7441.436,3.752965,-6.128624,-0.196345,1371.6155212008707,7.189111891160549,0.0009285120604885113
COSMOS 341,4388,12,2391.8465,-6156.9007,-4147.1409,3.479763,-2.5505,5.691664,1428.1751841893865,7.142047316775842,0.0009157439278007647
COSMOS 341,4388,24,2512.3822,-63.3181,7413.7397,-3.320898,6.183126,1.141471,1457.1293959681416,7.1107219536500645,0.0009083551885732017
COSMOS 342,4389,1,1455.5628,4182.4232,-6321.1764,-1.573045,5.998036,3.671544,1347.0695752603215,7.206326510314184,0.0009336954584360718
COSMOS 342,4389,6,384.0441,-7788.7253,870.9184,1.998052,-0.658024,-6.773988,1475.6700280477871,7.09310374965882,0.0009039635570636515
COSMOS 342,4389,12,2071.4641,-4498.0617,-6031.0708,0.714555,5.839091,-4.025119,1432.6746196396698,7.127913826532066,0.0009134047963241698
COSMOS 342,4389,24,-369.7238,7672.7419,-405.3305,-2.008709,0.277661,6.945573,1321.3310359430252,7.235536730328373,0.0009406169204782991
COSMOS 343,4390,1,-2673.1038,4180.9173,-6074.5948,-5.265195,2.496147,4.067317,1472.8673738915786,7.106060498766036,0.0009059383796338343
COSMOS 343,4390,6,5990.2087,-4889.1123,967.922,1.953789,0.966349,-6.817632,1421.489483448211,7.1575993135789595,0.0009185253735384818
COSMOS 343,4390,12,5239.0523,-2050.9111,-5456.4497,-3.243257,4.197806,-4.73822,1466.5218450010452,7.112736460047215,0.0009075236536130212
COSMOS 343,4390,24,-4890.42,5081.5603,-3391.3262,-3.58067,0.583688,6.133295,1454.5706663311475,7.125952349494698,0.0009105984283233812
METEOR 1-5,4419,1,2758.4979,-3669.8327,5597.7717,-1.916768,5.519227,4.550714,868.6153706957793,7.405731844534273,0.0010229454833347769
METEOR 1-5,4419,6,3189.1602,-5193.9572,3910.3678,-0.913765,4.056433,6.129415,870.4715706113711,7.406709350375442,0.0010228182598181657
METEOR 1-5,4419,12,-2845.5927,4075.1153,-5202.7739,1.656595,-5.250718,-5.021809,824.3331248183777,7.45204080383555,0.0010356769693027454
METEOR 1-5,4419,24,-1759.8255,1251.609,-6867.9443,2.777753,-6.629775,-1.935239,828.4562146896724,7.444123740693393,0.0010339841675131665
NNSS 19 (TRANSIT 19),4507,1,-495.987,-701.3016,-7279.1767,-4.26794,-6.009939,0.898809,958.6821532829408,7.425802060774445,0.001013113789313286
NNSS 19 (TRANSIT 19),4507,6,3788.9606,5334.4541,-3520.1449,-2.070648,-2.918489,-6.400704,1058.9423342550363,7.333087540636686,0.0009869642603857354
NNSS 19 (TRANSIT 19),4507,12,-4166.2431,-5867.845,-1646.0778,-1.010622,-1.420443,7.172849,1011.327453857316,7.381651435819359,0.000999908427519345
NNSS 19 (TRANSIT 19),4507,24,1060.3388,1490.5138,-7113.2334,-4.164521,-5.865614,-1.7829,973.6605885943727,7.4113018536851545,0.0010090734301860416
OPS 0203 (DMSP 5A F2),4512,1,2360.1851,1464.9242,6624.9345,-3.76855,-5.827581,2.640781,812.7478900152046,7.425388454755886,0.0010336371165080196
OPS 0203 (DMSP 5A F2),4512,6,2554.1434,1788.2142,6471.4473,-3.604098,-5.74691,3.021771,812.3828165790028,7.426142802164863,0.0010337946607865
OPS 0203 (DMSP 5A F2),4512,12,-316.0299,1420.8368,-6961.9695,4.475053,5.933842,0.997585,741.5010670549991,7.498783639097611,0.0010543103710496252
OPS 0203 (DMSP 5A F2),4512,24,3666.805,5751.9093,-2124.6705,2.217223,1.232599,7.029949,773.518474818421,7.473657810545717,0.0010460687920238964
COSMOS 367,4564,1,313.9151,-3392.2213,6463.9444,6.347469,3.496106,1.509752,935.728764944889,7.402193659362135,0.0010130653398378838
COSMOS 367,4564,6,-4391.5179,-4808.4098,3366.2575,4.607604,-0.107984,5.768173,959.61551488432,7.3833254650598334,0.0010071903853187349
COSMOS 367,4564,12,5657.8846,4478.951,-1415.091,-2.919786,1.68824,-6.543797,982.5802671623269,7.361832907680328,0.0010011222615675867
COSMOS 367,4564,24,6284.8203,2294.3653,2984.3627,1.386199,4.106706,-5.983494,954.9469734831882,7.388422178386466,0.0010085279357234514
COSMOS 371,4578,1,2605.4232,-6542.1483,793.8721,1.631717,1.525222,7.162018,715.4777810594696,7.502219961431216,0.0010586669701389496
COSMOS 371,4578,6,2816.7713,-6147.4509,2115.7666,1.073307,2.858124,6.853425,714.324370139313,7.502685848831071,0.0010589050630413906
COSMOS 371,4578,12,-2582.1103,1935.1703,-6312.9388,1.523356,-6.814862,-2.711443,718.8077536639603,7.490986632215345,0.0010565852971604285
COSMOS 371,4578,24,1725.7514,-6705.1691,-1517.896,2.432112,-0.961289,7.029433,717.1251978935006,7.500144906837067,0.0010581281647036953
COSMOS 372,4588,1,-5426.3929,2142.1708,-4143.013,2.850732,-3.826832,-5.733069,784.3610921959798,7.459182009497355,0.0010424605988973413
COSMOS 372,4588,6,-5534.8786,2351.6365,-3876.4814,2.553067,-3.733239,-5.932774,783.8713048814634,7.460095969401868,0.001042659700155915
COSMOS 372,4588,12,3351.0583,-94.7253,6297.0312,-5.233694,4.522428,2.840439,762.8044931321483,7.4774328224024185,0.0010481690141075617
COSMOS 372,4588,24,-3104.7025,3944.7345,5069.6605,-5.32596,2.045395,-4.836403,763.5333045866955,7.479323806737745,0.0010483269875451262
COSMOS 374,4594,1,-3713.4579,2298.2047,-7124.8299,-0.570973,-6.381309,-1.490641,1985.7167908281117,6.577927128745879,0.0007871425218053892
COSMOS 374,4594,6,1013.0122,7383.6435,2283.6156,-2.988381,2.906628,-5.730522,1423.8242610725001,7.0864511374896955,0.0009091226306254994
COSMOS 374,4594,12,-3238.7097,4605.6458,-6240.4345,-1.57469,-5.482604,-3.193827,2034.012582068035,6.537516816257148,0.0007778116632692306
COSMOS 374,4594,24,2374.5407,-4421.2529,4738.4118,2.354832,6.148133,4.478181,531.0625271069621,7.962341251332676,0.001153617664294058
COSMOS 375,4598,1,2738.2932,-6233.9774,-1377.394,2.887774,2.596331,-6.900427,575.7933684623877,7.918084750680937,0.0011398186660665764
COSMOS 375,4598,6,-3925.7572,1204.3128,6602.279,1.417735,-6.831548,1.306452,1404.0901542963911,7.098368646022338,0.0009129628731185699
COSMOS 375,4598,12,1402.3923,-6697.554,1113.7022,3.803343,-0.257607,-6.956823,561.8397021927549,7.9327905301619435,0.0011442339461062282
COSMOS 375,4598,24,-1438.2504,8104.8635,-1489.5592,-3.20471,0.599522,5.709556,1994.1756214102916,6.574847719127797,0.0007859784440508062
COSMOS 381,4783,1,2982.309,-6693.4373,-499.9532,1.668936,1.250293,-7.076322,973.8092597903815,7.377188692559585,0.0010044084783721297
COSMOS 381,4783,6,648.9965,-5309.5336,5017.5925,3.332791,-4.307996,-4.985389,963.0696753301609,7.3837950179442275,0.001006780047751841
COSMOS 381,4783,12,712.019,3257.173,-6589.1476,-3.25743,6.024584,2.612729,1013.6471210800428,7.330267075993684,0.0009926360672088005
COSMOS 381,4783,24,2809.5577,-2093.6129,-6484.2505,-1.675002,6.551372,-2.866796,999.3686469148852,7.344700544474498,0.0009965173923218709
NOAA 1,4793,1,6192.2121,-3683.3079,3011.5489,1.557526,-2.700262,-6.438698,1437.9483641960405,7.15360986107881,0.0009160785201088085
NOAA 1,4793,6,-5884.0225,4699.4837,2130.2263,2.419599,-0.065793,6.715823,1454.9013484891075,7.138702025367007,0.0009121891150270156
NOAA 1,4793,12,-1954.2783,3067.8406,6900.5183,5.635471,-3.22624,3.007893,1429.5129593824877,7.156436140209036,0.0009174314788620723
NOAA 1,4793,24,6371.304,-3807.7453,2435.9366,1.135604,-2.402622,-6.639175,1440.928446248573,7.151281955029112,0.000915431062155118
COSMOS 385,4799,1,3850.1335,-1738.3876,-6028.3031,-3.361019,5.388207,-3.703267,990.1111716320129,7.351422302282668,0.000998683776250156
COSMOS 385,4799,6,5047.4663,-5184.9968,-1327.9001,0.59139,2.344981,-6.952753,985.9305108330291,7.361348538241482,0.001000600525912532
COSMOS 385,4799,12,-4440.5464,5718.0088,-1307.5122,-2.391374,-0.276694,6.95666,985.8787621231895,7.361409344216093,0.0010006158293808277
COSMOS 385,4799,24,-1605.4577,4436.2569,-5650.1332,-4.703872,3.715463,4.257604,989.833844547039,7.35243285705956,0.0009988586907862752
COSMOS 394,4922,1,-3711.0731,3314.139,4646.4242,0.370623,-6.077488,4.625615,436.7043642633489,7.64653751226645,0.001123218210298101
COSMOS 394,4922,6,-331.6224,-4798.7639,4808.9441,4.119031,-4.702482,-4.414317,430.76828045838283,7.652839206188379,0.0011251249514299304
COSMOS 394,4922,12,-2906.4764,-181.3185,6150.6179,2.440033,-7.185078,0.935355,434.1878749965181,7.645521295712804,0.0011234842352852333
COSMOS 394,4922,24,-1789.961,6448.3479,-1242.3803,-3.412073,0.377972,6.83938,435.51598329009266,7.6525958846990605,0.0011243044023529927
TANSEI 1 (MS-T1),4952,1,-5131.0632,-3954.6539,-3599.5731,4.109363,-6.043603,0.664056,1040.0743845560646,7.338458411581686,0.0009902016942205164
TANSEI 1 (MS-T1),4952,6,-6099.4743,3358.945,-2395.7749,-2.461761,-6.392694,-2.762828,992.8193636763999,7.386475638377277,0.0010030767015840494
TANSEI 1 (MS-T1),4952,12,3473.7163,-6606.3201,373.1009,5.527367,3.093511,3.586984,1102.243905970854,7.279289146342931,0.0009740467778024801
TANSEI 1 (MS-T1),4952,24,-4312.7294,-5056.2968,-3296.4174,4.863522,-5.2565,1.570868,1047.3650410543532,7.331593603569964,0.0009883031588491288
OPS 5268 (DMSP 5A F3),4953,1,-6572.0485,2729.5755,345.6555,0.108914,1.152253,-7.395446,753.7373019103488,7.485463965200887,0.001050630170349413
OPS 5268 (DMSP 5A F3),4953,6,-6578.9422,2724.1386,224.7649,0.223339,1.103755,-7.400877,753.1793101537532,7.486062768777391,0.001050796511832298
OPS 5268 (DMSP 5A F3),4953,12,5122.4909,-2791.4909,4131.7071,-4.363646,0.84161,5.988288,777.6598761974983,7.457164808180116,0.001043155631590451
OPS 5268 (DMSP 5A F3),4953,24,-2607.8843,-16.8613,6648.7853,-6.364712,2.976595,-2.503372,770.9668713261526,7.458991085083357,0.0010443889224731643
COSMOS 397,4964,1,4274.3734,5923.3537,2902.2022,-1.547658,3.169306,-6.124274,1488.9723045069368,7.067282209850969,0.0008991484875587366
COSMOS 397,4964,6,31.2539,-6003.6792,5879.314,3.764982,3.516656,4.100146,2032.0633612614074,6.584311361408723,0.0007835608370826724
COSMOS 397,4964,12,4010.9342,559.9092,7404.1073,2.003093,5.942501,-1.895354,2068.3066290357983,6.551188173680099,0.0007762709025336814
COSMOS 397,4964,24,-773.4264,4027.7738,-5644.1568,-4.55122,-5.668008,-3.143869,605.9374487069636,7.919837780259455,0.0011351453038649843
COSMOS 400,5050,1,5623.993,-3328.5033,-3418.6238,4.333134,1.381507,5.773725,1004.3115302396773,7.349864776213913,0.0009965497384183124
COSMOS 400,5050,6,144.9524,-3177.5054,-6648.4866,7.064814,-1.766461,0.992275,999.2052777161152,7.349598015860596,0.00099720397721922
COSMOS 400,5050,12,2917.1003,2086.9182,6439.1906,-6.420573,3.014371,1.924877,999.744692151512,7.349513020540817,0.000997119467231947
COSMOS 400,5050,24,6795.3171,-1137.6753,2632.7485,-1.797568,3.566792,6.170252,1004.771433689818,7.350188135646053,0.0009965314410467073
ISIS 2,5104,1,-2309.3371,1269.3726,-7282.338,5.568206,-3.831296,-2.42567,1373.4684378794627,7.1810599528866215,0.0009272502058066222
ISIS 2,5104,6,-3156.0638,2380.2383,6712.2239,-5.168859,3.334374,-3.62632,1418.751135831525,7.1404026550438315,0.0009166406641926209
ISIS 2,5104,12,-6445.3767,4334.5581,-105.4555,-0.027888,-0.257353,-7.161551,1397.0367912142865,7.1662278105537505,0.000922527532137697
ISIS 2,5104,24,3318.811,-2493.6015,-6544.8153,5.101834,-3.297059,3.822332,1379.3007816237268,7.177014012196228,0.0009260303844223976
COSMOS 402,5105,1,-3057.1839,1385.18,6597.3774,-4.956728,-5.24894,-1.1866,1031.0595504798512,7.316320328524716,0.000988416842451696
COSMOS 402,5105,6,1894.8275,4922.5163,5168.9595,-5.532834,-2.281207,4.242574,1014.0985295500423,7.335911095009331,0.000993339637332678
COSMOS 402,5105,12,-4145.3865,-5378.7422,-2849.7275,4.239065,-0.027055,-6.015982,993.5124558723728,7.359513806738459,0.0009993212518596627
COSMOS 402,5105,24,-6010.1325,-3415.4605,2620.8305,-0.357534,-4.015572,-6.123402,1021.9571623503107,7.331350564660238,0.0009916668531499394
COSMOS 407,5174,1,-1511.4276,1290.1565,-6892.1864,-5.443274,-5.065428,0.253347,801.9457377620647,7.439890951127509,0.0010372155629116372
COSMOS 407,5174,6,-1061.6535,1696.0999,-6888.733,-5.586912,-4.900601,-0.338694,802.4583967659046,7.439367545872498,0.0010370684730291984
COSMOS 407,5174,12,3649.7512,912.681,6073.006,4.317834,5.101595,-3.341074,772.8835590803437,7.472130718145729,0.001045947999621041
COSMOS 407,5174,24,5469.8801,4624.4103,182.6816,-1.169346,1.694953,-7.167034,794.0632584856266,7.4569841153834435,0.0010407422581443497
COSMOS 409,5180,1,-2852.2276,4975.8204,4916.1581,-0.09851,-5.136739,5.145835,1182.979176530309,7.271547952220765,0.0009626115961257826
COSMOS 409,5180,6,247.8566,5138.4838,-5549.6404,-2.705897,4.991193,4.521267,1196.2952384810624,7.257805551483658,0.0009591016767228013
COSMOS 409,5180,12,-2752.4827,3600.6252,6045.009,0.479993,-6.128864,3.877754,1184.3157878910215,7.268448479219001,0.0009620310630653208
COSMOS 409,5180,24,2114.9174,152.5011,-7277.066,-1.677736,7.038304,-0.323124,1208.697999437707,7.242715678631048,0.0009555414581383509
COSMOS 411,5210,1,7277.8526,1412.2051,2230.2431,-2.417426,1.637226,6.576258,1370.7986280250398,7.195250289122401,0.0009294029249321789
COSMOS 411,5210,6,-2801.7959,-2294.9375,-6988.7512,6.56539,-0.09355,-2.623687,1500.431999939051,7.070843721124729,0.000898291914505452
COSMOS 411,5210,12,4568.8359,-1362.2,-6235.7734,5.698115,1.656293,3.883941,1478.5044567970263,7.0920250102883164,0.0009034997112648564
COSMOS 411,5210,24,3566.3433,2154.1536,6466.6208,-6.400105,0.432557,3.348272,1321.6176843023004,7.235977816111517,0.0009406392093132861
COSMOS 412,5211,1,-7519.5743,-1103.9725,2201.0977,2.176142,-1.733248,6.518404,1541.4954356335666,7.087265575726932,0.0008957054867684031
COSMOS 412,5211,6,5270.866,1893.3582,-5530.4866,-5.261073,1.038657,-4.685905,1500.0301547029285,7.121474787149287,0.0009047703600645231
COSMOS 412,5211,12,908.5502,2204.9355,-7517.5693,-7.044905,-0.107714,-0.909151,1515.7643685723733,7.104142756562681,0.0009007677197599149
COSMOS 412,5211,24,-7104.4521,690.3082,-3419.1334,-3.117592,-1.869755,6.080789,1543.5586269341147,7.08458597950579,0.0008951334260632253
COSMOS 413,5212,1,-1904.2892,-1766.8815,-7418.5205,6.760607,-1.82335,-1.293757,1489.1930002512745,7.120689531639335,0.0009059178993965798
COSMOS 413,5212,6,-2420.3694,2593.0015,7035.4779,-6.602173,0.703234,-2.527487,1508.0731747361642,7.1043238183414745,0.0009016699884348222
COSMOS 413,5212,12,-6473.5716,2542.1035,3702.6251,-3.762078,-0.904257,-5.963513,1508.013396116853,7.108755088009573,0.000902239243750125
COSMOS 413,5212,24,-5409.5229,-396.4343,-5695.9161,4.929243,-2.488806,-4.492882,1494.3390504211648,7.1188187590785725,0.0009050873348806726
COSMOS 414,5213,1,-6642.4027,2574.6001,3188.2264,-3.380445,-1.006236,-6.234182,1433.7976835754207,7.16274699363624,0.0009177364083004578
COSMOS 414,5213,6,7562.5234,-1408.0746,1661.5638,-1.066097,2.233147,6.659546,1498.8938059025395,7.10443954602571,0.0009027363927957036
COSMOS 414,5213,12,4470.7005,744.6114,6404.1115,-5.617438,2.506158,3.589145,1474.6518659791718,7.12168515421968,0.0009077238291825306
COSMOS 414,5213,24,-6233.7803,2800.311,3769.9323,-3.915726,-0.70934,-5.95501,1433.7516342272147,7.162277392196981,0.000917681654440776
COSMOS 415,5214,1,7243.1699,-2199.6646,2135.1304,2.387271,1.401891,-6.554804,1494.1647393912435,7.115463209218216,0.0009046807593974118
COSMOS 415,5214,6,-7406.6076,954.3819,2356.5465,1.794915,-2.311232,6.519895,1459.8359935633707,7.146505721404972,0.0009126108281771077
COSMOS 415,5214,12,-4125.7312,-990.4459,6573.3202,5.877227,-2.323053,3.340506,1452.7573752774506,7.148241237281658,0.0009136583478252561
COSMOS 415,5214,24,6053.093,-2699.3809,4218.0917,4.27041,0.640644,-5.66359,1485.1370723494065,7.122013619120368,0.0009065541440445494
COSMOS 416,5215,1,4627.9576,-1895.9528,-6083.9434,5.724919,0.973172,4.053213,1504.7219263778707,7.08168743461006,0.0008991794658076512
COSMOS 416,5215,6,-7642.1551,640.0585,1227.6987,-1.298951,-1.900858,-6.807057,1395.55995623931,7.185858322971168,0.0009252305220663838
COSMOS 416,5215,12,-5809.245,-1208.3364,-5095.6728,4.723867,-1.661146,-5.079218,1450.3352830734602,7.13251575242067,0.0009119306990785195
COSMOS 416,5215,24,6375.6038,-1596.2204,-4331.4257,4.122023,1.376863,5.599313,1500.3081488765947,7.087956786357194,0.0009004801555595048
COSMOS 417,5216,1,-1129.6032,-2272.4256,7430.4043,6.973066,0.441896,1.23089,1480.804223135221,7.094646693618507,0.0009035689749770172
COSMOS 417,5216,6,-4628.1155,1242.7194,-6064.052,-5.734371,-1.776214,3.992575,1357.941146572447,7.209618718771611,0.0009328080757826523
COSMOS 417,5216,12,-7726.0219,-833.1357,123.1478,0.262548,-1.958051,6.897524,1400.7883961504604,7.174868117358047,0.000923193961496934
COSMOS 417,5216,24,2849.663,-1785.5205,7108.0924,6.575349,1.265475,-2.314291,1492.4369226456583,7.084672489262084,0.000900963860835351
COSMOS 418,5217,1,5439.8701,-2111.5612,5273.6563,5.086262,0.852167,-4.87846,1494.2608460717402,7.098987371458904,0.0009025749444793624
COSMOS 418,5217,6,-7703.0303,1012.781,-477.0979,-0.689785,-1.905365,6.884576,1412.959375720271,7.176601272832844,0.0009219731150213992
COSMOS 418,5217,12,-5616.7124,-873.5105,5352.3409,4.87498,-1.979331,4.843447,1436.562480552866,7.151374696502065,0.0009159548468955274
COSMOS 418,5217,24,6019.7806,-2120.9569,4600.105,4.491907,0.971546,-5.409037,1496.476257022894,7.097803279475559,0.0009021702827688501
COSMOS 422,5238,1,1321.3446,4321.7534,5825.3921,-1.640883,5.925265,-4.024848,1001.8350802864925,7.348514391563644,0.000996701311170261
COSMOS 422,5238,6,2100.6356,-1927.4279,6800.5297,0.035614,7.070316,1.991034,1002.9305959757894,7.3453967276116545,0.0009961304397983204
COSMOS 422,5238,12,-1844.8729,4796.3889,-5277.7071,-0.97043,-5.564749,-4.711934,995.3488059273996,7.355983131999216,0.0009985928342247598
COSMOS 422,5238,24,-303.0045,7356.8391,330.3619,-2.037601,0.229356,-7.064889,999.4838548958696,7.356431104296294,0.000998093374753105
RIGIDSPHERE 2 (LCS 4),5398,1,-3271.8393,502.4417,6286.3043,-6.657414,0.347096,-3.450659,733.5761181876196,7.50657607267741,0.0010565832426597099
RIGIDSPHERE 2 (LCS 4),5398,6,-3009.0783,491.5421,6415.8813,-6.792621,0.375377,-3.174945,732.4990467580828,7.507388606885552,0.0010568578326637205
RIGIDSPHERE 2 (LCS 4),5398,12,5992.2974,-615.9753,-3875.7708,4.002319,-0.042725,6.283594,792.0058630709973,7.450096399391218,0.001040079617664467
RIGIDSPHERE 2 (LCS 4),5398,24,5897.9895,-297.4516,3954.288,-4.180373,0.585416,6.209608,736.1197529939509,7.508492646720046,0.0010564747616018447
EOLE 1 (CAS-A),5435,1,-6300.706,3246.8969,740.6504,-2.68936,-4.014256,-5.673434,755.6961905700582,7.452164906622236,0.0010456689477633175
EOLE 1 (CAS-A),5435,6,-6725.3343,2195.7988,-752.9096,-0.865658,-4.776549,-5.670907,743.6698224590928,7.464848982063468,0.0010492193128202455
EOLE 1 (CAS-A),5435,12,4429.7549,2516.9102,4927.3037,-5.304177,4.667191,2.482487,716.7279279732329,7.488638540013732,0.001056564052135554
EOLE 1 (CAS-A),5435,24,-6105.4514,3626.8898,620.7959,-2.841148,-3.885082,-5.686836,757.5520246795431,7.450240787754715,0.00104512680302556
SHINSEI (MS-F2),5485,1,7187.131,-421.4869,-864.7416,0.792153,6.492295,3.964862,880.2261896042919,7.648367892660368,0.0010547689028960975
SHINSEI (MS-F2),5485,6,-5641.5554,-5098.0549,-2750.0398,5.114458,-3.708984,-2.687646,1714.7918595686851,6.8656888924081025,0.0008491053209937975
SHINSEI (MS-F2),5485,12,2773.0365,-5887.3041,-3839.745,6.654953,2.818732,1.341282,1185.0388207865944,7.350692955331286,0.0009728236089933254
SHINSEI (MS-F2),5485,24,1246.2138,6372.8251,3932.7451,-7.127024,1.265387,1.068519,1220.6027696445271,7.316926144885295,0.0009638183618013389
COSMOS 444,5547,1,6970.7142,-1562.9669,2963.6271,3.109976,1.502125,-6.325781,1363.1326324567035,7.207207191149842,0.00093187013122899
COSMOS 444,5547,6,-7340.0189,41.4208,2579.1076,2.347253,-2.102021,6.435145,1409.0635696250974,7.165136432858414,0.0009209611680851195
COSMOS 444,5547,12,-2013.9965,-1847.8557,7200.7458,6.946637,-1.239007,1.581175,1331.0447068458625,7.231252888431092,0.0009388744370704167
COSMOS 444,5547,24,7664.1376,-592.5838,-1262.7734,-0.867599,2.067521,-6.796276,1419.0421931786586,7.156587076143069,0.0009186839940879557
COSMOS 445,5548,1,4923.6572,-794.8695,-5921.7073,5.386977,2.246858,4.222011,1371.1466720810304,7.2036982831608105,0.0009304523135861117
COSMOS 445,5548,6,-7721.6173,-1073.3137,1191.2021,-0.73066,-2.088789,-6.721278,1515.338723977774,7.076191170072004,0.0008972720317677223
COSMOS 445,5548,12,-5464.1044,-2444.7582,-5065.8589,5.005961,-0.568484,-5.021864,1470.951666854101,7.113503892335548,0.0009071088670952267
COSMOS 445,5548,24,6595.1177,-78.9323,-4037.9529,3.585047,2.283769,5.828849,1362.49024745328,7.2141280486536274,0.0009328424576509056
COSMOS 446,5549,1,-7440.991,-2233.1715,-1368.2798,-0.576717,-2.237691,6.693783,1517.4467179275089,7.081426011804331,0.0008976958665019415
COSMOS 446,5549,6,5972.3813,3236.5024,-3766.9884,-3.969672,0.421097,-5.980155,1396.5277780983834,7.190123246163308,0.0009256643106493746
COSMOS 446,5549,12,666.5621,2463.4244,-7377.9899,-6.75784,-1.927273,-1.313342,1435.8879697465736,7.14896145542085,0.0009157248679787215
COSMOS 446,5549,24,-7520.4628,-2325.9471,-540.4115,0.123603,-2.004562,6.788956,1519.4648296228088,7.079793081961435,0.0008972593167619345
COSMOS 447,5550,1,-6840.5386,-3404.3034,1835.949,-0.575429,-2.53425,-6.624365,1487.305078574038,7.115880356622503,0.0009055235557123146
COSMOS 447,5550,6,5830.535,4324.3435,2842.7959,-3.29333,0.194707,6.368303,1424.9331462804412,7.172113803095849,0.000919981440133023
COSMOS 447,5550,12,1530.6419,3167.092,6943.4437,-6.144635,-2.66807,2.579264,1412.6204158199607,7.178282495821755,0.0009222292599510793
COSMOS 447,5550,24,-6785.0892,-2900.4886,2686.1819,-1.367928,-2.851011,-6.379747,1481.760200755797,7.120439770078391,0.0009067435637972335
COSMOS 448,5551,1,4685.7533,5373.8576,-3290.2866,-3.516134,-0.746925,-6.154841,1481.4273574276522,7.127633758608954,0.000907698146595
COSMOS 448,5551,6,-1595.8501,-3914.1667,6649.6934,5.310405,3.377847,3.284239,1508.4581546615545,7.09904764236408,0.0009009563225060371
COSMOS 448,5551,12,2704.2884,-466.6365,7395.2548,4.96016,4.837008,-1.506332,1517.0110883815223,7.090054281307584,0.0008988392893806562
COSMOS 448,5551,24,5849.4434,5200.1613,-755.1788,-1.819643,1.01426,-6.807627,1492.075775788422,7.119242190442604,0.0009054017020112928
COSMOS 449,5552,1,2747.7519,2407.4678,6963.2645,1.049087,6.534942,-2.64722,1492.402203178387,7.128381597903762,0.0009065263881608994
COSMOS 449,5552,6,-3006.6138,-5511.9861,-4800.7184,0.232282,-4.706421,5.304425,1532.708905636784,7.095158781689808,0.0008976999110670267
COSMOS 449,5552,12,-2374.2399,-7491.5495,-621.3663,1.718177,-1.077787,6.821125,1512.3003933934897,7.116284373626661,0.0009027036924268905
COSMOS 449,5552,24,894.5297,-3776.2035,6829.0919,2.681012,5.932414,2.923638,1483.7051145310325,7.136457129877821,0.0009085582495866754
COSMOS 450,5553,1,1699.0517,-1400.1851,-7566.126,3.559814,6.137599,-0.368405,1508.9465506696743,7.104795524392099,0.0009016299131861878
COSMOS 450,5553,6,-3476.6831,-2265.2804,6663.4819,-2.294373,-5.928043,-3.237452,1478.8924642365255,7.13350802377638,0.0009087395854498727
COSMOS 450,5553,12,-4327.127,-5797.4814,3023.4124,0.13571,-3.380015,-6.294904,1469.6531104206315,7.146239218885763,0.0009114341775161617
COSMOS 450,5553,24,-911.2212,-4950.7184,-6038.0633,3.9024,4.287837,-4.140169,1490.179629434433,7.124273383800625,0.0009062600932212988
COSMOS 451,5554,1,1345.7642,2568.0749,-7334.7646,-2.690154,6.347495,1.759196,1516.005877481316,7.11494145338927,0.0009021093129527879
COSMOS 451,5554,6,81.1487,-5453.0993,5776.0003,2.902993,-4.677955,-4.429943,1572.8691172987155,7.066471985603777,0.0008895504043760865
COSMOS 451,5554,12,1673.3136,-7366.5253,2478.1747,2.461557,-1.603057,-6.424217,1579.284475615017,7.063966214003787,0.0008885174154044762
COSMOS 451,5554,24,3169.2043,-5214.3049,-5062.2519,-0.042534,4.945248,-5.068202,1557.3810317337875,7.081239893935525,0.0008931508041291743
OPS 4311 (DMSP 5B F1),5557,1,1140.6426,-677.3425,-7096.183,-6.487267,-3.492104,-0.710814,848.1184761527502,7.401667380982545,0.0010252868692254902
OPS 4311 (DMSP 5B F1),5557,6,2129.9946,-120.586,-6896.0223,-6.20542,-3.581728,-1.861693,847.486097619254,7.402831462935854,0.0010255379539177057
OPS 4311 (DMSP 5B F1),5557,12,608.0866,1566.7383,6931.2087,6.614968,3.266802,-1.305797,761.0468490288358,7.4923229210597295,0.0010505151017172513
OPS 4311 (DMSP 5B F1),5557,24,5221.7105,3451.2286,3474.5477,3.746648,0.871963,-6.40469,787.8910534274446,7.471127405243,0.0010436151841794082
ASTEX 1,5560,1,-4763.7106,1598.9642,5010.5716,5.164443,-1.20624,5.297175,725.1576188921117,7.495768767676469,0.0010563137362846159
ASTEX 1,5560,6,-4094.8361,1433.5309,5615.8748,5.770507,-1.406801,4.569901,725.5303702861056,7.494120044438239,0.0010560259244174989
ASTEX 1,5560,12,-929.8517,-84.4753,-7039.7441,-7.138813,2.052503,0.925796,730.3912195982975,7.485487148315332,0.0010540874198927406
ASTEX 1,5560,24,-6776.0907,1926.6156,857.2154,0.968692,0.095229,7.436602,725.6239217523007,7.50003213724508,0.0010568450885858934
PROSPERO (BLACK ARROW),5580,1,5582.9508,-2123.1557,-3965.9918,3.980069,-0.180758,6.361158,798.8131579093724,7.50586129636626,0.0010468698599329852
PROSPERO (BLACK ARROW),5580,6,2919.9044,-1765.7725,-6513.4722,6.270298,-1.243494,3.554865,982.1703589042763,7.314368018158849,0.0009947230461349993
PROSPERO (BLACK ARROW),5580,12,-4129.9721,1988.6922,5587.3348,-5.97543,1.075592,-4.307977,856.0240334739638,7.44455019916536,0.0010300989957531433
PROSPERO (BLACK ARROW),5580,24,-4251.0177,2047.1029,5497.4153,-5.862651,1.072762,-4.431274,873.5397886667579,7.426821952862543,0.0010251613172835277
COSMOS 457,5614,1,708.4533,-7096.6477,2600.6129,2.346429,-2.166595,-6.499244,1220.2780288856893,7.241549248441386,0.0009539301842043533
COSMOS 457,5614,6,-2472.6892,2667.7794,6627.9497,0.500931,-6.653989,2.874415,1189.4864944387728,7.265587592969133,0.0009609947188336946
COSMOS 457,5614,12,1067.5792,-7409.3071,1280.8136,2.167998,-0.8866,-6.849703,1223.606015345892,7.239109480883197,0.0009531909181668717
COSMOS 457,5614,24,-1906.7802,6972.1261,2216.8735,-1.476908,-2.527656,6.655938,1189.4815455376593,7.271300623316574,0.0009617509915897135
OPS 7898 (P/L 1),5678,1,-4028.3811,-302.5798,6157.4571,5.135595,-4.215835,3.149465,993.3524332113311,7.35300826447754,0.0009984595836719286
OPS 7898 (P/L 1),5678,6,-6505.3685,3072.1106,1582.6838,0.23902,-2.962356,6.729888,995.3132481728635,7.35690669532243,0.0009987230311102008
OPS 7898 (P/L 1),5678,12,6017.5128,-4057.0799,1249.0594,2.398402,1.463464,-6.801788,993.1365412298146,7.359237666351318,0.0009993347658817746
OPS 7898 (P/L 1),5678,24,2258.103,-3873.8891,5840.6376,6.001618,-2.08701,-3.703442,992.3615619662169,7.354625211755389,0.0009988135377928535
OPS 7898 (P/L 2),5680,1,-942.0434,4486.9073,-5760.4855,-4.944805,3.876896,3.822463,991.2670477229431,7.354770048696968,0.0009989816996616152
OPS 7898 (P/L 2),5680,6,3129.7367,-25.1875,-6660.9017,-3.900575,5.953511,-1.856324,988.5854284426941,7.355590890657391,0.0009994572333150906
OPS 7898 (P/L 2),5680,12,-4390.5014,2400.8889,5401.44,2.314972,-5.487453,4.314842,992.1735092380623,7.354529031349118,0.0009988259847634857
OPS 7898 (P/L 2),5680,24,-4612.5742,5706.985,637.4936,-1.588235,-2.053222,6.883706,994.5900395536273,7.356875647375386,0.0009988168779240434
OPS 7898 (P/L 3),5681,1,-1343.9578,-2253.0119,6877.8151,5.092621,-5.254751,-0.728229,990.1565490424437,7.353741510148626,0.0009989926801794778
OPS 7898 (P/L 3),5681,6,-4722.291,2551.6994,5041.7027,2.271936,-5.152838,4.73014,993.0999607439226,7.354431117492365,0.0009986870298742414
OPS 7898 (P/L 3),5681,12,5192.5797,-4416.8913,-2775.7374,-0.204234,3.743416,-6.334768,989.4708280534969,7.360989097236594,0.0010000704125042003
OPS 7898 (P/L 3),5681,24,3628.06,-5824.6747,2663.2385,3.602737,-0.67498,-6.383132,989.8759011616503,7.360685159751978,0.0009999740871314455
OPS 7898 (P/L 4),5682,1,-1446.6181,-2141.7002,6892.4898,5.091463,-5.275078,-0.572665,990.1139997307264,7.353732969633722,0.000998997294418036
OPS 7898 (P/L 4),5682,6,-4787.4568,2639.6864,4933.8483,2.194656,-5.081742,4.842398,993.1391859214673,7.354551998817059,0.0009986981252170333
OPS 7898 (P/L 4),5682,12,5221.5612,-4469.4869,-2633.5082,-0.10911,3.643179,-6.395409,989.460580295522,7.361108238262904,0.0010000879915000314
OPS 7898 (P/L 4),5682,24,3581.0813,-5787.8288,2803.2242,3.686353,-0.782044,-6.322823,989.7860592999687,7.360630540101438,0.0009999788719306229
COSMOS 465,5683,1,-1629.7283,1202.8037,7071.7524,-4.457554,-5.854883,-0.052442,985.115352511837,7.358817348594067,0.0010003673129026325
COSMOS 465,5683,6,2376.0813,5231.9849,4622.9578,-4.149086,-2.863764,5.341198,1004.0367564249154,7.344688894588797,0.0009958850561917973
COSMOS 465,5683,12,-3845.5522,-5884.1291,-2136.4566,2.89332,0.551606,-6.762016,975.8152142323015,7.375664728408688,0.0010039268054708248
COSMOS 465,5683,24,-4791.106,-4324.9215,3501.9147,-0.931871,-3.951845,-6.160279,972.2315264108574,7.377973964612981,0.0010047312192291865
COSMOS 468,5705,1,-2026.5535,-1710.7861,-6654.9072,7.10553,-1.251227,-1.839037,792.9024287693437,7.445547842422208,0.0010393145239557997
COSMOS 468,5705,6,-2378.4061,-1632.24,-6557.5867,6.981738,-1.385738,-2.184778,793.0049080199615,7.4456826560478655,0.0010393184750212233
COSMOS 468,5705,12,-1601.6294,2098.5805,6627.5076,-7.240791,0.314444,-1.837196,762.940975224169,7.476845489725798,0.001048066631850827
COSMOS 468,5705,24,-6939.6157,1264.7876,1186.6672,-1.560736,-1.832629,-7.066182,782.050592604256,7.464941658878588,0.0010436025248579683
COSMOS 469,5721,1,6272.0928,-2207.4267,-3119.4697,-1.470413,4.235653,-5.854158,973.5879351331096,7.37387527803,0.001003987608720265
COSMOS 469,5721,6,5245.5104,-4673.4802,2255.8538,3.678052,1.168858,-6.244076,1007.7311174262641,7.34048912761568,0.0009948172674675367
COSMOS 469,5721,12,-3523.1226,4786.2707,-4279.6106,-5.344598,0.641504,5.068207,952.6498384303986,7.393441509775337,0.0010095296297453643
COSMOS 469,5721,24,1148.3456,3018.4751,-6561.5798,-6.23403,3.921606,0.716302,942.2905738885702,7.399676493965124,0.001011812182109239
AUREOLE 1,5729,1,6562.4402,822.9082,3216.26,3.200687,2.66389,-6.023887,983.3951261679758,7.323108751946676,0.0009957458943006777
AUREOLE 1,5729,6,3996.7554,-669.9496,5803.1114,6.261587,2.665442,-3.388411,707.0638676674344,7.602195861647738,0.001074050192789943
AUREOLE 1,5729,12,-2459.1134,1442.788,-6977.6682,-6.36993,-2.300438,2.243177,1166.6872737129925,7.134414219126403,0.0009464990997977631
AUREOLE 1,5729,24,-2150.5511,1574.2411,-7062.8013,-6.503052,-2.143688,1.963459,1177.924908748405,7.123219412648258,0.0009436071359503393
METEOR 1-10,5731,1,1402.0449,7032.0674,-1027.6292,-0.911278,1.249086,7.251452,872.7368527888566,7.414458816190431,0.0010235682171883212
METEOR 1-10,5731,6,1653.2814,6080.4321,-3565.7828,-0.303108,3.820531,6.348976,869.1519933681093,7.416052037991711,0.0010242950762338586
METEOR 1-10,5731,12,-1603.8817,-6599.7637,2464.042,0.578069,-2.708634,-6.897485,854.0135211774232,7.432776146228406,0.001028756018856159
METEOR 1-10,5731,24,-1374.4583,-7090.7815,19.6593,1.106107,-0.230115,-7.349829,851.7906232465048,7.436155723081315,0.0010295405350873796
COSMOS 475,5846,1,-2314.6127,285.9244,-6992.1712,-4.205641,-5.9081,1.136508,999.8644542974798,7.3406207002504225,0.000995896851144858
COSMOS 475,5846,6,1607.0048,4579.2239,-5529.7668,-4.55331,-3.716942,-4.424894,986.314511147154,7.357171786678628,0.0009999806010102857
COSMOS 475,5846,12,-3261.2758,-5632.3711,3442.246,3.62568,1.699855,6.169315,991.6477286569161,7.354964993298744,0.0009989565254727225
COSMOS 475,5846,24,-4940.6315,-5193.2339,-1735.0479,0.367515,-2.624943,6.849148,1003.9514692773319,7.344128359061951,0.0009958205677225425
OPS 5058 (DMSP 5B F2),5903,1,-1206.3274,4161.0259,-5704.5316,3.482408,-4.978599,-4.342662,792.1726987320453,7.468087220132675,0.0010425669649783264
OPS 5058 (DMSP 5B F2),5903,6,-1870.342,5026.5079,-4754.529,3.176928,-4.001561,-5.443468,796.2523938792201,7.465701964378769,0.0010416407228458179
OPS 5058 (DMSP 5B F2),5903,12,567.2394,-3176.4755,6449.1765,-3.678036,5.638998,3.111129,840.3545653479587,7.4165605853347545,0.0010284559604062256
OPS 5058 (DMSP 5B F2),5903,24,-2094.4561,1514.75,6732.0678,-3.104096,6.295886,-2.392369,840.2378119934474,7.41599770323407,0.0010283945553563737
COSMOS 480,5905,1,-2357.2144,113.4327,-7186.8508,6.1918,-3.145537,-2.093587,1193.4002489594168,7.253681602120263,0.0009589235581655139
COSMOS 480,5905,6,-6408.6056,3288.7238,2265.4884,-2.353102,0.160151,-6.880306,1180.0507652625647,7.273331287576622,0.0009632210818971648
COSMOS 480,5905,12,-404.1208,-833.223,-7511.7098,6.562519,-3.079047,-0.024711,1197.5770332432821,7.248985907497062,0.0009577739482147717
COSMOS 480,5905,24,-3503.3305,2513.2961,6199.5148,-5.640876,2.130781,-4.057724,1180.4214313547945,7.268069467025821,0.000962477002918623
METEOR 1-11,5917,1,-6301.6653,1183.3232,-3340.7832,3.057033,-1.873523,-6.509214,858.9427202630422,7.431379824259691,0.0010278615075928735
METEOR 1-11,5917,6,-6958.8757,1841.7787,-510.2276,0.18245,-1.225039,-7.343402,845.5387819664584,7.4471176630710625,0.0010319514504211911
METEOR 1-11,5917,12,6927.7695,-1732.4013,1335.9036,-1.059144,1.446887,7.176582,893.973705242498,7.39720198495546,0.0010182007926081748
METEOR 1-11,5917,24,6401.7102,-1354.2519,3131.5973,-2.861145,1.884427,6.566895,883.1569698211615,7.406843171714857,0.0010210480973225286
COSMOS 489,6019,1,3313.5054,4716.5796,-4564.1308,0.336794,4.977684,5.416777,981.3282787477574,7.364254291509833,0.0010016220729420569
COSMOS 489,6019,6,1952.4554,-585.9588,-7079.7022,2.733244,6.813715,0.207464,996.3341884952824,7.344411220517068,0.0009968885668286895
COSMOS 489,6019,12,-785.6834,3042.1277,6631.9901,-3.318413,-6.122118,2.426027,967.6055919800501,7.374130501233484,0.0010048408255230745
COSMOS 489,6019,24,1826.8221,6400.4588,3087.6297,-2.967017,-2.236227,6.3779,966.3434565834486,7.381159088098427,0.0010059715933667605
COSMOS 494,6059,1,2439.1407,2456.8778,-6262.3868,-6.791041,-0.829915,-2.962581,784.6372400607042,7.455459942382293,0.0010419002098992717
COSMOS 494,6059,6,2797.8364,2476.974,-6102.7939,-6.651532,-0.648784,-3.304699,784.9333495860737,7.455523731186227,0.0010418660106186542
COSMOS 494,6059,12,1056.8568,-1760.9596,6842.4745,7.200196,1.874651,-0.620923,773.0452330376984,7.466102342062155,0.0010450804969060247
COSMOS 494,6059,24,6702.2718,764.2885,2386.8992,2.127872,2.430041,-6.726564,784.5483356111945,7.4618765572851045,0.0010428098878389792
METEOR 1-12,6079,1,-5069.1757,-5161.2325,662.6737,0.339906,-1.271803,-7.289937,893.5715378952955,7.407847219240823,0.0010197225232896582
METEOR 1-12,6079,6,-4649.9771,-3960.9442,3929.4069,-2.132162,-3.579954,-6.123577,892.0299856055708,7.406779375092052,0.0010197919311597742
METEOR 1-12,6079,12,4750.8974,4086.7081,-3665.9553,1.939187,3.394352,6.294864,889.2642831738885,7.409951720447913,0.0010206173537815881
METEOR 1-12,6079,24,4935.9142,4321.6608,-3110.3996,1.531474,3.002451,6.599531,889.4811639242225,7.410393649465459,0.0010206477342419287
COSMOS 504,6117,1,2644.2806,-1542.1983,-7259.8187,-1.441689,6.638227,-1.946305,1507.804671073458,7.066302288274611,0.0008968749173612719
COSMOS 504,6117,6,-577.2579,-4384.7331,6321.9533,2.755255,-5.628474,-3.581147,1344.3227131941094,7.217739502040095,0.0009355071421311919
COSMOS 504,6117,12,2152.9781,-7496.755,146.1634,1.948086,0.337085,-6.864772,1430.154656113682,7.143791708372032,0.0009157351729687244
COSMOS 504,6117,24,1207.757,3207.3861,-7080.3848,-2.452638,6.179577,2.428093,1495.2476112561599,7.07801106770977,0.0008997951014892454
COSMOS 505,6118,1,3569.6534,-3342.0471,6112.1163,-1.475281,5.679688,4.036022,1456.4944828773696,7.122133345479359,0.0009098867282575559
COSMOS 505,6118,6,-1464.0838,-1832.9528,-7376.9635,3.326274,-6.316064,0.934194,1369.9849386743108,7.199269518833699,0.0009300198328594883
COSMOS 505,6118,12,2011.2334,-6608.23,-3506.9446,3.036385,-2.347322,6.091142,1375.7686134055084,7.199414233399339,0.0009293441682175724
COSMOS 505,6118,24,2554.7421,-482.1929,7408.3321,-2.549235,6.487249,1.342608,1480.2802582899321,7.098281123968675,0.0009040921850259787
COSMOS 506,6119,1,3717.805,-4681.4768,-5030.6756,-0.631222,4.926559,-5.134311,1442.1937157220536,7.1435687326773865,0.0009142956123438719
COSMOS 506,6119,6,-2365.615,83.861,7410.9392,2.687252,-6.588699,0.884292,1408.7934947942313,7.170373084112779,0.0009216662484564352
COSMOS 506,6119,12,723.5059,-5481.2429,5440.0126,3.363641,-4.251449,-4.730846,1385.3665207553204,7.195123574491128,0.0009276409972681979
COSMOS 506,6119,24,3404.6968,-3485.894,-6125.7284,-1.218052,5.758786,-4.022004,1456.3856241872227,7.129080098057251,0.0009107868757644757
COSMOS 507,6120,1,2173.6911,-7353.6907,-1391.6873,2.271603,-0.612191,6.774386,1422.4904536072272,7.171280477507905,0.0009201628615826004
COSMOS 507,6120,6,-3241.015,6218.6204,-3559.3107,-0.519753,-3.746284,-6.015368,1493.1026550176493,7.105592105172446,0.0009035477303489624
COSMOS 507,6120,12,-2629.9623,1260.3438,-7270.0515,1.750751,-6.684687,-1.751431,1462.1868997408692,7.12865203946237,0.0009100576981889956
COSMOS 507,6120,24,2018.9142,-7403.4678,-1361.8297,2.250062,-0.636142,6.779164,1422.7109353889036,7.171089191113439,0.000920112286760813
COSMOS 508,6121,1,-1402.4125,-2161.3942,7403.4642,3.014002,-6.32972,-1.300537,1467.9838543418073,7.130284694370415,0.0009095929812919742
COSMOS 508,6121,6,-843.9594,5942.6401,-5090.5339,-3.143192,3.895399,5.043313,1499.2461342721408,7.105546800495653,0.0009028366685450291
COSMOS 508,6121,12,-2963.5873,7295.8689,141.7838,-1.763154,-0.852874,6.828099,1505.0812169917945,7.103452825309182,0.0009019019268090138
COSMOS 508,6121,24,-2111.409,-525.4133,7536.2324,2.512438,-6.664388,0.213862,1473.0363262740975,7.1254578150061345,0.0009083917410146307
COSMOS 509,6122,1,4265.0187,-3940.4509,5280.6356,-1.477626,4.977081,4.890191,1477.7355762981251,7.13222839601467,0.0009087104956819813
COSMOS 509,6122,6,-2668.8196,270.8865,-7411.9834,3.323908,-6.109516,-1.418689,1511.4790183737232,7.098396200934475,0.0009005283977779599
COSMOS 509,6122,12,298.9731,-4147.5844,-6691.3027,4.064729,-4.863325,3.207221,1507.1579758642984,7.1035356296640755,0.0009016746873351139
COSMOS 509,6122,24,4412.2226,-6059.3748,2351.0994,0.449913,2.873525,6.508378,1484.6603559157365,7.128713195526806,0.0009074619920600946
COSMOS 510,6123,1,5476.9687,-5120.3969,-2459.0456,-0.138391,2.945309,-6.463725,1519.6625714947832,7.104487177128762,0.0009003663650241363
COSMOS 510,6123,6,-4623.0371,2781.0032,5728.5787,2.598071,-4.898946,4.467007,1498.1209641535143,7.1206598268703996,0.0009048863093231625
COSMOS 510,6123,12,-1998.3122,-994.3406,7544.9139,4.546811,-5.455447,0.488801,1497.1440401082136,7.118589653655491,0.0009047355535648768
COSMOS 510,6123,24,4179.3114,-6120.4795,2685.5374,3.031749,-0.749645,-6.388952,1511.830977186367,7.111411764433979,0.0009021393183508633
COSMOS 511,6124,1,-5125.5739,771.6291,-5945.4853,4.380276,-3.67096,-4.232324,1516.693878748345,7.111633539402322,0.0009016112502239791
COSMOS 511,6124,6,2301.7823,1200.6244,7476.5446,-5.975335,3.589247,1.269568,1543.4437493899604,7.085134105707386,0.0008952156752966376
COSMOS 511,6124,12,-1648.9238,3184.7195,7057.2164,-6.128475,2.475355,-2.549912,1545.1664527923904,7.084323496946903,0.000894918460746608
COSMOS 511,6124,24,-6860.8586,3911.6303,342.2577,-1.211239,-1.559265,-6.820252,1534.0219902465378,7.100298909119953,0.0008982010319364732
LANDSAT 1 (ERTS 1),6126,1,-4861.9214,3860.8065,-3813.7103,-2.092715,3.460017,6.189723,915.1850637042089,7.393500154070669,0.0010147285704972064
LANDSAT 1 (ERTS 1),6126,6,-3024.9219,1442.8958,-6474.5143,-4.411781,4.994673,3.180926,919.5031521604687,7.384365929879559,0.0010128746638963149
LANDSAT 1 (ERTS 1),6126,12,2838.0476,-1220.173,6579.8893,4.577454,-5.048562,-2.899495,897.9943960667106,7.4059526493885315,0.0010188414305830156
LANDSAT 1 (ERTS 1),6126,24,2419.2507,-737.4949,6814.0235,4.868628,-5.09801,-2.271086,897.2590030576621,7.406151239468446,0.0010189718385589693
COSMOS 514,6148,1,-5859.5374,2410.2107,3705.726,-3.809528,0.437768,-6.290696,969.0067675356577,7.367292621378901,0.0010037174153522484
COSMOS 514,6148,6,-1572.2865,1434.7041,7017.1086,-6.819576,2.014534,-1.931369,961.8216804196882,7.368524293988111,0.001004868877919636
COSMOS 514,6148,12,-489.4569,-783.3008,-7280.2606,6.968106,-2.366954,-0.207886,967.6185760094259,7.362077767474886,0.001003196676761775
COSMOS 514,6148,24,-4255.9746,684.7723,-5943.2082,5.51355,-2.441784,-4.222979,970.9313948878389,7.3617317486850204,0.0010026968862458954
OAO 3 (COPERNICUS),6153,1,-5790.9445,-1418.4472,3782.9653,0.78634,-7.318414,-1.536829,690.0096390156687,7.519265751802965,0.0010648995166718366
OAO 3 (COPERNICUS),6153,6,-5400.0618,-3229.1744,3206.5993,2.391805,-6.624434,-2.633104,690.905820682905,7.519115217443939,0.0010647430606369685
OAO 3 (COPERNICUS),6153,12,1339.1857,6939.385,249.3196,-6.07334,1.008597,4.301934,700.8203300319819,7.510616672708373,0.001062048570551623
OAO 3 (COPERNICUS),6153,24,-5870.7557,-1452.7427,3644.8546,0.62642,-7.253901,-1.878072,690.2462707815912,7.51921778986252,0.0010648570381939443
COSMOS 516,6154,1,-4303.8157,3271.9671,4913.9068,-5.831926,-0.917886,-4.47394,934.8249583558418,7.4074296960600305,0.0010139073599878658
COSMOS 516,6154,6,1326.2271,2880.8256,6585.7159,-7.13724,1.863293,0.595066,938.561435127458,7.400416148150386,0.0010124295710254665
COSMOS 516,6154,12,-3617.6318,-2095.7684,-6080.5028,6.194415,-2.7781,-2.768918,1008.161153384417,7.331815852362156,0.0009935839182749727
COSMOS 516,6154,24,-6754.1952,333.1554,-2882.0973,2.348309,-3.525896,-6.024362,979.9611729976841,7.36474271576007,0.0010018747946612763
TRIAD 1,6173,1,3907.5975,2131.6794,5537.762,5.108601,2.781747,-4.706324,733.9407636541637,7.482339616870248,0.0010531178043238158
TRIAD 1,6173,6,4596.5316,2506.8295,4797.0785,4.426551,2.409786,-5.537909,730.0040858339926,7.487980930376225,0.0010544960740572202
TRIAD 1,6173,12,-6226.7873,-3392.988,590.1612,0.524288,0.288889,7.452884,744.724691805518,7.4768853594742914,0.0010507552896312426
TRIAD 1,6173,24,766.4124,420.6924,7061.0607,6.50587,3.545114,-0.936794,743.9805531270431,7.468049325515465,0.0010496232940838113
COSMOS 521,6206,1,-1641.5781,3937.225,6000.4688,-3.16761,-5.92038,3.010151,991.2106176608422,7.358373563451437,0.0009994788176529207
COSMOS 521,6206,6,1483.9689,7069.9517,1459.3307,-3.27992,-0.672873,6.550099,998.9407615300806,7.356251096199069,0.000998142499950275
COSMOS 521,6206,12,-2789.9016,-6672.2741,1408.1668,2.334528,-2.3706,-6.563171,996.8847941478843,7.3583271820451825,0.000998702801092887
COSMOS 521,6206,24,-3640.3207,-2418.5465,5923.5204,-0.763365,-6.602879,-3.159092,990.3447073701755,7.359388525980266,0.0009997342630364869
OPS 8180 (STP RADSAT),6217,1,-167.728,-6952.2894,1052.2097,-1.171327,-1.090525,-7.360685,662.4632888862398,7.532657923056044,0.001070974229005872
OPS 8180 (STP RADSAT),6217,6,-549.4787,-6811.8436,-1670.1981,-1.019387,1.850084,-7.228232,664.1049577002232,7.530557649248096,0.0010704257711188201
OPS 8180 (STP RADSAT),6217,12,1091.4518,1567.0033,6768.8934,-0.026071,-7.330915,1.693149,662.11340975657,7.523944973912755,0.0010697886605205722
OPS 8180 (STP RADSAT),6217,24,-605.9,-6454.9615,-2732.6648,-0.953208,2.983273,-6.846665,664.7017905565963,7.528967054385216,0.0010701088929736457
NOAA 2 (ITOS-D),6235,1,-4340.0931,6478.5492,712.7016,1.5946,0.298214,6.949819,1459.4502695650144,7.136642409603902,0.000911396173134798
NOAA 2 (ITOS-D),6235,6,2248.4365,-5196.53,-5414.5164,-3.758119,3.515424,-4.934402,1463.307792096326,7.129515230051831,0.0009100376726638789
NOAA 2 (ITOS-D),6235,12,-1512.0898,-685.9348,-7655.6551,-4.075541,5.83921,0.282552,1462.6439236967544,7.126446765358245,0.0009097230911658827
NOAA 2 (ITOS-D),6235,24,-4393.3213,6412.2912,946.6699,1.7132,0.145546,6.92644,1459.385327568314,7.13665250321998,0.0009114050209118164
OSCAR 6,6236,1,4436.176,-6060.014,-2224.025,-2.414168,0.680697,-6.678637,1461.6058488728386,7.134125574714956,0.0009108240236219217
OSCAR 6,6236,6,-1756.6919,4196.9592,6368.2281,4.448315,-4.01846,3.869789,1455.542154209601,7.135180026835063,0.000911664421688104
OSCAR 6,6236,12,2407.9708,-396.4167,7434.8103,4.212359,-5.515038,-1.656427,1454.0797932466876,7.134659269555484,0.0009117682449338012
OSCAR 6,6236,24,4454.3735,-5959.9786,-2446.7793,-2.550413,0.805996,-6.613608,1461.5932572085412,7.134006363905838,0.0009108102680220532
METEOR 1-13,6256,1,3823.7816,3337.6578,-5168.1182,-4.956099,-2.195131,-5.058527,872.6669611164925,7.414189963488324,0.0010235409776964053
METEOR 1-13,6256,6,5450.1168,3896.2614,-2771.8399,-2.992278,-0.64414,-6.749091,879.3601608474737,7.410726907339455,0.0010221184524539862
METEOR 1-13,6256,12,-4981.2195,-3738.0476,3682.3238,3.752815,1.180461,6.297594,863.9883299900666,7.425415731498271,0.0010263203467404164
METEOR 1-13,6256,24,-3837.616,-3257.2786,5202.0562,5.007956,2.127426,5.043727,867.6842139599103,7.419214697927335,0.0010249396822172832
COSMOS 528,6262,1,5822.5256,5098.0569,1291.2185,-0.459183,2.230524,-6.731632,1474.9692666384572,7.106402446068546,0.0009057392661841546
COSMOS 528,6262,6,-3631.5936,-5224.4861,4445.938,4.175324,1.785894,5.562645,1391.0932604870295,7.180930808762677,0.0009251281281709455
COSMOS 528,6262,12,1652.3424,-1392.3308,7499.4736,5.1567,4.931429,-0.174647,1433.545133482371,7.137299800810528,0.0009145055450048862
COSMOS 528,6262,24,4867.2573,5526.3412,-2683.497,-3.11711,-0.389949,-6.381852,1466.8438892484792,7.113119563497088,0.0009075352436215873
COSMOS 529,6264,1,1751.7212,7529.6599,-1259.3781,-1.679734,1.541873,6.75234,1461.6456942055693,7.1269189790880185,0.0009098993184844767
COSMOS 529,6264,6,-84.4052,-6660.671,-4031.6083,2.348615,3.489853,-5.803275,1415.2396503483587,7.167500757269511,0.000920534311700621
COSMOS 529,6264,12,1938.5509,-1202.2728,-7450.4099,1.568046,6.945173,-0.73087,1420.7935775743344,7.157399472919266,0.0009185817619089748
COSMOS 529,6264,24,1353.5111,7677.7287,815.2652,-2.060064,-0.345662,6.808337,1467.633020811596,7.121572762242129,0.0009085222823079395
COSMOS 530,6265,1,6660.5952,1684.3462,-3773.6111,2.569314,2.948118,5.930746,1467.4112723026137,7.103979327745542,0.000906303469026661
COSMOS 530,6265,6,-6407.4073,-3531.8646,-2634.1125,2.98738,-0.74252,-6.466783,1405.0841381432274,7.162056798426622,0.0009210364331444564
COSMOS 530,6265,12,-582.9899,-2535.0913,-7394.5733,6.571753,2.318084,-1.35189,1467.7677227935892,7.09852502257793,0.0009055664453402313
COSMOS 530,6265,24,6789.0473,3316.0284,1891.1216,-2.445138,1.060604,6.635676,1417.6807931273197,7.15092837754903,0.0009181180443110419
COSMOS 531,6266,1,-7004.6838,-1210.0453,-3233.1647,-2.397284,-2.606319,6.213555,1438.171450503607,7.151792435777342,0.0009158196206994698
COSMOS 531,6266,6,7056.5573,2769.1195,-2042.894,-2.387804,1.239057,-6.586351,1479.8878242336095,7.114554777838596,0.0009062102194197516
COSMOS 531,6266,12,2697.7301,2838.5734,-6797.5066,-6.391565,-1.033217,-2.949724,1473.829036803615,7.114809357564685,0.0009069425635900948
COSMOS 531,6266,24,-7324.2961,-1414.942,-2300.1448,-1.576718,-2.401129,6.553154,1435.282106406753,7.155088222648342,0.0009165807903324471
COSMOS 532,6267,1,7474.8499,653.3524,-1775.2007,-1.817673,1.887272,-6.723072,1339.4855820756366,7.215637730242352,0.0009358214412612813
COSMOS 532,6267,6,-3087.49,-2023.9976,6915.1918,6.520886,-0.678961,2.703038,1467.9437053529718,7.0914989031911295,0.0009046498061146382
COSMOS 532,6267,12,4809.6568,-1649.4514,5903.6171,5.574549,1.26821,-4.271769,1420.4172855880734,7.136663334280383,0.0009159647176748189
COSMOS 532,6267,24,2113.518,2026.2265,-7105.8448,-6.949214,0.57441,-1.920848,1314.4136184927147,7.232646756547702,0.0009410875088289899
COSMOS 533,6268,1,1792.0926,-7347.5349,-1455.935,2.270446,-0.767944,6.81885,1330.7927599954128,7.227819750696057,0.0009384593919793242
COSMOS 533,6268,6,-3040.0744,5451.5393,-4743.6545,-0.165535,-4.73786,-5.282615,1468.8718811183453,7.097939169508992,0.0009053641790503957
COSMOS 533,6268,12,-1695.7555,-1737.7201,-7384.3912,2.282173,-6.687365,1.123308,1402.3191917199501,7.154787565540852,0.0009204288913238053
COSMOS 533,6268,24,2900.5235,-5185.643,4904.5866,0.163894,4.983956,5.224613,1333.4727019050952,7.222413699930308,0.0009374312791249701
COSMOS 534,6269,1,-2955.2416,6452.7151,-3252.1416,-3.161481,1.717947,6.163758,1435.8822242037913,7.1371014207964,0.0009142063650799214
COSMOS 534,6269,6,4459.952,-5749.899,-2629.274,0.21744,3.155408,-6.469904,1366.2858367505723,7.201634367925102,0.0009307701072278819
COSMOS 534,6269,12,2593.0183,-235.8279,-7289.967,-3.334781,6.212714,-1.417281,1369.9933189250523,7.192166919414343,0.0009291012952861039
COSMOS 534,6269,24,-4317.2811,6342.9884,1589.904,-0.885021,-2.248983,6.688353,1464.8287799165046,7.1116279822090664,0.0009075782769062553
COSMOS 535,6270,1,-1398.6618,2884.7524,7061.4571,-6.435332,2.308102,-2.218626,1384.1420112867954,7.1877071532237595,0.0009268311454210388
COSMOS 535,6270,6,5859.3844,-3877.3327,-3483.6333,3.691868,0.174321,6.077038,1471.3080392395668,7.11271171874054,0.0009069666331839507
COSMOS 535,6270,12,6755.4755,-2230.193,3203.1293,-2.022044,2.937704,6.196899,1430.9386924576474,7.1498478267549865,0.0009164193809503969
COSMOS 535,6270,24,-3980.69,3733.3053,5515.8002,-5.361526,1.175711,-4.638472,1388.350049161858,7.186353727655005,0.0009261540827676996
OPS 7323 (DMSP 5B F3),6275,1,-893.1364,6803.9315,1998.6578,0.873437,2.218783,-7.091955,776.4337693467332,7.482093017069689,0.0010468222943398526
OPS 7323 (DMSP 5B F3),6275,6,-1026.4413,6427.2511,2947.5291,0.719483,3.215178,-6.719483,774.0028859436943,7.483747533573136,0.0010474100085104026
OPS 7323 (DMSP 5B F3),6275,12,662.3761,-7160.0783,115.1212,-1.110583,0.041368,7.353407,820.5725853718213,7.4369147110184075,0.0010341152262226525
OPS 7323 (DMSP 5B F3),6275,24,-405.239,-4350.9905,5674.6636,-1.271936,5.898487,4.388965,791.2024511581776,7.46143309616122,0.0010417791380575474
NIMBUS 5,6305,1,6422.8474,171.3477,3809.6241,-3.615225,-1.544416,6.15882,1098.642865712045,7.30658171610234,0.0009781701545119104
NIMBUS 5,6305,6,5460.331,1577.7481,-4851.0001,4.892049,-0.289665,5.413903,1101.3962466410085,7.302492377540356,0.000977262465279859
NIMBUS 5,6305,12,417.4761,-1227.5365,7355.6391,-7.222687,-1.039513,0.239239,1098.040013438961,7.30102938470042,0.0009775057265142184
NIMBUS 5,6305,24,7143.6354,1350.5149,-1724.4762,1.867363,-0.948842,6.999479,1100.8963715794143,7.306165340736138,0.000977819415232569
COSMOS 539,6319,1,-5766.4093,-881.1638,-5067.9879,4.726398,-1.928825,-5.058038,1356.3816530635613,7.18630310691617,0.0009299790575333007
COSMOS 539,6319,6,-955.0852,2217.2673,7346.5657,-7.083551,0.438712,-1.069609,1362.077628171388,7.177271515097224,0.0009281261433288374
COSMOS 539,6319,12,-7407.9999,1325.4647,1731.432,-1.880147,-1.727194,-6.725824,1351.252000548162,7.194085093618299,0.0009316045491791292
COSMOS 539,6319,24,3822.2738,-2302.8781,-6336.5156,6.181178,0.275387,3.60977,1379.1260954044747,7.1633259677577845,0.0009242850864072212
COSMOS 540,6323,1,3138.1629,3710.1037,-5232.0271,-5.531036,-1.875653,-4.660151,769.5212293518534,7.471776278269178,0.0010463908779593941
COSMOS 540,6323,6,3374.7786,3757.1808,-5047.4936,-5.405142,-1.681143,-4.878087,769.2191706520853,7.4724517132051105,0.0010465297401399912
COSMOS 540,6323,12,-51.928,-2285.4384,6767.6238,6.482862,3.496776,1.21537,772.2945547348809,7.4653912383826215,0.0010450907744570383
COSMOS 540,6323,24,5697.9992,2063.6732,3764.3217,2.689559,3.542469,-6.015133,763.1474487628702,7.480951760179382,0.0010486118788414797
COSMOS 546,6350,1,2333.7598,4981.9627,-4098.3758,-4.280524,5.068718,3.746106,489.25300891395455,7.618930242582353,0.0011105902701668002
COSMOS 546,6350,6,-2600.5669,6124.1608,1605.5475,-4.050465,-3.210399,5.626147,473.41936765921037,7.63979440306053,0.0011162078172999702
COSMOS 546,6350,12,2121.7841,5360.9834,-3715.8351,-4.354187,4.624337,4.210901,488.2668174142618,7.620703665170232,0.0011110084893946447
COSMOS 546,6350,24,1800.7941,-6534.4689,-1079.2585,4.475099,2.172463,-5.770795,492.44972338868865,7.618935718208613,0.001110073800387208
METEOR 1-14,6392,1,-5818.594,606.2718,-4344.7707,4.159094,-1.839407,-5.804361,916.0181877013138,7.37374312210603,0.0010119012924313935
METEOR 1-14,6392,6,-6985.2775,1323.8611,-1604.7142,1.355679,-1.42814,-7.107387,917.4715563539867,7.375120295860265,0.001011888465069297
METEOR 1-14,6392,12,6706.8482,-1171.8632,2355.2875,-2.168274,1.598692,6.957396,833.335871196854,7.460736381266664,0.0010355897496526927
METEOR 1-14,6392,24,6036.2521,-834.6284,3843.9829,-3.688506,1.865363,6.208535,833.8003800475535,7.458589845274373,0.0010352250516099857
METEOR 1-15,6659,1,3262.1382,-2968.4849,5753.2865,-2.957041,5.2128,4.349851,878.3967879065294,7.405307491109467,0.0010215067139741929
METEOR 1-15,6659,6,4107.1043,-4717.0359,3673.2398,-1.435303,3.651556,6.279816,882.3732870486774,7.404731252165807,0.0010208672515707124
METEOR 1-15,6659,12,-3805.0898,4102.0838,-4567.3879,2.054044,-4.376459,-5.648453,851.6610135983046,7.434884762108018,0.0010293830415286213
METEOR 1-15,6659,24,-3000.2056,2647.8098,-6015.3866,3.092935,-5.47178,-3.962077,853.7495684422829,7.429985022633222,0.0010284072758850228
COSMOS 564,6675,1,-1971.0843,-7277.058,2137.279,1.487343,-2.304694,-6.575078,1465.3708422273821,7.124286233677659,0.0009091308179658171
COSMOS 564,6675,6,357.7833,7050.6566,3373.4952,-2.320856,-2.787497,6.143547,1453.3362175526108,7.134401295060014,0.0009118219228686976
COSMOS 564,6675,12,-1724.6558,2146.3239,7348.5896,-1.771526,-6.705067,1.557914,1476.47813131155,7.10797607442238,0.0009057656428581118
COSMOS 564,6675,24,-1696.1059,-7633.3456,353.2768,1.858112,-0.69726,-6.851297,1456.4864912353833,7.1329532659588475,0.0009112699554251265
COSMOS 565,6676,1,-409.5862,-7857.1808,-39.9751,1.955585,-0.080293,-6.836017,1496.9507489395928,7.110688298776919,0.0009037535345191715
COSMOS 565,6676,6,-913.3359,6353.9038,4474.588,-1.826258,-4.154474,5.521753,1453.8459240822913,7.147351166148827,0.0009134174954361262
COSMOS 565,6676,12,-2039.3839,1434.0218,7422.0,-0.78053,-7.001625,1.152864,1458.533141538801,7.138702621906938,0.0009117660648287276
COSMOS 565,6676,24,-1036.1264,-7632.1165,1590.0494,1.793128,-1.653186,-6.682297,1493.5417718255894,7.113467872366403,0.000904498708093855
COSMOS 566,6677,1,-5128.0423,2910.587,-5132.8791,2.506407,-4.422693,-5.025062,1446.5944107106952,7.147974365212987,0.0009143444888135565
COSMOS 566,6677,6,2363.6345,675.2706,7447.6109,-4.827768,5.129627,1.045863,1471.8098632195224,7.121393573993927,0.0009080155834697937
COSMOS 566,6677,12,-2162.3793,4547.3044,5990.8243,-4.876071,3.139294,-4.163864,1454.8441932355345,7.139257568261073,0.000912266765345529
COSMOS 566,6677,24,-5195.7421,3282.5062,-4831.0439,2.15592,-4.323052,-5.269395,1446.2609068955899,7.148656748447851,0.0009144707888848938
COSMOS 567,6678,1,-3019.4548,-3091.8246,6475.8998,6.168075,1.224319,3.446176,1414.4842409479088,7.170790419637294,0.0009210461671635503
COSMOS 567,6678,6,-2019.7803,1534.9783,-7442.6244,-6.448246,-2.7111,1.207286,1492.0991855129441,7.09841384904487,0.0009027501347208059
COSMOS 567,6678,12,-6648.5239,-1159.3369,-3987.1066,-2.962524,-2.828951,5.830453,1467.6192110815273,7.125566250915503,0.0009090333461844944
COSMOS 567,6678,24,-2455.6894,-2902.1484,6792.925,6.427647,1.335737,2.88584,1413.388596448659,7.171255942676848,0.0009212356055745303
COSMOS 568,6679,1,58.5268,-2605.6839,-7398.0181,5.97397,-3.628798,1.284861,1472.7035755416628,7.1068530500514075,0.0009060583411402858
COSMOS 568,6679,6,-4483.8052,4599.5437,4337.614,-4.363027,1.051328,-5.625627,1379.8197329542327,7.196455676889978,0.0009284767192162579
COSMOS 568,6679,12,-6443.1035,3700.3704,-2278.9369,0.687158,-2.777652,-6.584056,1400.735790870017,7.1789504916250815,0.0009237254951536926
COSMOS 568,6679,24,2402.711,-3956.4812,-6349.3162,5.473239,-2.622403,3.677154,1486.5174096566207,7.096111906195251,0.0009030984643412144
COSMOS 569,6680,1,3959.0858,4766.131,-4839.7918,-4.522584,-1.568602,-5.229737,1491.1847948435989,7.089740993903021,0.0009017520166344623
COSMOS 569,6680,6,879.8362,-2007.338,7440.5798,5.801731,4.204253,0.497572,1385.6581299708241,7.182158713057934,0.0009259346735041614
COSMOS 569,6680,12,5682.9093,2551.8526,4722.9044,2.721625,3.922325,-5.296606,1446.4954925278098,7.130631891037848,0.0009121376402267855
COSMOS 569,6680,24,1092.8175,3290.6748,-7040.5376,-5.774663,-3.346895,-2.419031,1477.0545630541492,7.099306295938709,0.0009045944111244741
COSMOS 570,6681,1,-2688.1163,4364.1551,5940.9897,-0.000141,-5.705995,4.221822,1475.4754886947676,7.098039163007626,0.0009046149667114245
COSMOS 570,6681,6,1798.4957,1649.7575,-7330.4206,-1.778319,6.897607,1.090802,1355.017911228857,7.20619523711466,0.0009327179046066284
COSMOS 570,6681,12,-602.922,7163.8142,-2966.7014,-2.34966,2.477058,6.299069,1406.2145416574176,7.1648439423147945,0.0009212609352535465
COSMOS 570,6681,24,-2148.3483,-279.8962,7544.9125,1.315197,-6.968539,0.101009,1478.805534759672,7.092283254454167,0.0009034979558472978
COSMOS 571,6682,1,-6018.8127,148.0171,-4954.1457,4.117108,-2.647175,-5.198463,1425.895215173935,7.140177261571172,0.0009157718636099289
COSMOS 571,6682,6,736.4351,1996.8095,7401.2111,-6.956753,1.944823,0.127311,1330.136966874792,7.224607732954018,0.0009381222232547624
COSMOS 571,6682,12,-6052.5077,2838.0732,3830.9628,-4.092543,-0.612734,-5.924396,1333.7897389936188,7.226535762481287,0.0009379277056592592
COSMOS 571,6682,24,-1037.4805,-1945.3337,-7534.9437,6.752275,-2.108899,-0.426178,1479.8640005037423,7.086769387775363,0.0009026738187441087
COSMOS 574,6707,1,3526.8619,6239.2261,-1781.0831,-1.66376,-1.057336,-7.071547,1014.0493700244433,7.341173865786383,0.0009940588746209134
COSMOS 574,6707,6,3523.7958,4725.3503,4414.6658,1.713389,4.185222,-5.805468,993.4651145549851,7.359024646896422,0.0009992612542019093
COSMOS 574,6707,12,-2428.2586,-2403.0344,-6547.2144,-3.081821,-5.789009,3.284642,1013.9191299312597,7.334788268674564,0.0009932117250880223
COSMOS 574,6707,24,890.2116,2994.7069,-6699.9932,-3.851411,-5.484498,-2.961293,1021.6081317575881,7.326823406823315,0.000991101283368224
OPS 8364 (DMSP 4),6787,1,-6370.9813,2606.132,1922.5958,-1.396579,1.821042,-7.115328,775.8665397187415,7.476263733750234,0.0010460897362782509
OPS 8364 (DMSP 4),6787,6,-6226.0806,2408.5339,2552.9242,-2.023025,2.061438,-6.894862,776.2048491764399,7.475378169531827,0.0010459163165574025
OPS 8364 (DMSP 4),6787,12,6407.709,-3054.5392,1049.5206,-1.455469,-0.548769,7.282446,804.6837892177218,7.44671452173628,0.001037770718509895
OPS 8364 (DMSP 4),6787,24,2123.5371,-2010.758,6541.5824,-6.473338,2.380075,2.815269,794.5326281882335,7.4494698744427446,0.0010396254208846305
OPS 8314 (2),6822,1,-219.5832,-762.1241,7791.277,-7.114102,0.319278,-0.178184,1460.541816031633,7.1234917874272865,0.0009095899574774758
OPS 8314 (2),6822,6,5347.8163,346.1384,-5692.1015,5.211345,-0.689646,4.831061,1446.8622689839258,7.1395293052176765,0.0009132329349856389
OPS 8314 (2),6822,12,7818.3482,-333.9395,328.1849,-0.316254,-0.688935,7.089964,1461.355296760452,7.1303742922820685,0.0009103742133903539
OPS 8314 (2),6822,24,-1521.9273,-704.6716,7647.5365,-6.983624,0.375036,-1.365926,1458.2808922125223,7.125826970404768,0.0009101508897825531
COSMOS 585,6825,1,3291.3718,6626.4461,2374.2301,-0.924158,2.792286,-6.53086,1399.4494599596019,7.162615545620189,0.0009217762218940456
COSMOS 585,6825,6,-1322.8557,-6522.6169,4018.3442,2.950909,2.973348,5.803662,1403.4175689797976,7.157594209343598,0.0009206598624059831
COSMOS 585,6825,12,2157.2385,-361.2612,7460.6501,2.53812,6.673997,-0.412487,1403.669608101537,7.152232841258595,0.000919940422137767
COSMOS 585,6825,24,1270.8441,6319.1992,-4325.9703,-3.073443,-3.231987,-5.611399,1391.817935019959,7.167955815964479,0.0009233703374167888
COSMOS 586,6828,1,-6333.5071,-3576.721,984.4739,1.31435,-0.307943,7.256824,968.9887028096045,7.381316913717023,0.0010056305551112905
COSMOS 586,6828,6,-5132.4268,-2087.8293,-4834.5278,-3.95861,-2.906291,5.487484,982.4682356198136,7.36407503757512,0.0010014424216730723
COSMOS 586,6828,12,3262.5708,827.1153,6541.6822,5.634432,3.467126,-3.219617,985.7719789526964,7.35756211589063,0.0010001074026679357
COSMOS 586,6828,24,-1769.8945,-1893.9976,6867.9983,6.286659,2.969379,2.452933,969.9232456646014,7.3726639236039375,0.0010043237991839897
COSMOS 588,6845,1,2882.377,2720.624,-6764.671,1.08607,6.373168,3.008354,1469.3230710058115,7.130709094503856,0.0009094917428688406
COSMOS 588,6845,6,-3066.7951,-6287.3377,3557.7871,0.638571,-3.71729,-6.047981,1477.165173347953,7.12769893040538,0.0009081994036785506
COSMOS 588,6845,12,-1783.9103,-7366.4719,-1994.6992,2.389052,1.224165,-6.614525,1466.4784918630776,7.138493565280703,0.0009108150756256536
COSMOS 588,6845,24,2540.591,932.7216,-7354.938,1.82338,6.736934,1.470807,1466.0712129105705,7.132619965763282,0.0009101129455112267
COSMOS 589,6846,1,-2440.848,930.3194,-7362.5664,-5.650475,-4.153297,1.376316,1441.2094915285852,7.146466919232888,0.0009147817818995234
COSMOS 589,6846,6,5906.3806,2204.793,4698.1966,2.890877,3.685516,-5.342011,1491.5374566457185,7.1047364159063635,0.0009036187687603532
COSMOS 589,6846,12,6379.585,4449.7831,-1143.1931,-1.958638,1.046897,-6.752206,1490.7151355895758,7.108061761836978,0.0009041362653372101
COSMOS 589,6846,24,-2661.8085,812.5094,-7297.7663,-5.65255,-4.057981,1.636576,1439.4282203459434,7.1482104265779,0.0009152136380892683
COSMOS 590,6847,1,4180.5599,-1598.2083,6399.7336,-3.581925,5.053978,3.580005,1438.4776392948243,7.154670930946719,0.0009161523038297306
COSMOS 590,6847,6,-891.4286,-2166.7698,-7514.5928,5.109987,-4.859122,0.798461,1500.3811535779314,7.096518422407851,0.00090155949558892
COSMOS 590,6847,12,3364.3354,-5366.9149,-4653.2064,4.152277,-2.045327,5.398824,1488.69834208261,7.1114040389106,0.0009047935085287597
COSMOS 590,6847,24,4466.2602,-2186.3277,6023.6109,-3.115875,4.97421,4.08983,1439.9792766650035,7.153890659537997,0.0009158762821084377
COSMOS 591,6848,1,-7331.0553,1682.5886,2284.522,1.45709,-2.429628,6.501614,1489.9488598382359,7.092051049695003,0.0009021876590405583
COSMOS 591,6848,6,3826.6843,760.0884,-6684.6918,-5.854944,2.850998,-3.066085,1368.9193515609895,7.197877191670124,0.000929967983480145
COSMOS 591,6848,12,-3051.2478,2996.1432,-6517.6645,-6.227343,1.080845,3.33697,1424.315115277338,7.1472648988668395,0.0009168667068839278
COSMOS 591,6848,24,-5438.7086,175.1292,5667.1023,4.617029,-2.972877,4.488925,1485.6067708058217,7.092630125672351,0.0009027599741949269
COSMOS 592,6849,1,-1844.9788,-5602.0461,-5169.7181,3.821801,3.284417,-5.003851,1472.01297413451,7.101554952522088,0.0009054626042239534
COSMOS 592,6849,6,-1780.359,1157.7527,7402.7899,-3.944656,-6.056885,-0.00082,1330.3873936311174,7.228151045320027,0.0009385518057821054
COSMOS 592,6849,12,-4563.1383,-4871.3141,3924.5688,-0.723723,-4.13658,-5.842122,1372.0079731147853,7.194821647547144,0.000929202407194846
COSMOS 592,6849,24,1128.7499,-2160.5299,-7480.4568,4.16227,5.632306,-1.007741,1496.6044462218779,7.075514423249874,0.0008993225919800308
COSMOS 593,6850,1,523.4654,-5864.2996,5094.2369,2.215416,4.542893,5.074441,1414.5812510614096,7.162115352672421,0.0009199204428951285
COSMOS 593,6850,6,-2015.2654,914.814,-7455.6302,-1.316185,-7.029276,-0.457122,1406.1846426701995,7.166032693288875,0.0009214173280613416
COSMOS 593,6850,12,-2375.6801,-5590.8787,-4808.3792,0.695255,-4.833502,5.287661,1376.40544354317,7.197602375093389,0.0009290339104547579
COSMOS 593,6850,24,1407.7854,-3303.5497,6935.7721,1.958438,6.322052,2.66994,1439.2647186866634,7.13669394707017,0.000913758266092451
COSMOS 594,6851,1,-858.9013,-2168.7292,-7516.1468,7.042662,-0.11579,-0.768762,1498.7878310170836,7.085442144495148,0.0009003345829184104
COSMOS 594,6851,6,-4700.175,1662.7669,5959.7391,-5.741065,-1.23977,-4.128106,1399.1305609641731,7.179005232924753,0.0009239233725351883
COSMOS 594,6851,12,-7819.4446,13.0286,155.5361,-0.19341,-1.965693,-6.858153,1450.002178448125,7.136919431362386,0.0009125325972966961
COSMOS 594,6851,24,1437.8331,-2142.4674,-7430.8203,6.966023,0.312003,1.277109,1495.04226497738,7.08899356089558,0.0009012147814738402
COSMOS 595,6852,1,-817.2574,6953.7297,-3558.8629,-2.543177,2.809073,6.015192,1483.1563225793552,7.109231686302114,0.0009051553590631102
COSMOS 595,6852,6,2399.3302,-7212.4849,-1658.9839,1.457674,2.031991,-6.728474,1409.0354383395488,7.17817269805018,0.0009226401029841811
COSMOS 595,6852,12,2741.3243,-2966.6563,-6666.1911,-0.710206,6.382247,-3.165846,1423.486019091919,7.159612435541536,0.0009185483709900416
COSMOS 595,6852,24,-1121.3826,7410.4441,-2365.4731,-2.339224,1.735235,6.481127,1488.2393831484205,7.105492003903037,0.0009040941059943345
NNSS 20 (TRANSIT 20),6909,1,-1073.2257,-3595.9092,6205.3511,1.865029,6.122518,3.853293,880.8107154045556,7.470704570187071,0.0010301847170828015
NNSS 20 (TRANSIT 20),6909,6,-2108.9527,-6965.4385,688.7586,0.250434,0.762821,7.374618,939.2259470684967,7.418194100474926,0.0010147694687124857
NNSS 20 (TRANSIT 20),6909,12,2050.1834,6744.7354,2226.5384,0.65773,2.229967,-6.956727,1021.7113318675765,7.334944589192068,0.0009921859869698286
NNSS 20 (TRANSIT 20),6909,24,710.833,2284.6543,6885.2379,2.040022,6.74754,-2.35302,918.1309333825184,7.431533417302515,0.0010195362774000707
NOAA 3,6920,1,-4172.2927,5421.0828,-3929.3183,-0.711403,3.783212,5.973195,1517.9611104152382,7.106183629303284,0.0009007755938765488
NOAA 3,6920,6,4029.4659,-6774.503,89.3604,-1.258794,-0.84388,-6.950315,1511.7959264058054,7.113618937507195,0.0009024233284636965
NOAA 3,6920,12,2470.3772,-6024.3346,-4446.0479,-3.164247,2.887976,-5.67422,1513.3333777898688,7.109826795498257,0.0009017663833858936
NOAA 3,6920,24,-2571.1679,1132.706,-7369.8267,-3.158889,6.030792,2.025813,1516.2221244528982,7.103024016047954,0.0009005735991669766
OPS 6630 (2),6938,1,7315.3563,2598.9676,-727.6846,-0.319839,-1.035442,-7.076844,1426.3453982029432,7.159340620589371,0.0009181766684645504
OPS 6630 (2),6938,6,-5219.0244,-1194.6318,5693.6602,4.72568,2.373781,4.79512,1444.569544085105,7.138631767556091,0.0009133859953889955
OPS 6630 (2),6938,12,720.1686,1264.7826,7657.128,6.675156,2.359502,-1.032539,1423.2239540619257,7.15479518217405,0.0009179612010565028
OPS 6630 (2),6938,24,6944.5657,2279.3104,-2731.3194,-2.055289,-1.645606,-6.651381,1431.7145485389256,7.153537669427484,0.000916801149769986
COSMOS 614,6965,1,4756.9301,-4090.394,3380.4545,4.095251,-0.44197,-6.249592,755.5124484625894,7.484906038178769,0.0010502901794261928
COSMOS 614,6965,6,4706.5983,-4119.6041,3415.1981,4.121068,-0.49471,-6.228615,755.4846565851321,7.4848903975241345,0.0010502920806274131
COSMOS 614,6965,12,-6077.3131,3693.2344,602.8203,-0.530586,-2.087959,7.15887,766.0236907878525,7.475995851120906,0.001047494890730233
COSMOS 614,6965,24,-2434.1612,-665.8536,6651.6183,5.804791,-4.430128,1.673465,743.2482226243192,7.491469665979433,0.0010530233738760332
COSMOS 617,6985,1,-1186.0887,-2087.0134,7369.8625,4.016167,-5.857143,-1.077617,1379.9550769536454,7.183103778522693,0.0009267378932282324
COSMOS 617,6985,6,-2463.7711,6235.3938,-4107.3045,-3.419896,2.433507,5.70874,1491.5857152716562,7.08571502090403,0.0009011939936173039
COSMOS 617,6985,12,-4475.1488,5739.7803,2928.4597,-0.076201,-3.327584,6.27437,1474.2476626894086,7.10255874782863,0.0009053326361648373
COSMOS 617,6985,24,1611.7683,-5577.3955,5083.9458,3.759923,-3.500303,-5.070851,1345.9710711938515,7.2182180572450845,0.0009353693295792532
COSMOS 618,6986,1,4868.5326,5981.9993,-1529.1826,-0.703698,2.294676,6.695979,1491.9081596191882,7.113147235128836,0.0009046458499488993
COSMOS 618,6986,6,-3424.0794,-6252.1741,-3230.268,3.241986,1.427599,-6.205666,1455.150526666298,7.145544250269044,0.0009130343488694471
COSMOS 618,6986,12,49.1419,-3343.7524,-7083.4485,4.526617,4.992838,-2.340537,1462.1563045169487,7.134199759419553,0.0009107694883230727
COSMOS 618,6986,24,5051.6362,5391.211,-2687.3321,0.077466,3.127474,6.388826,1490.6752768962579,7.113662366187194,0.0009048532425515832
COSMOS 619,6987,1,-2887.2759,6143.7277,3879.5557,-3.492844,2.107844,-5.868712,1447.7406021603365,7.14735937781332,0.0009141317945550576
COSMOS 619,6987,6,4589.9941,-6277.6201,881.6097,1.119066,1.818756,6.815367,1455.480410829181,7.142087191051436,0.0009125541515659098
COSMOS 619,6987,12,4018.6475,-2868.4564,6038.731,-2.264898,5.442114,4.067089,1429.2462742094376,7.161534798723037,0.000918116498757453
COSMOS 619,6987,24,-2667.2591,6153.8766,4018.3301,-3.498316,2.30763,-5.789685,1447.6600582917263,7.1472948345497125,0.0009141329564482053
COSMOS 620,6988,1,-2883.3099,-1905.5474,7032.623,6.628062,-0.957995,2.466544,1464.9666368109156,7.13672190853791,0.0009107647134447749
COSMOS 620,6988,6,-1775.3162,2180.4548,-7342.6891,-6.918517,-0.172781,1.638527,1491.6467531031994,7.111997010894971,0.0009045296366758477
COSMOS 620,6988,12,-6435.1576,1524.8381,-4227.8617,-4.055156,-1.431016,5.685444,1478.2801658735725,7.1285601949992685,0.0009081801189862239
COSMOS 620,6988,24,-5053.6384,-1367.7948,5828.4216,5.439262,-1.573617,4.349308,1463.5786128041473,7.139910478864354,0.0009113330571724063
COSMOS 621,6989,1,-2694.7249,1674.6185,-7115.4283,-6.649161,-1.568558,2.15605,1419.713016127802,7.163816567011261,0.0009195328530496781
COSMOS 621,6989,6,6808.0236,-196.4997,3913.0863,3.412715,2.157894,-5.851926,1483.937419324533,7.109723489414831,0.0009051279609082124
COSMOS 621,6989,12,7329.2101,1611.5555,-2248.0153,-2.382788,1.572012,-6.533904,1462.7733314512207,7.130273617632355,0.0009101965701516486
COSMOS 621,6989,24,-3552.9026,1525.8313,-6762.7167,-6.323391,-1.608041,2.960779,1419.0972526410305,7.165003969531559,0.0009197579615713334
COSMOS 622,6990,1,-6935.8845,2335.7464,-2863.2302,1.645425,-2.766131,-6.327093,1487.7716737824403,7.098662548004024,0.0009032788892042496
COSMOS 622,6990,6,3687.487,407.678,6796.0149,-5.592632,3.54235,2.831106,1371.71142739254,7.200065096452948,0.0009299152065748193
COSMOS 622,6990,12,-2634.8983,3334.6488,6512.5465,-6.066577,1.854938,-3.340056,1405.6209619182664,7.169388088526733,0.0009219155882271847
COSMOS 622,6990,24,-5708.4624,1134.6428,-5294.0931,3.822391,-3.447391,-4.872892,1496.7429423738304,7.088035983784647,0.0009008982672286021
COSMOS 623,6991,1,2052.8373,-719.3312,-7515.5977,1.44737,6.972545,-0.31874,1453.0518367282066,7.1283138876963745,0.0009110770271528812
COSMOS 623,6991,6,-2587.6465,-4465.2362,5813.1483,0.133376,-5.70369,-4.354971,1402.4768211235814,7.177439737421485,0.000923324260505617
COSMOS 623,6991,12,-1546.527,-7611.6382,-59.2488,1.945268,-0.354339,-6.910051,1396.3864503917712,7.187379810566991,0.0009253279538067112
COSMOS 623,6991,24,2422.7306,1231.0977,-7351.565,1.070644,6.881776,1.460912,1466.7760274421362,7.116135423153216,0.0009079278864613809
COSMOS 624,6992,1,-5041.8691,-4311.7296,-3996.2511,-1.190735,-4.059897,5.823308,1373.7710759777901,7.198022614141887,0.0009294041803854253
COSMOS 624,6992,6,4555.8413,6156.4671,-1545.0249,-2.447408,0.058805,-6.703931,1442.1222341512166,7.1369429589460776,0.0009134559456590153
COSMOS 624,6992,12,466.6184,3597.3992,-6855.3627,-4.855354,-4.567545,-2.677376,1384.9661863581177,7.183680953224259,0.0009262135471734722
COSMOS 624,6992,24,-5136.9713,-5822.5049,-279.0943,1.284136,-1.529779,6.893599,1398.6802428311166,7.177111969876044,0.0009237332484175498
AUREOLE 2,7003,1,-4973.4298,4308.9927,-1453.4399,-0.171387,-2.745599,-7.195603,368.0585104369984,7.703531002480551,0.001143116800447695
AUREOLE 2,7003,6,87.5107,-2607.1652,-6161.2464,5.683056,-4.834507,2.095385,319.7343172643232,7.749853013471287,0.001158296331312108
AUREOLE 2,7003,12,-2680.509,207.6787,-6124.4479,4.713323,-5.734882,-2.235054,317.58139079798457,7.752402959029477,0.0011590504033777741
AUREOLE 2,7003,24,-4717.3033,4794.7622,-512.7592,-1.076836,-1.956664,-7.365015,374.78512672352826,7.696203981835265,0.0011408907691629012
COSMOS 626,7005,1,-3648.4929,-1840.4089,-6114.216,-1.132485,-6.725914,2.720245,983.0630032116005,7.343035766673482,0.000998500524603433
COSMOS 626,7005,6,-2003.4213,3004.6261,-6411.0394,-3.291286,-6.27233,-1.91723,987.1859921075147,7.338287132267039,0.000997295684036552
COSMOS 626,7005,12,1119.7102,-4359.6753,5733.3529,3.757503,5.42444,3.3692,918.1601113813203,7.409108363940224,0.0010164557028143225
COSMOS 626,7005,24,-789.6239,-6271.2609,3652.5505,3.933924,2.80563,5.60638,929.2290604042191,7.401271136708613,0.0010138409460125624
COSMOS 627,7008,1,6749.2631,-1868.2988,2211.3348,2.392058,0.322253,-6.975002,972.9154677048191,7.380815765982579,0.0010050246082542794
COSMOS 627,7008,6,2384.8308,-1430.9504,6792.3703,6.765824,-1.273677,-2.653023,968.7092097855539,7.378154141642339,0.0010052379366481616
COSMOS 627,7008,12,621.1172,781.0711,-7319.6568,-7.099433,1.769166,-0.434168,1016.3699182575992,7.329420107298326,0.0009921555558202043
COSMOS 627,7008,24,5839.6621,-888.9023,-4401.724,-4.103747,1.762408,-5.844623,995.6121734008566,7.355707947614697,0.000998519777405205
COSMOS 628,7094,1,-3959.3701,-4919.075,3759.0372,3.149444,2.236231,6.275863,977.7598351955185,7.3692728942051,0.001002791363368733
COSMOS 628,7094,6,-4983.9917,-4904.3304,-2226.9326,-0.922351,-2.23953,6.972521,967.382569952033,7.381210949670928,0.0010058362151755703
COSMOS 628,7094,12,4297.1638,3695.272,4725.6459,2.756548,3.915248,-5.559814,1008.1856630797174,7.337523798421645,0.0009943541379008095
COSMOS 628,7094,24,1126.9099,-124.862,7282.3436,4.997235,5.336987,-0.665002,999.0776624281898,7.34152678558064,0.000996126109092025
METEOR 1-16,7209,1,-780.3462,4992.3447,5191.7767,-0.799241,-5.374997,5.029016,873.7906179637394,7.4040786634358495,0.001021986563017729
METEOR 1-16,7209,6,-449.5914,6467.1618,3241.6724,-1.03283,-3.347423,6.522421,877.0862386739682,7.403644659967818,0.0010214619992328221
METEOR 1-16,7209,12,630.8459,-5567.7544,-4523.2257,0.935234,4.71957,-5.688047,830.2100609138361,7.450025657262195,0.0010345519147814978
METEOR 1-16,7209,24,926.7123,-3138.9057,-6419.8374,0.63242,6.689633,-3.197299,834.9584319438409,7.441361812631476,0.00103266787935441
MIRANDA (X-4),7213,1,-3544.1285,1304.5694,5957.459,-5.097193,3.917919,-3.952527,682.6562065789403,7.546783119683445,0.001069910823360595
MIRANDA (X-4),7213,6,-3871.8278,1543.0746,5685.7665,-4.837448,3.796788,-4.382705,678.8276877197677,7.551463790992644,0.001071155796353248
MIRANDA (X-4),7213,12,6046.2662,-3556.2138,-1630.1573,0.898804,-1.725399,7.137613,830.4862615515813,7.397997680277144,0.0010272876197479858
MIRANDA (X-4),7213,24,1892.704,-2223.6176,6491.5912,-6.080788,3.320875,2.812486,747.1149169259133,7.477584567677252,0.0010505006810014501
OPS 8579 (DMSP 5B F5),7218,1,4419.4799,1367.0065,-5492.0582,-4.714053,-3.345574,-4.681661,809.752929166516,7.438622909867525,0.0010359112732668467
OPS 8579 (DMSP 5B F5),7218,6,4896.954,1740.2195,-4949.0526,-4.155889,-3.180287,-5.294283,805.4645908596949,7.44412998723014,0.0010372976683688173
OPS 8579 (DMSP 5B F5),7218,12,-2520.5342,-167.6498,6668.1021,6.065117,3.712867,2.345672,759.5529045673657,7.488204238331243,0.0010501575878547637
OPS 8579 (DMSP 5B F5),7218,24,3438.4747,2903.651,5514.0701,5.506357,2.223934,-4.588173,746.5323294000636,7.504477418563801,0.001054365062391835
OPS 4547,7244,1,6702.1768,1377.8055,2157.2157,2.307385,-0.166096,-7.082333,803.3363059320673,7.450574081393326,0.00103850360001006
OPS 4547,7244,6,6391.1775,1399.4611,2944.7556,3.111441,0.009702,-6.768464,803.7631842905321,7.449380118142784,0.0010382754004276459
OPS 4547,7244,12,-7035.8942,-1252.6954,476.7323,0.372497,0.676384,7.423751,791.4246344822432,7.463801192453213,0.0010420774490973413
OPS 4547,7244,24,-3661.5947,-184.0817,6162.4685,6.251546,1.486546,3.76628,799.5773709538362,7.4482555970261926,0.0010387246677230149
COSMOS 641,7265,1,5897.8734,4851.3271,-1444.1069,-0.304776,2.353633,6.778559,1401.1123262758874,7.182014955800774,0.0009240750331824056
COSMOS 641,7265,6,-4179.9401,-5338.8217,-3977.9407,3.888746,1.292212,-5.796679,1490.2294583414487,7.098848127302133,0.000903020089277465
COSMOS 641,7265,12,670.0485,-2273.419,-7465.8095,5.418697,4.538456,-0.853031,1461.9886015622096,7.119516972990935,0.0009089145069828162
COSMOS 641,7265,24,5677.5971,5251.6603,713.4579,-1.821642,1.02039,6.877076,1395.8569519205712,7.187054308827783,0.0009253491281374229
COSMOS 642,7266,1,5626.8673,-1914.269,-4954.9835,4.945322,1.040956,5.120719,1367.0826372844158,7.194550865382842,0.0009297588566342425
COSMOS 642,7266,6,-7712.0186,509.7129,-693.8218,0.550303,-2.023396,-6.864368,1388.9244079647851,7.177500456569056,0.0009249446359557408
COSMOS 642,7266,12,-3431.7877,-1596.0444,-6712.617,6.439052,-1.470669,-2.91982,1335.0853572570586,7.22146846553144,0.0009371124417575728
COSMOS 642,7266,24,7748.1248,-700.5726,528.5664,-0.22122,1.997765,6.854137,1426.6677489782005,7.1427723818132405,0.0009160139431112878
COSMOS 643,7267,1,-4413.3575,390.0171,-6494.8084,-5.402029,-2.999178,3.470474,1491.0845781388807,7.086690043821657,0.0009013754524501979
COSMOS 643,7267,6,7267.0639,2063.3682,1679.8254,0.922114,2.373185,-6.739782,1367.8319163772776,7.204648685449207,0.0009309736615680195
COSMOS 643,7267,12,4954.7108,3256.5849,-5058.7571,-4.99821,-0.188447,-5.110627,1422.9417318417936,7.150952650454204,0.0009175014256572272
COSMOS 643,7267,24,-6865.5937,-1195.8425,-3638.8768,-2.679817,-2.701586,5.982998,1490.7962644591717,7.090574810048125,0.0009019026405075506
COSMOS 644,7268,1,-1744.876,7081.9413,2506.961,-1.501724,-2.695817,6.532402,1341.544216245551,7.224602422228437,0.0009367340036781478
COSMOS 644,7268,6,2393.2926,-2802.9422,-6925.9346,-0.144061,6.577832,-2.660539,1474.5659151671625,7.096977889388271,0.0009045845724995172
COSMOS 644,7268,12,1217.3194,4458.2291,-6257.0078,-1.868493,5.757554,3.822837,1407.677255097039,7.1592441558124,0.0009203678107510179
COSMOS 644,7268,24,-2285.7295,3754.5888,6347.9897,-0.292697,-6.229982,3.621421,1350.2997374510578,7.212006469310326,0.0009340404743426191
COSMOS 645,7269,1,-2737.3866,758.384,-7214.2561,2.805094,-6.386287,-1.739222,1382.3168879972118,7.188748650529451,0.0009271836498335622
COSMOS 645,7269,6,-91.9917,4256.0375,6578.1901,-3.716841,5.05155,-3.359314,1464.4899442225787,7.114636671846075,0.0009080015062864042
COSMOS 645,7269,12,-3268.8928,7001.7127,1015.9594,-2.161322,-0.067727,-6.823778,1422.7035081969534,7.1582013053208415,0.0009184595356741852
COSMOS 645,7269,24,-1301.549,-2111.807,-7353.0142,3.453956,-6.192853,1.141184,1389.1917779170662,7.182168283422563,0.0009255142770905009
COSMOS 646,7270,1,5846.7758,-4037.147,3171.1453,3.53367,0.189332,-6.24449,1409.7136991915295,7.177487417977408,0.0009224716003524457
COSMOS 646,7270,6,-6977.8476,3002.528,1975.2105,0.807707,-2.550651,6.593747,1478.0119148157764,7.115877361341958,0.0009065953063353165
COSMOS 646,7270,12,-3907.8499,-124.133,6761.4702,5.307939,-3.765248,2.951211,1439.5172113059862,7.145694878438766,0.0009148811384853147
COSMOS 646,7270,24,6258.8398,-4104.1252,2136.2731,2.718958,0.673284,-6.606481,1412.3528801617804,7.175767217084247,0.0009219377982172505
COSMOS 647,7271,1,-2762.0998,-2853.4404,-6725.9261,-0.820846,-6.417008,3.043673,1439.8513827990228,7.149526219177673,0.0009153325122690577
COSMOS 647,7271,6,2752.5738,6626.1438,3159.3667,-0.93555,3.336175,-6.228621,1468.900645275664,7.127484619048014,0.0009091294573156417
COSMOS 647,7271,12,1156.1167,7181.7614,-2872.3803,-2.489164,-2.157581,-6.340472,1449.797351829092,7.145115700479664,0.0009136045059150648
COSMOS 647,7271,24,-2843.0638,-2911.107,-6668.0212,-0.919758,-6.352194,3.148318,1440.533937708322,7.149002001770876,0.0009151854243711046
COSMOS 648,7272,1,-5537.9931,-2736.7348,-4878.2631,4.791975,-0.410369,-5.225715,1500.247411560652,7.102078877202858,0.0009022812402989516
COSMOS 648,7272,6,1175.1534,2424.9097,7330.321,-6.901865,-1.14824,1.492057,1438.9153983719089,7.154049878710239,0.0009160214309365766
COSMOS 648,7272,12,-4527.9729,843.8933,6325.5724,-5.644383,-2.346252,-3.694239,1453.8041938799379,7.142223721454965,0.0009127670858577082
COSMOS 648,7272,24,-6249.1554,-2513.9615,-4069.635,4.069636,-0.825085,-5.764377,1498.807791176123,7.104276502772819,0.0009027255418789718
METEOR 1-17,7274,1,4667.6367,595.4326,5497.1011,-5.671085,1.034499,4.675597,864.9859623931598,7.422438990293891,0.0010257674667792011
METEOR 1-17,7274,6,6512.2484,111.074,3172.4481,-3.241184,1.204714,6.561741,873.7321278272375,7.41707856873129,0.0010237892081947466
METEOR 1-17,7274,12,-6019.5597,-246.2355,-4023.8494,4.087466,-1.195923,-6.071084,873.797781664075,7.415906624151965,0.0010236181668066638
METEOR 1-17,7274,24,-4824.2446,-491.8784,-5388.2743,5.495693,-1.140529,-4.836711,878.0537488044747,7.409265904771606,0.0010221011129892027
COSMOS 650,7281,1,1972.5214,-6061.4679,4440.7247,1.082927,4.424697,5.523923,1397.6723214059202,7.159916182405141,0.0009216396169364226
COSMOS 650,7281,6,-2142.4663,-76.0743,-7471.9255,0.733641,-7.111483,-0.15304,1402.3917837264853,7.15086294217488,0.0009199154167354767
COSMOS 650,7281,12,-341.9724,-6864.0554,-3653.1073,2.063713,-3.294092,5.997951,1412.1481164079232,7.147403000337535,0.0009183177415408359
COSMOS 650,7281,24,2052.4061,872.8313,7419.9352,-0.825184,7.099817,-0.620274,1376.879945493214,7.174473493046092,0.0009259918253146577
COSMOS 651,7291,1,663.4839,-5999.721,4082.2064,4.150588,-3.146235,-5.257669,916.0619632058269,7.400625563729731,0.0010155842781490421
COSMOS 651,7291,6,-1853.3327,-3085.3155,6323.2892,3.715243,-6.125297,-1.88557,904.850475254847,7.407946281673349,0.0010181553767312508
COSMOS 651,7291,12,2300.9816,2360.5263,-6531.6264,-3.386282,6.441358,1.143707,945.3340660270032,7.366550371071727,0.0010068635883205362
COSMOS 651,7291,24,2995.9798,847.9735,-6622.1268,-2.6456,6.866352,-0.313106,946.6169190514838,7.365054277813572,0.001006482623958981
COSMOS 654,7297,1,-3106.8439,687.0722,6619.4152,-0.219319,-7.324722,0.707785,973.4676333258558,7.3621065468566815,0.0010024016599175668
COSMOS 654,7297,6,-1971.0534,5694.6318,4142.9572,-2.424561,-4.617076,5.247774,941.8638168814987,7.398311887692556,0.0010116846249227018
COSMOS 654,7297,12,1003.3476,-6970.4548,-2225.5105,2.934658,2.443364,-6.253789,1014.5834915651085,7.327490844073502,0.0009921343184925127
COSMOS 654,7297,24,-1111.5712,-7039.5339,1956.3635,2.902042,-2.229651,-6.342811,1019.3982440766276,7.322871208295692,0.000990862869151191
COSMOS 660,7337,1,-2419.9278,889.1017,-6330.9139,5.408577,-4.677643,-2.975665,464.71672901744387,7.745168261090458,0.0011330440637208408
COSMOS 660,7337,6,-559.7805,-643.9922,-6872.663,5.985788,-4.744571,-0.34443,554.4297248192534,7.645864501799977,0.001104027447480817
COSMOS 660,7337,12,-3844.3892,3721.5912,4340.1105,-4.127275,2.301882,-6.067486,518.566643353146,7.690737677735797,0.001116287580316187
COSMOS 660,7337,24,-664.0341,-560.5787,-6877.4528,5.909311,-4.816109,-0.482644,561.1386873809979,7.638573664326214,0.0011019072192296417
COSMOS 663,7349,1,966.5086,-361.7254,7259.7202,5.602721,4.776374,-0.497059,961.7021977690574,7.379112334230858,0.0010063291996879296
COSMOS 663,7349,6,-3579.3548,-3812.1892,5143.0858,4.423157,2.854945,5.174321,963.5687553557855,7.381641186803582,0.0010064178867248907
COSMOS 663,7349,12,5004.5439,4603.9698,-2859.8803,-2.726068,-1.180468,-6.714357,1006.0531309369953,7.342175519769123,0.0009952721485735805
COSMOS 663,7349,24,5503.6657,4065.5931,2708.2855,1.603907,2.391837,-6.773643,987.9533047597433,7.360410409118978,0.0010001980042947537
METEOR 1-18,7363,1,-2756.0322,-6719.3096,531.7483,0.843599,-0.92223,-7.289563,911.0046170434343,7.395937815900699,0.001015645856443239
METEOR 1-18,7363,6,-2816.9057,-5330.3631,4081.3281,-0.70202,-4.242996,-6.015411,909.4510547344325,7.394661360423275,0.0010156872568512871
METEOR 1-18,7363,12,2826.4394,5267.1985,-4129.7996,0.746669,4.296203,5.99086,894.4927194537049,7.409809602976988,0.0010198633305538753
METEOR 1-18,7363,24,2857.9265,5175.8879,-4222.6699,0.829079,4.374264,5.922882,894.5695246232881,7.409594369185199,0.0010198229256596892
OPS 6983 (DMSP 5C F1),7411,1,4528.9907,-4576.9613,-3224.2449,1.439532,-3.203651,6.542442,830.1170437342698,7.425576033695232,0.0010311700238446013
OPS 6983 (DMSP 5C F1),7411,6,4294.138,-4064.3124,-4107.4824,2.115708,-3.846993,5.989498,828.2824721737034,7.426281827086621,0.0010315308304390477
OPS 6983 (DMSP 5C F1),7411,12,-4740.35,5216.8963,1164.2612,0.019787,1.649123,-7.302289,773.3984539833118,7.486215521478059,0.0010478440654866008
OPS 6983 (DMSP 5C F1),7411,24,-2924.9275,4417.5782,-4808.6936,3.953551,-3.263149,-5.43493,783.9795368017958,7.47108901102791,0.0010441803463727881
COSMOS 675,7424,1,-5087.9282,5280.4112,-2669.7774,0.109315,-3.117522,-6.415652,1432.682923786142,7.133826727277093,0.0009141615307732093
COSMOS 675,7424,6,3142.8891,-782.9893,7028.9004,-3.633173,5.76835,2.277824,1368.2677284051542,7.187648429452084,0.0009287246134503809
COSMOS 675,7424,12,-1828.4104,5043.7507,5616.617,-4.306354,3.519808,-4.515846,1396.1675815104982,7.1642583863157805,0.0009223772129456915
COSMOS 675,7424,24,-3163.175,860.6799,-7081.75,3.502704,-5.785069,-2.25313,1432.6932944208547,7.128292463365753,0.0009134511306924414
COSMOS 676,7433,1,2701.2292,-423.3741,6599.4986,5.578963,4.55917,-1.981887,772.4772058770795,7.472532055805314,0.0010460636802560963
COSMOS 676,7433,6,2190.129,-839.8989,6746.7099,5.845429,4.459912,-1.335373,771.841848565613,7.472822511669469,0.0010461973917524328
COSMOS 676,7433,12,-4675.6477,-1326.8492,-5270.8201,-3.984538,-4.269826,4.622617,798.6411863230605,7.448257854854986,0.0010388606153768783
COSMOS 676,7433,24,-5746.466,-4113.8671,1120.6515,2.135886,-1.02508,7.082177,784.5316916404381,7.467933386869824,0.0010436587676069347
COSMOS 677,7435,1,-4454.6583,-1044.543,6281.1899,-4.225538,-4.434607,-3.740059,1399.997182374338,7.176973732526405,0.0009235589158113121
COSMOS 677,7435,6,6460.3266,4046.7389,-1851.833,0.281765,2.551121,6.634903,1473.820008344982,7.114038774934742,0.00090684537916321
COSMOS 677,7435,12,4280.724,4684.7313,4560.0852,-4.449915,-1.286183,5.432991,1443.4534260967184,7.139565912770538,0.0009136359926245945
COSMOS 677,7435,24,-5755.5098,-2417.9676,4628.5937,-2.75796,-3.824084,-5.413461,1400.508219916227,7.178824541606864,0.0009237363377175001
COSMOS 678,7436,1,3102.7074,5165.0508,-5122.8747,0.00322,4.972252,5.046271,1537.7538947988187,7.084359627047811,0.0008957618003143113
COSMOS 678,7436,6,-2659.0564,-7276.4941,1366.3303,1.448838,-1.830866,-6.731878,1495.6896350633951,7.125263733159917,0.0009057512198525291
COSMOS 678,7436,12,-1182.7394,-7009.9385,-3426.2705,2.621291,2.50627,-6.105692,1520.6056541913485,7.101551282532923,0.0008998867396220164
COSMOS 678,7436,24,2494.4076,737.5178,-7476.789,1.820587,6.716425,1.271296,1545.3359915288838,7.0739730933054865,0.000893591820872081
COSMOS 679,7437,1,5160.7203,-5906.0549,-300.4331,1.652903,1.092339,6.856105,1477.871163691102,7.136628657100985,0.0009092554213547354
COSMOS 679,7437,6,-5325.0287,4356.6385,-3847.259,1.138757,-3.823552,-5.878173,1511.7426374699644,7.104170269615024,0.0009012307766900747
COSMOS 679,7437,12,-3302.2536,684.2488,-7110.1984,3.905188,-5.472475,-2.319331,1498.4343218796203,7.111805131507049,0.0009037250761130171
COSMOS 679,7437,24,3554.3866,-5851.1123,-3839.685,3.640199,-1.659869,5.907043,1478.3541230279488,7.1343795007422335,0.0009089129358824356
COSMOS 680,7438,1,2801.9041,3637.3686,-6370.6743,-5.764538,-1.991008,-3.681687,1481.8089213060093,7.123821332366289,0.0009071685563414318
COSMOS 680,7438,6,1264.6446,-1770.0405,7546.6071,6.208873,3.478586,-0.235305,1482.8938150270296,7.120816872561041,0.0009066607010826431
COSMOS 680,7438,12,5501.5575,1194.318,5467.9179,3.900593,3.644002,-4.726098,1477.0352045636664,7.129472535416418,0.0009084404375850147
COSMOS 680,7438,24,4943.9351,4067.7342,-4542.8356,-4.522522,-0.608276,-5.476675,1479.2427404182226,7.128616555004554,0.0009080759399071494
COSMOS 681,7439,1,2323.3298,-2477.7017,-7082.203,-0.080905,6.707337,-2.376595,1483.582510035778,7.1163978981377225,0.0009060186062142859
COSMOS 681,7439,6,-1823.8619,-2387.8779,7238.127,1.284411,-6.752648,-1.902129,1466.0221107069128,7.132044683081142,0.0009100452419723772
COSMOS 681,7439,12,-375.4649,-6866.2425,3769.3443,2.055539,-3.380029,-5.934802,1470.8248138989156,7.132440774416988,0.0009095383974627169
COSMOS 681,7439,24,2201.424,-4025.9799,-6373.9915,0.497558,6.077768,-3.671906,1482.8238728056704,7.118266748164471,0.0009063440769039768
COSMOS 682,7440,1,7783.0687,-956.5356,227.734,0.031199,1.970665,6.849214,1473.9334935194356,7.127147138766113,0.0009085031944061383
COSMOS 682,7440,6,-6119.0742,-572.6867,-4869.999,4.353264,-2.104013,-5.236583,1470.4239383841204,7.127382385823986,0.0009089398101453399
COSMOS 682,7440,12,-852.9583,-2054.1367,-7526.0828,7.008807,-1.13793,-0.489509,1476.8619863171407,7.117434882682805,0.0009069266119985487
COSMOS 682,7440,24,7729.7456,-1294.938,-359.4942,0.623878,1.883604,6.844626,1474.7037634871867,7.126436196836115,0.0009083233845766083
COSMOS 683,7441,1,-3260.3525,-3519.9757,-6189.7152,-1.065986,-5.862897,3.915591,1460.5197509779528,7.1303394213800235,0.0009104668886890862
COSMOS 683,7441,6,3283.5905,6849.9181,1942.5117,-1.084969,2.415318,-6.616149,1469.7076372630254,7.126313658707845,0.0009088865429492591
COSMOS 683,7441,12,1365.4193,6569.4681,-4072.7771,-2.953032,-2.956594,-5.761055,1478.1906772618613,7.116993802644836,0.0009067168954452706
COSMOS 683,7441,24,-3405.9024,-3797.0678,-5940.8402,-1.026193,-5.654711,4.223257,1459.1645779676073,7.131951223530557,0.0009108303091863902
COSMOS 684,7442,1,136.0221,2480.4167,-7393.632,-5.984773,3.746695,1.144781,1428.7925080575887,7.153024173209189,0.0009170787768802497
COSMOS 684,7442,6,4196.8298,-4598.2451,4754.3847,4.551976,-1.328804,-5.319792,1462.3525546496467,7.126457219281962,0.0009097582637273114
COSMOS 684,7442,12,6499.8111,-4122.7153,-1376.4829,0.034039,2.340685,-6.747491,1448.1451549724861,7.142030503843218,0.0009134029823325807
COSMOS 684,7442,24,-1022.0222,3228.6836,-7027.3493,-5.827372,3.385813,2.395858,1429.8054295958627,7.152770767577905,0.00091692721118779
COSMOS 689,7476,1,4585.3666,3322.5054,4740.9565,3.075073,3.679843,-5.554114,1014.2080217362172,7.337949358299906,0.0009936009028727127
COSMOS 689,7476,6,467.6528,-798.1931,7322.8624,5.489569,4.864168,0.188197,1010.0653089895641,7.336955516342866,0.0009940239259781409
COSMOS 689,7476,12,1995.3518,2842.1966,-6492.2915,-5.171738,-4.030669,-3.336804,991.7005398689853,7.357134460006899,0.0009992440165355163
COSMOS 689,7476,24,5321.3732,4894.8794,-1464.1377,-1.699033,-0.311963,-7.143544,1006.0289601426866,7.349439089372331,0.0009962600294889147
METEOR 1-19,7490,1,-4119.2097,-356.6296,-5929.8782,-5.683852,-2.488242,4.079766,858.0060652212414,7.425766790252976,0.0010272182265800482
METEOR 1-19,7490,6,-1662.5435,612.1352,-7003.7183,-6.882052,-2.411855,1.412987,853.3221424730355,7.428069502495113,0.0010282029726808846
METEOR 1-19,7490,12,2641.1602,-270.1293,6741.7025,6.539951,2.444346,-2.473114,874.6365931013115,7.406894039144411,0.0010222558009874017
METEOR 1-19,7490,24,4450.5564,425.485,5697.8175,5.442243,2.367826,-4.440669,871.4867288875448,7.412432124808024,0.0010234650614191162
NOAA 4,7529,1,1802.2249,96.3729,7616.2408,3.329599,-6.26824,-0.703298,1456.1595262661567,7.132439293481928,0.0009112423567639185
NOAA 4,7529,6,-3726.0609,4274.4828,-5397.7676,-1.550693,4.89688,4.951524,1457.8331251607615,7.134540800726071,0.0009113159888153276
NOAA 4,7529,12,-3802.4561,6832.1933,351.5907,1.451939,0.446484,6.97644,1455.950472650161,7.139901252508819,0.0009122200629041784
NOAA 4,7529,24,1912.7441,-77.9171,7589.7629,3.384232,-6.211678,-0.911327,1456.4620372617346,7.132214712586617,0.0009111784482166157
OSCAR 7,7530,1,4072.2853,-6514.9683,1491.2539,-0.576681,-1.927388,-6.8499,1455.3757709981064,7.139223731492452,0.000912200479556322
OSCAR 7,7530,6,-2743.6353,6349.7213,3675.4632,2.83126,-2.322388,6.119879,1461.9767637619107,7.131790671688633,0.0009104828070833544
OSCAR 7,7530,12,450.82,2377.8231,7445.8241,3.776606,-5.824557,1.627013,1458.2769714344895,7.129893998346259,0.0009106708096239328
OSCAR 7,7530,24,4138.3496,-6560.5658,1039.149,-0.771401,-1.581574,-6.919436,1455.0329460174644,7.139679991314247,0.0009122987394203993
INTASAT,7531,1,3481.7037,-3713.2031,5947.8394,1.848912,-5.306307,-4.394242,1457.5970291384692,7.13335351125661,0.0009111918118541388
INTASAT,7531,6,-3998.8392,6568.801,-1482.9412,0.601851,1.914596,6.846391,1460.9203346123923,7.134491726415975,0.0009109504976558302
INTASAT,7531,12,-2227.9563,5965.6297,4558.7107,3.112889,-3.124274,5.605386,1460.6262831244876,7.132427227977374,0.0009107210903750934
INTASAT,7531,24,3644.9848,-3936.5028,5701.0528,1.775814,-5.102928,-4.658212,1457.4079808749575,7.133885937742767,0.000911281828332283
METEOR 1-20,7574,1,-684.7024,-1394.3759,-7079.6243,6.96395,2.239953,-1.122644,877.0467545551237,7.40096740943,0.001021098188250341
METEOR 1-20,7574,6,-3137.9666,-2088.4193,-6186.6438,6.231374,1.541461,-3.695007,873.5076481018705,7.4066997152879095,0.0010223882802068039
METEOR 1-20,7574,12,2061.1946,1787.0298,6679.4601,-6.727311,-1.865527,2.559962,844.0665910058806,7.435745404456369,0.0010305858318377242
METEOR 1-20,7574,24,-330.757,1048.4252,7127.2161,-7.064625,-2.327883,0.009185,840.5050391123805,7.438282733033144,0.0010314466526322604
COSMOS 700,7593,1,23.0781,6578.2174,-3328.9326,-0.998764,3.27304,6.498139,1001.6025944509674,7.344122196193157,0.0009961369953292686
COSMOS 700,7593,6,762.1158,2004.3357,-7060.5469,-0.637203,7.044126,1.929488,1007.9907587693688,7.331347946266703,0.000993543451393262
COSMOS 700,7593,12,-935.7159,738.1768,7230.7486,0.294652,-7.33465,0.77692,957.3145777165582,7.381565898236227,0.0010072665167351839
COSMOS 700,7593,24,-848.4616,5525.4375,4760.2189,-0.456045,-4.862668,5.522671,971.3450360901743,7.372476659474073,0.0010041038146853345
LANDSAT 2,7615,1,-2662.6921,-3158.6291,-6009.9928,2.200275,5.786795,-4.025135,921.9335981360109,7.3844375693667414,0.00101254693601682
LANDSAT 2,7615,6,-3393.268,-5760.2599,-2900.7444,0.37633,3.131604,-6.688217,916.604538495717,7.394647694164003,0.0010146883869868138
LANDSAT 2,7615,12,3383.1092,5965.8576,2450.6232,-0.145616,-2.757031,6.865385,912.024016916369,7.39972534305443,0.001016023745887285
LANDSAT 2,7615,24,3322.2314,6275.08,1628.8526,0.281818,-2.013761,7.113686,913.7107886362046,7.398593329602662,0.0010156330902174055
STARLETTE,7646,1,-7080.1499,1149.2233,-715.8541,-0.141726,-4.902512,-5.677169,837.4453172802605,7.502330172938339,0.0010407695200175232
STARLETTE,7646,6,-4984.1095,4195.0437,3284.3652,-5.115131,-2.691621,-4.63964,924.6695319806649,7.411858612008327,0.0010159257597288837
STARLETTE,7646,12,3903.2779,-4688.5007,-4075.319,6.124986,1.577284,3.782776,965.6097163669474,7.369713195439019,0.0010045120948710441
STARLETTE,7646,24,145.6708,-4842.5703,-5403.7969,7.2402,-1.287884,1.175941,886.597951723721,7.447279937865703,0.0010261356425919036
COSMOS 708,7663,1,3480.9123,3309.8552,-6101.4186,-6.164024,-0.194156,-3.643897,1394.2560046455837,7.163160878517319,0.0009224629393070801
COSMOS 708,7663,6,2930.7228,-1953.5976,6905.5723,6.424928,2.448022,-2.048124,1380.942240735084,7.174073001931609,0.0009254549091236936
COSMOS 708,7663,12,7512.0066,1334.115,1354.3911,0.707436,2.751594,-6.597188,1377.8374123753401,7.182939839806261,0.0009269700030529344
COSMOS 708,7663,24,-3395.9624,1844.2631,-6755.9616,-6.256558,-2.410929,2.470451,1412.1153238860543,7.145643763427198,0.0009180955781931583
COSMOS 711,7678,1,-4.8234,2740.7208,-7367.575,-5.633396,4.065593,1.531378,1489.835524889526,7.11402245662389,0.0009049957137633749
COSMOS 711,7678,6,3595.5119,-4860.4261,5024.2925,4.584435,-1.908587,-5.098909,1489.9772180155223,7.117487028163452,0.0009054201317174454
COSMOS 711,7678,12,6031.8264,-5058.8103,-28.7468,1.246134,1.511317,-6.835073,1501.4403935268565,7.110214619529709,0.0009031779555137832
COSMOS 711,7678,24,2042.1673,1087.9117,-7517.4995,-5.225874,4.766828,-0.715862,1494.544983069287,7.109491307295059,0.0009038777761233779
COSMOS 712,7679,1,-5975.3895,-1149.1192,-4891.0943,-3.617956,-3.271429,5.234222,1435.9557488185746,7.154644174608616,0.0009164448223869243
COSMOS 712,7679,6,7196.2546,3184.8855,30.0935,-0.758359,1.803059,-6.825901,1498.5922089313917,7.100637618704605,0.0009022878733978005
COSMOS 712,7679,12,4275.3834,3599.4174,-5531.848,-5.308526,-0.869408,-4.637474,1492.5902189472154,7.102287213554236,0.0009031863329349703
COSMOS 712,7679,24,-6203.7482,-1197.7148,-4581.6886,-3.39596,-3.13649,5.463883,1433.670582318785,7.157103553770129,0.0009170282689424846
COSMOS 713,7680,1,2484.3508,-2229.5469,-7027.8234,-0.61242,6.742579,-2.365278,1409.3071930578562,7.171608595351883,0.0009217641948316517
COSMOS 713,7680,6,-1472.5573,-3106.9268,7046.6622,1.919268,-6.398679,-2.452969,1469.7185450856714,7.116441492475436,0.000907626189048172
COSMOS 713,7680,12,608.7789,-7368.1957,2513.0881,2.252608,-1.99116,-6.488344,1437.7471095525507,7.151053685269045,0.0009157747824258593
COSMOS 713,7680,24,2298.2231,-878.6203,-7384.1413,-0.867598,7.02621,-1.12395,1412.2734621951577,7.168236662960005,0.0009209796749115262
COSMOS 714,7681,1,3659.0789,310.1278,-6924.9271,4.729448,4.611313,2.686769,1467.3450414658619,7.130961620148716,0.0009097534725028056
COSMOS 714,7681,6,-6036.1179,-3214.7238,3840.5198,-1.854157,-3.539862,-5.905559,1472.3896210234834,7.130508275163419,0.0009091105529235407
COSMOS 714,7681,12,-5781.7721,-4983.5648,-1756.837,2.488996,-0.519279,-6.673745,1461.7059804837854,7.141682161289594,0.0009117771277364468
COSMOS 714,7681,24,2548.0463,-750.986,-7371.3483,5.39129,4.457394,1.39398,1464.387398147751,7.132850017751389,0.000910337888262878
COSMOS 715,7682,1,111.9001,-4595.3621,6383.3603,3.231318,5.182989,3.650056,1495.203860955583,7.115314455059664,0.000904542340985719
COSMOS 715,7682,6,-2078.984,652.0784,-7567.1621,-2.662803,-6.586237,0.148008,1503.599860289979,7.1056979956259045,0.000902356706587532
COSMOS 715,7682,12,-3510.5204,-4150.96,-5710.2901,-0.880336,-5.436025,4.481591,1513.2650530391338,7.10000120878877,0.000900527970714524
COSMOS 715,7682,24,-1673.0156,-6663.9005,3850.1486,2.984789,2.666614,5.87607,1504.9250449598348,7.109711263083544,0.0009027144395734663
COSMOS 716,7683,1,-6684.5721,-460.2762,-4158.8916,3.703789,-2.053851,-5.704226,1515.1738302509802,7.1045444010012355,0.0009008861019203695
COSMOS 716,7683,6,3511.7211,1576.508,6865.9841,-6.313667,1.560586,2.883403,1500.4230111017423,7.114199358374349,0.0009038009199023587
COSMOS 716,7683,12,-1500.0551,2314.3979,7382.0674,-6.92897,0.401662,-1.520322,1509.4518931786633,7.1051626727913835,0.0009016186849565858
COSMOS 716,7683,24,-7810.876,1099.4621,211.845,-0.451787,-1.912354,-6.825313,1519.7210760954804,7.1025422816519725,0.0009001132105871472
COSMOS 717,7684,1,-2630.0578,7268.6315,-1654.0516,-2.355742,0.635666,6.661722,1533.8146473902634,7.094514193333043,0.0008974927951884695
COSMOS 717,7684,6,3564.8628,-6637.8625,-2333.7691,0.867027,2.719876,-6.511281,1516.7083848127213,7.109588000374283,0.0009013502596094122
COSMOS 717,7684,12,3443.0339,-3675.6504,-6094.5787,-1.118925,5.682184,-4.088473,1535.2492896482245,7.0890633822254685,0.0008966405083517022
COSMOS 717,7684,24,23.782,4756.833,-6330.7483,-3.22301,5.039125,3.782926,1547.7372611651845,7.077506859565803,0.0008937671027772425
COSMOS 718,7685,1,4114.8104,-3839.7269,5434.2209,-1.501112,5.14358,4.723429,1452.4215075329148,7.1428659493920925,0.000913010495793236
COSMOS 718,7685,6,-2193.1319,-539.8596,-7537.868,3.459452,-6.170774,-0.580414,1497.9726079033835,7.098108220559616,0.0009020374798903821
COSMOS 718,7685,12,1168.2009,-5262.8988,-5737.1001,3.813798,-3.998183,4.455175,1501.5545205620683,7.097824086783075,0.0009015909725673541
COSMOS 718,7685,24,4126.8206,-4329.641,5045.7421,-1.11739,4.904233,5.069793,1454.3404266637353,7.141628861347948,0.0009126285211840578
METEOR 1-21,7714,1,-2023.2269,6678.1559,1859.8883,-1.679834,1.477751,-7.098575,850.5232328135107,7.442805742203809,0.0010306420823220266
METEOR 1-21,7714,6,-1149.8004,5495.3799,4538.8345,-2.373874,4.18939,-5.673891,848.5747675021985,7.441727314263605,0.0010307708630931272
METEOR 1-21,7714,12,1404.9635,-5994.9958,-3864.9957,2.183387,-3.459911,6.15561,898.9442115719412,7.391190526010678,0.001016677750325201
METEOR 1-21,7714,24,1818.1089,-6646.4495,-2316.9218,1.764094,-1.923216,6.917163,898.7274746461226,7.393100255783159,0.0010169707573725853
COSMOS 723,7718,1,2364.096,3570.0328,-5905.4792,-2.230142,6.382271,2.999174,923.4340885310958,7.396077415757693,0.001013934367764925
COSMOS 723,7718,6,3210.4049,-1083.8927,-6482.3815,-0.229206,7.257149,-1.290456,943.5603366572586,7.3745524397466315,0.0010082017374015934
COSMOS 723,7718,12,-3174.1254,2157.0182,6205.0899,-0.354942,-7.02063,2.292336,924.9536893498989,7.393918701010987,0.001013427307221548
COSMOS 723,7718,24,-2792.2335,4341.0191,5144.9779,-1.508852,-5.90926,4.198442,916.7851461589808,7.404249005325793,0.0010159806932876162
COSMOS 724,7727,1,4679.8487,399.7518,5507.5603,3.933153,5.090795,-3.731626,867.3703839076252,7.437131090501901,0.00102745931695291
COSMOS 724,7727,6,2017.3686,-2234.1389,6597.3402,5.876597,4.522087,-0.303148,880.6239841359129,7.421291117176445,0.0010233971222738114
COSMOS 724,7727,12,-2020.6074,2258.8864,-6637.9752,-5.903704,-4.412528,0.257615,926.1320934223713,7.374990831087521,0.001010669772270579
COSMOS 724,7727,24,-1781.8413,2435.6575,-6642.8203,-6.061538,-4.202368,0.046668,925.1940361933921,7.375928255825974,0.0010109281934166023
GEOS 3,7734,1,3385.3221,-408.5973,6355.8975,2.118432,-6.943413,-1.565772,841.8212583441964,7.42633019621246,0.0010296013072029566
GEOS 3,7734,6,2690.0111,1453.9191,6530.234,3.047988,-6.76896,0.260526,839.6862753987589,7.4281171319803505,0.0010301539754022327
GEOS 3,7734,12,-3434.783,481.7937,-6308.1527,-2.190381,6.89867,1.725502,827.7950320151476,7.440885286447105,0.0010336292745321003
GEOS 3,7734,24,-4130.302,4071.757,-4262.5579,0.065619,5.416781,5.10837,826.7774020252527,7.445889222384523,0.001034470615927836
COSMOS 726,7736,1,548.0788,-4079.7471,6100.4765,0.796685,6.114126,4.001341,988.3845053795158,7.35037233964253,0.0009987754185515924
COSMOS 726,7736,6,-223.4414,-7250.6912,1276.6739,0.948524,1.235926,7.18304,994.6191310664863,7.350052686726266,0.0009978866074849616
COSMOS 726,7736,12,559.3687,7201.4558,1282.2114,-0.812406,1.342227,-7.210957,965.0701370817933,7.379666502235314,0.0010059427410505732
COSMOS 726,7736,24,980.0066,4621.1536,5619.1695,-0.219392,5.701454,-4.664497,970.017599799552,7.369684038463861,0.0010039049679795198
COSMOS 729,7768,1,521.07,861.6401,-7297.4622,-7.308151,0.644528,-0.430169,995.6065571100544,7.349117821218135,0.0009976259440820767
COSMOS 729,7768,6,5974.1616,37.0875,-4331.455,-4.275852,1.08371,-5.869463,1008.2604455050787,7.342202230827819,0.0009949780584448903
COSMOS 729,7768,12,-7181.2069,435.6724,1517.0043,1.449188,-1.01156,7.156543,981.6080425212294,7.37153357204544,0.0010025739886329805
COSMOS 729,7768,24,-5795.3871,1085.9275,-4396.3932,-4.479371,-0.30517,5.840094,983.8639241735063,7.3664503808399475,0.0010015753461635585
OPS 6226,7816,1,1748.6186,-282.8146,-6962.8858,4.921596,-5.380436,1.49376,813.6662949701958,7.443286752162113,0.0010359961683081885
OPS 6226,7816,6,747.2356,777.8539,-7110.4989,5.204752,-5.310091,0.005167,820.8434589855879,7.435491678945919,0.0010338784098054739
OPS 6226,7816,12,-2674.5662,1291.5148,6553.8384,-4.521807,5.180805,-2.82225,824.4230320472498,7.433207521371511,0.0010330466309298573
OPS 6226,7816,24,-5001.8368,4365.4484,2839.2387,-1.388237,2.814306,-6.716728,849.5808286089077,7.413633067247731,0.0010267363863408223
COSMOS 732,7820,1,323.9548,6590.986,4209.4605,-2.502933,-3.489038,5.692929,1456.2345605392002,7.1307433249959296,0.0009110169460035588
COSMOS 732,7820,6,1568.8873,-2356.4568,-7257.3876,2.105057,6.632764,-1.686915,1418.9917064783376,7.160342552571769,0.0009191720379646954
COSMOS 732,7820,12,2794.1816,4107.1123,-6002.9133,0.246038,5.861121,4.106711,1420.7129275857396,7.160890259709752,0.0009190392826662508
COSMOS 732,7820,24,-237.0567,5458.1225,5613.1208,-2.607022,-4.796544,4.576642,1461.9063711635017,7.123836750556823,0.0009094755398561781
COSMOS 733,7822,1,-532.7993,-2157.123,7603.0644,7.051674,-0.425183,0.388968,1550.0884985434195,7.07518076735775,0.0008932081454030946
COSMOS 733,7822,6,-3272.2395,2117.4186,-6818.8227,-6.480085,-0.524683,2.943967,1483.129861863852,7.136787481409475,0.0009086668551359876
COSMOS 733,7822,12,-6761.5479,1445.6387,-3743.1581,-3.638973,-1.505171,5.947634,1491.5462680055316,7.133163003319495,0.0009072331990395959
COSMOS 733,7822,24,-6158.4588,-984.5711,4850.8774,4.401024,-1.803175,5.267887,1530.0762932706466,7.097259032469506,0.0008982648400084743
COSMOS 734,7823,1,-2753.8118,277.3042,-7330.112,3.592187,-5.948913,-1.587254,1464.2357323631868,7.1283061511872505,0.0009097755823406835
COSMOS 734,7823,6,-258.054,3819.5175,6826.1553,-4.35647,4.857693,-2.892192,1455.34665597176,7.137281464816488,0.0009119557027761488
COSMOS 734,7823,12,-3598.0961,6512.3524,2417.1009,-2.832285,0.850107,-6.504831,1452.0049269703122,7.145442363579389,0.0009133884524276621
COSMOS 734,7823,24,-2925.5582,654.9186,-7238.6651,3.335217,-6.005812,-1.904119,1463.9270311963473,7.12875300333754,0.0009098684614359479
COSMOS 735,7824,1,-681.9618,-4437.6182,-6445.0174,4.166671,4.538924,-3.561776,1483.6659045393671,7.116827001845205,0.0009060636172612064
COSMOS 735,7824,6,-2203.9171,560.4543,7501.8464,-3.743569,-6.033184,-0.642335,1467.9450192773938,7.129250471672461,0.0009094655536096165
COSMOS 735,7824,12,-4474.2165,-4191.7328,4897.1882,-1.326712,-4.683715,-5.204331,1475.762990028903,7.126177944012484,0.0009081678589079235
COSMOS 735,7824,24,-1671.7907,-5282.3775,-5568.2348,4.051108,3.591811,-4.620474,1484.1661335100853,7.117679556713761,0.0009061144520355577
COSMOS 736,7825,1,5931.8945,549.599,-5116.6154,-4.5443,2.175965,-5.037858,1481.9729766151886,7.124991185916583,0.0009072985743276577
COSMOS 736,7825,6,-2035.5772,-1808.5733,7368.9824,6.78928,-1.53579,1.49138,1484.979476178797,7.118791199838635,0.0009061621432979182
COSMOS 736,7825,12,3463.7945,-2498.1917,6589.172,6.289808,-0.088923,-3.343102,1481.1348532588981,7.1236172664733335,0.0009072204438155815
COSMOS 736,7825,24,7264.1878,-451.6645,-2947.1566,-2.416929,2.270973,-6.309245,1481.2708332782713,7.127793250915391,0.000907736551916611
COSMOS 737,7826,1,5150.6315,5815.9248,1430.7844,-2.321014,0.373987,6.695016,1528.4385957060676,7.0957882933907355,0.0008982648839435026
COSMOS 737,7826,6,-3032.9,-5140.2316,-5139.1516,4.412819,2.393018,-5.040704,1504.9978719792152,7.113944299100253,0.0009032435527198206
COSMOS 737,7826,12,524.8496,-2497.6419,-7471.8018,5.193997,4.672492,-1.223075,1524.6636390957674,7.0926510404571586,0.000898297010188928
COSMOS 737,7826,24,5758.3501,4251.5602,-3369.7903,1.026892,3.436922,6.108594,1540.3745123314784,7.083915631244065,0.0008954089608831372
COSMOS 738,7827,1,2859.608,-7307.4647,-196.2615,1.889577,0.563036,6.858616,1478.5169807952097,7.13639434250105,0.0009091507617552901
COSMOS 738,7827,6,-3522.7157,5846.1811,-3956.6189,-0.190451,-4.060687,-5.819127,1518.3721218396659,7.098428666789503,0.0008997457031009296
COSMOS 738,7827,12,-2851.3521,1687.008,-7150.1536,1.825648,-6.487427,-2.240805,1509.4125078469951,7.102176198057747,0.0009012442167190725
COSMOS 738,7827,24,1349.2785,-6728.789,-3821.4439,2.847827,-2.775073,5.917832,1483.9721424032086,7.129648263237255,0.0009076605408629694
COSMOS 739,7828,1,7186.5141,837.361,2980.5276,2.359607,2.414268,-6.290015,1454.0049922144826,7.13867801980857,0.0009122905387167451
COSMOS 739,7828,6,-7166.2987,-2289.8517,2093.7718,2.394723,-1.380179,6.598169,1438.1701361982005,7.153700194398072,0.0009160640720629456
COSMOS 739,7828,12,-2789.8117,-2628.9186,6787.2,6.511821,0.625379,2.914054,1423.8923127188127,7.16146789035586,0.0009187385281347116
COSMOS 739,7828,24,7426.5256,924.0849,2298.2428,1.764756,2.28978,-6.523889,1457.7377882782102,7.135725882645507,0.0009114784625089456
NIMBUS 6,7924,1,-4867.8433,-711.8105,-5655.9599,4.966044,2.675422,-4.608799,1125.1626831114836,7.284264143372411,0.0009717323984688233
NIMBUS 6,7924,6,-6192.5992,-2863.5079,3086.3451,-3.273213,0.018698,-6.519908,1117.2233154131472,7.295441952824859,0.0009742553935068306
NIMBUS 6,7924,12,905.9503,1702.7322,-7239.4577,6.78116,2.27148,1.389367,1120.9817592594427,7.285196839941183,0.0009723991694103244
NIMBUS 6,7924,24,-6900.9482,-2800.1377,816.4953,-1.213216,0.882703,-7.137092,1121.0305507229896,7.293088499759824,0.0009734461772924874
OPS 6381 (SSU 1),7937,1,6378.8357,-1021.3621,4297.8135,3.787534,-1.378327,-5.931521,1388.1189131043184,7.171341610432877,0.0009242469010651778
OPS 6381 (SSU 1),7937,6,-7229.6757,1790.3982,2213.0531,2.143124,0.150301,6.833399,1398.8996431841606,7.163163600196354,0.0009219119846007223
OPS 6381 (SSU 1),7937,12,-1491.5,1011.1845,7543.9547,6.870499,-1.356799,1.533097,1385.179398305092,7.169033857278887,0.0009242996440806268
OPS 6381 (SSU 1),7937,24,7114.5151,-1755.4972,-2584.2816,-2.454285,-0.086469,-6.728451,1399.2385365852451,7.162614369668871,0.0009218010921987211
METEOR 2-1,8026,1,718.4448,-2533.9545,-6760.3513,1.265736,6.870156,-2.430633,884.3041313323993,7.396560543030861,0.0010194693990963712
METEOR 2-1,8026,6,174.3326,-4907.945,-5343.4588,1.468616,5.364831,-4.876809,886.469801917553,7.397398910191203,0.001019280701414242
METEOR 2-1,8026,12,-379.3729,3998.1073,5993.1546,-1.456816,-6.111862,3.98501,843.339043811904,7.44026038959659,0.0010313155986172386
METEOR 2-1,8026,24,-783.8405,1962.9036,6899.3043,-1.32341,-7.074722,1.871008,844.8018470805928,7.4366508820468376,0.0010306063053901067
COSMOS 755,8072,1,891.5605,353.2045,-7294.4626,-4.720421,5.636145,-0.288829,986.2289733825237,7.357440252527166,0.0010000287172175022
COSMOS 755,8072,6,4180.7012,-4103.438,-4475.6862,-2.354154,3.911392,-5.757881,1001.1253993943901,7.348076077691426,0.0009967378034962699
COSMOS 755,8072,12,-4742.45,5327.4929,1786.994,0.475149,-1.944901,7.092829,981.9830788657746,7.369981661798285,0.001002311794104541
COSMOS 755,8072,24,-3494.7366,5032.129,-4059.1887,-3.194152,2.684362,6.076984,978.3209943659595,7.3714408959445645,0.00100300978846829
KIKU 1 (ETS 1),8197,1,-2931.6386,-4283.4542,5294.1347,5.259403,-4.966537,-1.191185,1043.1990117781224,7.331216228771526,0.000988807586244344
KIKU 1 (ETS 1),8197,6,-6061.382,2233.3651,3748.7308,0.1486,-6.173584,3.854943,1097.6848929842163,7.279821900177573,0.000974712684292779
KIKU 1 (ETS 1),8197,12,4862.8863,-5460.9846,-780.1701,3.403255,3.804999,-5.3511,982.8208676237728,7.395568483560003,0.001005676996582828
KIKU 1 (ETS 1),8197,24,-1880.9435,-5283.1643,4832.8422,5.546901,-4.137987,-2.455066,1032.1167221034402,7.342914692431473,0.000991868015603182
COSMOS 761,8285,1,2930.8024,-6924.6593,-2028.7928,1.195525,2.422896,-6.641321,1417.228897140485,7.169857019319283,0.0009206017329500624
COSMOS 761,8285,6,-3063.3878,3573.1953,6249.9563,0.832052,-5.99098,3.780563,1452.9391112815174,7.132798082665246,0.0009116632914972844
COSMOS 761,8285,12,-1293.4944,-2704.1568,7188.1008,2.641777,-6.367144,-1.94993,1417.0925054070995,7.163919000056114,0.0009198554068383708
COSMOS 761,8285,24,2986.2716,-6350.224,-3393.7491,0.731686,3.5942,-6.152384,1423.9147444275086,7.162783462178093,0.0009189046573342809
COSMOS 762,8286,1,2086.3583,-3143.8753,-6898.9479,6.217838,-1.990893,2.803513,1492.3532913664376,7.105269134442552,0.0009035927639476375
COSMOS 762,8286,6,-5880.0024,3848.6545,3458.3812,-3.730442,-0.176402,-6.082822,1461.4306705447098,7.137789480269925,0.0009113121814295644
COSMOS 762,8286,12,-7033.277,2600.8033,-2341.1733,1.173082,-2.622585,-6.511803,1484.7148360065094,7.117418898151071,0.0009060179813972531
COSMOS 762,8286,24,1316.4113,-2935.5745,-7176.3179,6.324384,-2.409058,2.159185,1493.4818619969083,7.103764726611165,0.0009032718049663623
COSMOS 763,8287,1,-2217.1994,-714.2049,-7518.5714,4.380511,-5.546991,-0.781452,1500.148436882786,7.111163969668117,0.0009034468129639737
COSMOS 763,8287,6,-661.6021,3846.0388,6821.3969,-4.767021,4.393524,-2.952453,1487.8286313648205,7.1235188685246005,0.0009064351957102644
COSMOS 763,8287,12,-3786.8502,6060.3294,3257.9629,-3.324204,1.245993,-6.186249,1482.7983887747469,7.132496581118423,0.0009081588586883942
COSMOS 763,8287,24,-4345.8556,2657.091,-5989.726,2.601899,-5.140728,-4.18512,1491.7864674941002,7.121249341975396,0.0009056902882223336
COSMOS 764,8288,1,3600.432,2912.937,-6361.424,1.850769,5.785,3.715389,1497.6738311083272,7.120090330373766,0.0009048653538319149
COSMOS 764,8288,6,-4188.3997,-5793.744,3366.6015,0.057564,-3.606101,-6.108186,1531.1621879266895,7.093462782512713,0.0008976609962967418
COSMOS 764,8288,12,-3368.9669,-7025.4846,-1332.9377,2.284869,0.18255,-6.711736,1533.6881500925792,7.0923445336050195,0.0008972326800168524
COSMOS 764,8288,24,1421.5081,-1881.0134,-7521.5647,3.631735,6.054111,-0.805923,1511.4382157826803,7.105721004407294,0.0009014623153252001
COSMOS 765,8289,1,1315.652,2365.0241,-7444.7699,-6.89467,-0.652686,-1.452778,1550.4189412396827,7.076230447122253,0.0008933033967289249
COSMOS 765,8289,6,2409.7782,-1743.3653,7266.9298,6.714005,1.553032,-1.864078,1481.0457372946685,7.138946583574708,0.0009091830106983495
COSMOS 765,8289,12,6164.9475,-507.3735,4839.0904,4.324102,2.149813,-5.260704,1482.7125899558268,7.141047585402928,0.0009092575649554159
COSMOS 765,8289,24,6719.7388,1952.5247,-3648.5104,-3.585251,1.257057,-6.007438,1520.6962931453272,7.107990458497675,0.0009006923473058165
COSMOS 766,8290,1,5375.7872,3522.2517,4521.2256,1.908152,4.112415,-5.475857,1486.9148623494311,7.109009148381933,0.0009046940916150899
COSMOS 766,8290,6,-5468.5813,-5563.8026,429.1722,1.657893,-1.126858,6.865637,1442.1600254781215,7.152299599945601,0.0009154170113785581
COSMOS 766,8290,12,-2363.3145,-4644.1494,5848.8841,4.822201,2.96555,4.333816,1462.442684456396,7.129521050446305,0.0009101389181787395
COSMOS 766,8290,24,5540.7992,3586.3515,4263.5512,1.790183,3.935661,-5.643868,1486.4958919043875,7.109671489023526,0.0009048266250254935
COSMOS 767,8291,1,533.6644,7787.4625,954.1473,-2.026043,-0.691692,6.785443,1492.8264827519488,7.115161612146417,0.0009047963644356079
COSMOS 767,8291,6,860.5428,-5822.057,-5177.8377,1.949365,4.71714,-4.98516,1467.806342130294,7.1346516318896045,0.0009101706714635679
COSMOS 767,8291,12,2095.0141,-682.5206,-7529.0963,0.922082,7.054495,-0.394296,1473.8842912624823,7.125419584513252,0.0009082886783237122
COSMOS 767,8291,24,1230.962,7715.679,-886.3102,-1.825376,1.076058,6.792775,1492.365414827741,7.11559488457325,0.0009049045172383265
COSMOS 768,8292,1,-3744.1761,-2827.9961,6287.599,6.028385,0.436165,3.785386,1474.4010601260798,7.131676716203981,0.0009090264043288274
COSMOS 768,8292,6,-610.2878,2082.5595,-7564.1479,-6.884849,-1.764794,0.078466,1498.297219125956,7.107868916095245,0.0009032406221510994
COSMOS 768,8292,12,-5460.1615,319.7754,-5646.9732,-4.844515,-2.539485,4.554943,1490.5473180567742,7.1179923703035115,0.0009054187531193216
COSMOS 768,8292,24,-6051.0285,-2664.3651,4225.9444,4.266351,-0.668986,5.677292,1475.807845602034,7.13308752060852,0.0009090432263619735
METEOR 1-22,8293,1,3058.787,4166.3283,5053.6748,-4.300243,-3.190794,5.141801,857.6996340216629,7.423703505197793,0.0010269763416726225
METEOR 1-22,8293,6,4370.5042,4985.819,2933.865,-2.908435,-1.451705,6.652894,879.3283995418888,7.404555363523592,0.0010212717211528582
METEOR 1-22,8293,12,-3647.8798,-4525.4191,-4285.3241,3.781382,2.455144,-5.908697,850.5266881687603,7.432313376632406,0.0010291886601774918
METEOR 1-22,8293,24,-2046.2152,-3296.1859,-6117.7214,4.933005,3.960411,-3.850216,873.1944521173509,7.4056435821339655,0.001022286691927413
COSMOS 770,8325,1,-4277.2656,-4199.6394,4618.7646,-2.329478,-3.860387,-5.684506,1196.3613983467767,7.2555264458403705,0.0009587921157598563
COSMOS 770,8325,6,2480.4353,4063.94,5896.1265,-4.085974,-3.981651,4.462279,1207.4216895794561,7.242973290598137,0.0009557363772139296
COSMOS 770,8325,12,-4818.455,-5144.5902,2743.1142,-1.08058,-2.550211,-6.712103,1192.6626330900472,7.261098812406425,0.0009599977107175637
COSMOS 770,8325,24,4646.1632,5728.7997,1730.8869,-1.738546,-0.695381,7.003552,1205.4073243421863,7.249540505851457,0.0009568572801728148
COSMOS 773,8343,1,1291.3533,2194.569,-6679.4973,-2.715223,6.742278,1.692775,777.3851758204228,7.462991073935302,0.001044010764721946
COSMOS 773,8343,6,1458.6012,1789.4389,-6765.4767,-2.582819,6.885782,1.267279,777.5162107753195,7.462636518156702,0.0010439420291035912
COSMOS 773,8343,12,29.9787,-5010.9495,5106.0521,2.955891,-4.883944,-4.802936,783.1793143531386,7.460455402930373,0.0010428107928414326
COSMOS 773,8343,24,2451.1989,-6460.6351,-1858.8781,1.323811,2.493777,-6.908504,784.6697613412007,7.463164664367656,0.0010429722043193929
COSMOS 778,8419,1,4033.5926,-2295.8192,-5717.9894,5.562768,-1.524458,4.5596,993.5134150448639,7.3524357988076305,0.0009983600252241294
COSMOS 778,8419,6,-1604.5381,-332.3904,-7194.0165,6.667512,-2.74586,-1.347348,1007.2721076574571,7.3355851874849085,0.000994214509908323
COSMOS 778,8419,12,4081.9931,-787.1034,6049.723,-5.526018,2.687812,4.07955,969.3915295758006,7.375902418427728,0.001004837737702253
COSMOS 778,8419,24,6794.2835,-2537.6374,1167.492,-0.782475,1.266905,7.22421,975.0825902187489,7.376077923175026,0.0010040831739349372
COSMOS 783,8458,1,-3467.0785,4669.9434,4181.7772,0.421677,-4.798989,5.690837,792.5372013276829,7.4561204842075215,0.001040843409429857
COSMOS 783,8458,6,-3455.5272,5084.9754,3678.4526,0.0698,-4.347873,6.056607,793.4020391789682,7.45596137440223,0.0010406955575118276
COSMOS 783,8458,12,2937.018,-2326.3556,-6097.5354,-1.806991,6.425895,-3.329823,785.6712278983814,7.459561933279661,0.001042322847555235
COSMOS 783,8458,24,51.8405,4152.7303,-5838.6967,-3.46509,5.394892,3.796286,794.0705186040732,7.451408980425112,0.001039963104491095
COSMOS 785,8473,1,-355.3054,3508.0549,-6369.6282,-6.748714,2.513914,1.795719,909.4432910996848,7.422230862763095,0.0010194751289164968
COSMOS 785,8473,6,4352.0625,782.3387,-5829.5895,-5.09871,4.31811,-3.149536,945.8719808354026,7.386642989308201,0.0010095356333492706
COSMOS 785,8473,12,-5453.1865,347.8142,4894.0118,3.736402,-4.415979,4.566083,964.5006114131793,7.369578305231175,0.0010046455853012916
COSMOS 785,8473,24,-6529.8617,2770.6225,1741.7095,0.163577,-3.558238,6.491785,933.039624825662,7.404801657424593,0.0010137953841674752
METEOR 1-23,8519,1,-4235.4994,600.5568,-5853.17,-5.985755,-1.080256,4.220314,878.8084585957577,7.403192973586262,0.00102115704378488
METEOR 1-23,8519,6,-1732.9921,958.8631,-6973.0042,-7.170996,-0.746801,1.674312,877.8252590624406,7.401636037995991,0.0010210807646028586
METEOR 1-23,8519,12,2847.6331,-833.8965,6578.6078,6.816591,0.87297,-2.838445,845.8191214099788,7.435372183031996,0.001030283849150887
METEOR 1-23,8519,24,4856.9586,-550.9959,5311.4012,5.491779,1.059157,-4.901052,847.3534155160496,7.4365153695930735,0.0010302232298030848
COSMOS 789,8591,1,964.4703,30.18,7285.0273,2.427649,6.948612,-0.32919,977.6554248874254,7.36783919815335,0.001002610514734567
COSMOS 789,8591,6,-1285.62,-5357.953,4850.6093,2.293016,4.400526,5.463449,969.9052381743422,7.380503128414282,0.0010053941426779386
COSMOS 789,8591,12,2156.0919,6734.4468,-2158.3414,-1.537168,-1.726983,-6.957283,1022.2363402118972,7.331380667009592,0.000991633478174386
COSMOS 789,8591,24,2613.2366,5679.9693,3913.188,0.658962,3.96877,-6.147482,1004.9133061517232,7.346897383975633,0.0009960661248347522
COSMOS 791,8607,1,-2066.5919,-3717.9394,6570.1062,5.65176,2.746952,3.370991,1455.8876919562617,7.131038964273369,0.0009110950923190043
COSMOS 791,8607,6,-2399.3534,904.8908,-7359.0311,-5.582749,-4.286291,1.316933,1422.0137192733991,7.160564884153414,0.0009188441265596857
COSMOS 791,8607,12,-6199.2562,-2925.7047,-3691.1461,-1.97246,-3.404753,5.996871,1414.5690194349781,7.172545101513827,0.0009212615139123589
COSMOS 791,8607,24,-1207.2179,-3210.152,7042.3738,5.935828,3.08051,2.456826,1462.1015351590368,7.124576471619909,0.000909547315280046
COSMOS 792,8608,1,-3703.4117,-4783.8529,4972.5941,-0.577941,-4.89303,-5.165154,1460.1684231594782,7.1382472795565866,0.0009115175276330817
COSMOS 792,8608,6,3362.8952,7096.3072,-442.9144,-1.59813,1.193993,6.824727,1494.2916772795052,7.110312046983451,0.0009040112355302772
COSMOS 792,8608,12,1174.6539,5957.6446,4998.5102,-3.299198,-3.660107,5.122053,1494.013997711536,7.107497283113234,0.0009036852680975883
COSMOS 792,8608,24,-3677.4726,-3959.905,5670.2861,-1.133444,-5.396219,-4.529118,1462.0579462065125,7.135599810458894,0.0009109596608964967
COSMOS 793,8609,1,-1587.5644,3520.2598,6767.423,-5.755735,3.096577,-2.941773,1420.70095964754,7.167377685784599,0.0009198733014657197
COSMOS 793,8609,6,5144.7617,-4908.042,-3336.8717,3.552311,-0.406098,6.150865,1483.4358146089517,7.114560371136785,0.0009058015800325179
COSMOS 793,8609,12,6346.163,-3713.4127,2662.6048,-0.986232,2.995183,6.413067,1449.0180961474334,7.146411904431622,0.0009138613001359081
COSMOS 793,8609,24,-1529.3803,3566.6075,6757.0133,-5.680548,3.213471,-2.961625,1421.1063838644568,7.1670247724400955,0.0009197801492137283
COSMOS 794,8610,1,-4818.9772,-789.2132,6129.3577,5.444911,-2.296742,3.999857,1465.7355795460753,7.135890668510414,0.0009105692792717327
COSMOS 794,8610,6,487.0617,2103.0413,-7550.3302,-6.962265,1.484808,-0.016105,1481.8655876784642,7.11885159966929,0.0009065291542541007
COSMOS 794,8610,12,-4858.5681,2682.2731,-5536.5176,-5.395607,-0.183727,4.664198,1468.2155283823513,7.134498825578571,0.0009101036704180015
COSMOS 794,8610,24,-6231.0643,44.6793,4748.5638,4.037378,-2.494844,5.334225,1463.348518750835,7.139931655824515,0.0009113625260269832
COSMOS 795,8611,1,-307.8347,-7086.8288,-3432.5677,2.038091,-3.031504,6.092918,1509.3823294378826,7.104046817203629,0.0009014850447884766
COSMOS 795,8611,6,-985.9065,7728.2332,-988.6717,-1.850747,-1.089165,-6.798766,1482.347805280585,7.12985020726172,0.000907873990053976
COSMOS 795,8611,12,-2053.7201,5068.0906,-5655.0874,-0.846042,-5.399467,-4.554045,1495.5953296576245,7.114025359237765,0.0009043334582646425
COSMOS 795,8611,24,-1292.5387,-5146.4914,-5828.2882,1.643101,-5.354264,4.363504,1511.0031314083408,7.099865564636628,0.0009007691885258156
COSMOS 796,8612,1,1970.0926,3591.0602,6727.4199,-5.769149,-2.70774,3.149405,1505.240011802257,7.108705082209136,0.000902550591596625
COSMOS 796,8612,6,1670.6747,-1482.9641,-7534.6491,5.875519,3.992218,0.527039,1487.834107883924,7.123011876053977,0.0009063700516223169
COSMOS 796,8612,12,5359.9541,1558.447,-5527.8578,3.674061,3.938227,4.670419,1484.8944024812763,7.1288968130287165,0.000907458329732266
COSMOS 796,8612,24,5193.5454,4526.5738,3802.2784,-3.921315,-0.455806,5.924255,1497.9329149392397,7.119077731271515,0.000904706878076935
COSMOS 797,8613,1,6418.3114,-3547.2662,-2919.1106,-1.159751,3.040015,-6.313762,1521.9731670685887,7.102837755071559,0.0008998938175422074
COSMOS 797,8613,6,-4916.603,1438.0494,5960.6854,3.875982,-4.265485,4.197226,1488.43646670819,7.129818009221904,0.0009071665684204105
COSMOS 797,8613,12,-1426.8645,-1629.5323,7545.3432,5.738718,-4.237563,0.166543,1479.065084054385,7.135654212007614,0.0009089930001347461
COSMOS 797,8613,24,5576.6485,-5012.6195,2394.5841,2.935474,0.122549,-6.488434,1500.429079671957,7.122626034998117,0.0009048707627173278
COSMOS 798,8614,1,-2203.0149,4216.6712,-6261.9203,-0.526457,-5.987253,-3.836948,1493.1742415897388,7.130674961990765,0.0009067290147616697
COSMOS 798,8614,6,2233.5795,-645.605,7575.1833,-0.434709,7.024818,0.717663,1552.956412515413,7.0747494676047715,0.0008928304371324696
COSMOS 798,8614,12,1618.0123,3776.9528,6763.9746,-1.42848,6.189417,-3.13783,1543.208023916498,7.084872265552075,0.0008952092545636664
COSMOS 798,8614,24,-748.4348,7823.5416,-588.7205,-1.900754,-0.72051,-6.823638,1510.2784270003967,7.119974437008886,0.0009034034900501209
COSMOS 800,8645,1,-712.3982,-709.1492,7285.3965,6.954812,-2.381126,0.433127,983.4140450097129,7.3638828060574815,0.0010012874936044965
COSMOS 800,8645,6,-5891.5139,1441.2364,4193.0341,3.774648,-2.048448,5.965639,1002.5088905039629,7.350711218033871,0.0009969081650529437
COSMOS 800,8645,12,6915.3911,-2193.9722,-1250.7368,-0.890601,1.241037,-7.204575,991.0982486792645,7.364729723974601,0.0010003574355036363
COSMOS 800,8645,24,4976.5689,-2366.8745,4863.958,4.868052,-0.98336,-5.44929,979.2666850231672,7.372902323264835,0.001003079566934325
COSMOS 803,8688,1,6522.0687,1207.2037,-1328.0894,-1.925521,2.90089,-6.841502,393.5060688276226,7.676518972134766,0.0011348232811128525
COSMOS 803,8688,6,-1833.0057,2549.7412,-5990.5101,-7.359885,-1.352137,1.679285,392.67513570927986,7.669170736867122,0.0011338762703692283
COSMOS 803,8688,12,2154.261,2749.9499,-5793.1733,-7.254878,0.600535,-2.410296,393.90367946683364,7.668339056713976,0.001133547411767191
COSMOS 803,8688,24,6752.5552,337.1279,-188.3744,-0.345493,3.128854,-7.002995,392.5894216444576,7.6779575237422355,0.0011351897705634923
UME 1 (ISS 1),8709,1,-2202.1233,2394.0454,-6623.3535,-1.513304,-6.904516,-1.984596,1007.9980343964244,7.34173354691438,0.000994949925815356
UME 1 (ISS 1),8709,6,-134.4685,6916.1302,-2579.0808,-2.674921,-2.434909,-6.391737,1011.587384770527,7.344268926972309,0.0009948096167642709
UME 1 (ISS 1),8709,12,-1117.113,-7265.3654,-481.2064,2.46392,-0.829151,6.887063,995.4805334492748,7.361387770873777,0.0009993086572953837
UME 1 (ISS 1),8709,24,-2698.6511,-3821.1723,-5697.8161,0.547727,-6.201088,3.908276,1001.189892782043,7.350382203834642,0.0009970418980975039
COSMOS 807,8744,1,-675.1724,-1072.8564,-7286.1073,6.966994,1.394805,-0.89506,1024.5553011153934,7.161397823585909,0.0009683380803745502
COSMOS 807,8744,6,1121.9369,-685.6619,-7277.181,6.914838,1.596888,0.963702,1024.0143985968152,7.161966028653863,0.000968485744938215
COSMOS 807,8744,12,-6363.6725,-1005.7182,2569.6462,-2.920668,-1.488217,-6.913943,565.2005722327494,7.651646830098864,0.0011031467084054944
COSMOS 807,8744,24,-664.3383,-1058.3846,-7291.1765,6.988849,1.300624,-0.849451,1026.4845787278455,7.159413393259115,0.0009678172785715125
METEOR 1-24,8799,1,-2430.042,6571.4612,-1902.7377,-0.432764,-2.188801,-7.052661,889.1389229043489,7.397172546197499,0.001018874793547109
METEOR 1-24,8799,6,-2079.0945,6906.6521,769.3666,-1.31399,0.438892,-7.273534,882.7164361146779,7.404288808313733,0.0010207579622839111
METEOR 1-24,8799,12,2217.4987,-6849.54,398.7672,0.947485,0.754436,7.349536,839.5834698654953,7.448663028934588,0.0010330180712925766
METEOR 1-24,8799,24,2345.6883,-6200.1389,2823.6456,0.128983,3.138988,6.758117,834.3417999737849,7.4526523912042215,0.0010343232282514808
OPS 6431,8818,1,-1309.51,-6861.9898,2844.4305,3.860896,1.771809,5.751108,1171.7120669381447,7.149899879226352,0.0009479216249770954
OPS 6431,8818,6,-3421.7803,-6666.3354,-1038.7922,2.451276,-2.288935,6.291151,1193.8990291703221,7.129274743422503,0.000942415056160294
OPS 6431,8818,12,3619.5239,5714.9964,1984.7139,-2.044051,3.451197,-6.513957,678.9096717289494,7.64987196110229,0.0010851021243263963
OPS 6431,8818,24,4117.4516,4516.4819,3575.8028,-0.797651,4.996027,-5.692488,709.8461426483491,7.615835642440953,0.0010755544590314327
SSU 1,8835,1,3196.8883,-825.6803,-6556.4315,2.419625,6.950503,-0.016626,969.8880099533753,7.35964357272212,0.0010025549446801686
SSU 1,8835,6,652.722,-5278.2442,-4769.2459,4.044709,4.395488,-4.639886,772.641529275139,7.5636319150141755,0.0010587921977912647
SSU 1,8835,12,873.2915,6848.8436,3122.8369,-3.819639,-2.224243,5.596148,1206.6914034047877,7.131183033079013,0.0009410759363827945
SSU 1,8835,24,2870.665,7056.1473,-99.0283,-2.916277,1.268019,6.340357,1247.3816434806658,7.093142506149091,0.000931056336908372
SSU 2,8836,1,2996.0678,6758.673,-1803.4283,-2.363067,2.752887,6.104605,1238.7593008167305,7.101314997046885,0.000933185231796323
SSU 2,8836,6,3915.3167,3206.6475,-5525.9892,0.164209,6.320187,3.467584,1122.2536116877673,7.210815980713002,0.0009623077443242776
SSU 2,8836,12,-3469.8322,-329.8446,6364.8358,-1.530999,-7.125482,-1.521364,885.6981277484347,7.4451998019409125,0.0010259762320099382
SSU 2,8836,24,-2119.0201,3391.524,6235.723,-3.248619,-6.229896,1.958154,1036.895960359393,7.2937985073412195,0.0009845978596852974
METEOR 1-25,8845,1,6979.6721,1926.9067,75.3087,-0.408669,1.054907,7.330593,870.1645095467193,7.417373717284239,0.0010243343743268373
METEOR 1-25,8845,6,6638.0518,1386.017,-2574.0936,2.265016,1.700758,6.840484,882.3256293463901,7.403721807920392,0.0010207347892896895
METEOR 1-25,8845,12,-6919.9661,-1642.184,1247.9793,-1.00594,-1.416527,-7.232248,849.8137663447396,7.438002094570356,0.0010300780958010442
METEOR 1-25,8845,24,-6856.4561,-1955.6195,-1222.6666,1.471132,-0.769114,-7.236516,862.9720413313071,7.424481768088329,0.0010263354248079126
P 76-5,8860,1,2854.0587,-924.9626,-6780.368,4.804382,-4.82849,2.65987,1043.4856254408141,7.312407982253453,0.0009862326736682706
P 76-5,8860,6,-2265.1226,3397.4022,-6157.5925,5.116997,-3.55281,-3.881013,1017.4414796120473,7.339508096615058,0.0009933770358563415
P 76-5,8860,12,4583.3596,-4729.7435,3373.097,-3.321624,1.390571,6.387596,1028.6920321127827,7.332684117199718,0.0009909444994977807
P 76-5,8860,24,5303.1921,-3642.2249,-3698.104,2.119613,-3.216371,6.21458,1049.6213935558271,7.3115529305209845,0.000985301977118849
COSMOS 823,8873,1,-7304.6906,-270.151,782.871,0.82684,-0.877134,7.273919,980.4878308523621,7.373121866490273,0.0010029428105079788
COSMOS 823,8873,6,-5276.0876,520.1192,-5114.8369,-5.116398,-0.752342,5.228015,995.7618977868433,7.353617328879237,0.0009982156924453393
COSMOS 823,8873,12,2738.6711,-788.1367,6782.12,6.838275,0.453163,-2.685208,985.5365863470088,7.360550501386292,0.001000545625647636
COSMOS 823,8873,24,-3381.3976,-836.7385,6466.7157,6.54245,-0.341944,3.381368,974.2292674425416,7.372531943169863,0.0010037170624269467
SSU 3,8884,1,-5316.7378,3544.9993,3029.6784,-4.360524,-1.642523,-6.044371,701.0345077195352,7.631937640320838,0.0010791714367329706
SSU 3,8884,6,-1293.8542,3720.8304,6040.1588,-6.927643,1.22553,-2.550262,840.2520331520263,7.483180980371449,0.0010377089784089216
SSU 3,8884,12,967.8552,-3758.0854,-6283.1117,6.878809,-1.715588,1.77102,1013.9470002524113,7.307377592859493,0.0009894962810985282
SSU 3,8884,24,-1672.9323,-2835.3861,-6495.4254,6.680228,-3.138093,-0.661923,911.0785455405285,7.410210244423703,0.0010175954843224867
COSMOS 825,8889,1,1559.4731,-7509.0,1428.0539,2.214012,-0.793157,-6.761167,1430.0496275135201,7.15851425679114,0.0009176347541161355
COSMOS 825,8889,6,-2772.3318,6224.1826,3916.4626,-0.700735,-3.977362,5.84427,1488.0681346221172,7.103937630087204,0.0009039160252080927
COSMOS 825,8889,12,-2388.4768,731.5672,7445.4832,1.409662,-6.874388,1.106411,1482.358012578843,7.1041187088694535,0.0009045963137667579
COSMOS 825,8889,24,1818.6226,-7578.674,5.7279,1.914568,0.482904,-6.887968,1422.8257979214013,7.165393922797545,0.0009193679854518357
COSMOS 826,8890,1,-6902.496,3264.8387,-2126.5228,-2.50719,-1.053364,6.534162,1555.2678472250436,7.077488993621961,0.0008929156987925615
COSMOS 826,8890,6,7334.0042,-2301.2808,-1673.6147,-0.770186,2.349175,-6.689117,1495.670012789552,7.1313460086375,0.0009065266494010084
COSMOS 826,8890,12,5561.3547,-456.9064,-5566.7209,-4.366616,3.138008,-4.657868,1510.9928403970189,7.1140820774674784,0.0009025740344505489
COSMOS 826,8890,24,-2456.3955,3111.8996,-6853.8368,-6.236029,1.607842,2.941422,1546.8833569290882,7.079913627148922,0.0008941674571340024
COSMOS 827,8891,1,5358.6299,4908.1225,-3024.3243,-3.35275,-0.198094,-6.253808,1499.9032741960918,7.098611716117455,0.0009018801869144407
COSMOS 827,8891,6,-1708.6282,-3575.0113,6718.0638,5.733772,2.987221,3.074473,1428.5190455459087,7.159051255477502,0.0009178836815028793
COSMOS 827,8891,12,3496.0953,-4.3632,7005.3515,5.041747,4.396969,-2.470798,1458.2816415523448,7.1314368787625115,0.0009108673318014054
COSMOS 827,8891,24,5304.2686,4776.6923,-3315.4272,-3.564112,-0.307388,-6.131509,1499.4581968475686,7.098787526625164,0.0009019535266026202
COSMOS 828,8892,1,6127.4755,-4923.6255,-76.9116,1.260534,1.500993,6.837842,1489.9133986811648,7.1132277601781455,0.0009048856537933035
COSMOS 828,8892,6,-5633.5487,2826.2187,-4664.6373,2.444447,-3.960603,-5.399407,1470.1239140860844,7.128484636377285,0.0009091151618674731
COSMOS 828,8892,12,-2043.5473,-1113.1702,-7511.0641,5.324635,-4.637256,-0.782336,1492.289221172914,7.104078456046006,0.0009034487040000213
COSMOS 828,8892,24,5850.3748,-5191.7874,-802.6468,1.812009,1.024914,6.799773,1491.9373387318838,7.111310580688063,0.0009044089090801477
COSMOS 829,8893,1,-1199.6484,2468.3373,7367.1113,-3.265762,-6.129726,1.521925,1490.6902900573195,7.110203793235817,0.0009044115871911276
COSMOS 829,8893,6,3103.9957,1999.5272,-6912.483,2.031675,6.274795,2.717935,1465.792682880371,7.133577381782229,0.0009102674615044583
COSMOS 829,8893,12,3825.425,6181.6302,-2954.1734,-0.447912,3.305701,6.300657,1475.8827465079785,7.129275060817474,0.0009085486926627196
COSMOS 829,8893,24,-238.4112,3983.2094,6773.6485,-3.548748,-5.365172,3.031822,1490.6226713119513,7.111302805869822,0.0009045591607722231
COSMOS 830,8894,1,4763.9847,1334.7167,-6129.1409,-5.622793,1.662162,-4.00971,1505.762473449723,7.103263891986063,0.0009017999356879302
COSMOS 830,8894,6,-411.8395,-2132.1106,7534.8135,7.092891,-0.729785,0.187819,1470.4872227259839,7.132809044189182,0.0009096245191240088
COSMOS 830,8894,12,4840.7863,-2159.4578,5792.1941,5.578917,0.697395,-4.379277,1480.4955571740174,7.126622041447336,0.0009076770138315425
COSMOS 830,8894,24,6744.3629,407.4911,-4045.5765,-3.583375,2.070346,-5.778077,1504.2250215995646,7.107255642529681,0.000902482865319587
COSMOS 831,8895,1,-270.356,5882.8952,5212.1408,-2.819551,4.256975,-4.962928,1493.3473994949945,7.120558849234377,0.000905422724546937
COSMOS 831,8895,6,1881.8403,-7520.6689,-1423.4449,2.232243,-0.718311,6.709598,1511.1303593297225,7.107572358082188,0.0009017324040662782
COSMOS 831,8895,12,2982.9545,-6367.5457,3563.9814,0.690474,3.700888,6.025891,1512.2492799736265,7.105257819185803,0.0009013108131992971
COSMOS 831,8895,24,1408.5928,2649.2872,7274.8551,-2.412585,6.421006,-1.882384,1498.3311704548114,7.112893501080767,0.0009038752273872945
COSMOS 832,8896,1,6061.002,4833.0659,1307.7095,-2.140236,0.841117,6.74985,1490.5758836340856,7.130817832891611,0.0009070468743723842
COSMOS 832,8896,6,-4043.2282,-4635.1735,-4961.9463,4.630783,1.489552,-5.15923,1531.7488088930913,7.090879391633523,0.0008972674651703521
COSMOS 832,8896,12,-181.9238,-2728.366,-7407.4631,5.902919,3.646809,-1.47321,1525.0488142376662,7.093237364359239,0.0008983274459460221
COSMOS 832,8896,24,6266.2144,3034.2613,-3672.8987,1.861816,3.365851,5.991929,1500.6179660795751,7.120289664971363,0.000904552240168941
COSMOS 836,8923,1,386.5403,7136.2157,-62.7369,-2.046801,0.171939,7.188426,775.9520663757212,7.476123708901425,0.0010460576256099937
COSMOS 836,8923,6,598.8748,7092.6118,-646.8041,-1.999609,0.818903,7.156723,776.1776748134007,7.475809145170776,0.0010459805933628137
COSMOS 836,8923,12,393.0908,-6550.8411,-2887.5754,2.060039,2.996441,-6.503147,798.8069140792768,7.450727498144795,0.0010391810529114638
COSMOS 836,8923,24,1902.3295,-787.6792,-6856.0935,0.785462,7.387873,-0.617738,787.5832487598509,7.45514709809384,0.0010414277293464968
COSMOS 839,9011,1,5922.8452,3888.9199,3091.7475,-3.576597,1.520507,6.138091,1359.6335998762288,7.264994753042772,0.000939767052620252
COSMOS 839,9011,6,-5370.2381,-4126.9334,-4147.6603,4.962339,-0.453515,-5.019634,1570.9218393864376,7.072991566522754,0.0008905894202390169
COSMOS 839,9011,12,-1965.6002,-3810.3025,-6346.6894,6.763818,1.453578,-2.413564,1288.1419642032133,7.327169584587489,0.0009566567141375268
COSMOS 839,9011,24,5354.833,-437.5341,-5029.6831,4.644935,3.899823,4.6003,988.5777482799531,7.6122795978309945,0.0010343364603506093
COSMOS 841,9022,1,4346.3593,5677.2398,-349.4308,-1.42275,1.516925,7.163557,787.4909579735568,7.459345005452825,0.0010420275794501296
COSMOS 841,9022,6,4445.6174,5569.0992,-687.1245,-1.185773,1.814531,7.136887,787.9468530729882,7.458802612233347,0.0010418854568017425
COSMOS 841,9022,12,-3150.973,-5589.7024,-3147.314,3.524312,1.596159,-6.389482,775.9566377508381,7.469536722913209,0.0010451353074479948
COSMOS 841,9022,24,1726.7567,-988.556,-6876.2217,4.55876,5.886058,0.29009,787.3068203089606,7.450645859592576,0.001040839132300702
COSMOS 842,9025,1,-1550.7664,4085.2311,5894.5344,0.646891,-5.970699,4.289383,966.5421879918022,7.380143700170817,0.0010058059648704622
COSMOS 842,9025,6,-1469.5492,7192.6047,496.1194,-0.778753,-0.690813,7.291527,986.9393637579733,7.365462974430528,0.0010010225159926723
COSMOS 842,9025,12,1024.319,-6885.8543,2392.2622,1.293328,-2.234871,-6.893587,990.19129544521,7.361310170668942,0.001000016148911088
COSMOS 842,9025,24,-289.8747,-2964.2156,6708.0981,1.584537,-6.622003,-2.837207,968.562765192969,7.376410020953757,0.0010050203611495132
NOAA 5,9057,1,-1611.7778,4314.4206,-6427.8269,0.553813,5.930457,3.848246,1536.5287825363503,7.0912640864893755,0.0008967737306439298
NOAA 5,9057,6,1148.8429,-6915.3258,3617.6864,-1.160371,-3.415295,-6.129127,1517.5502988680382,7.111743708598827,0.0009015273325466812
NOAA 5,9057,12,276.6317,-7856.6758,-756.6001,-1.541788,0.597755,-6.909752,1526.8682842315457,7.104864106967353,0.0008995926307295525
NOAA 5,9057,24,-1452.522,-2457.5459,-7375.559,-0.888822,6.721851,-2.067598,1537.743425701191,7.088599784406579,0.0008962991214723978
COSMOS 846,9061,1,1650.5895,-2729.8897,-6642.5899,-1.501742,6.521657,-3.021871,997.9038568336846,7.342951954143102,0.000996478186824691
COSMOS 846,9061,6,2207.0295,-6695.4651,-2201.439,0.216735,2.362382,-6.938477,1014.564689982024,7.332822502534614,0.00099285874680389
COSMOS 846,9061,12,-1930.6991,7048.4004,-531.3795,-1.019248,0.268847,7.316319,956.3399939187502,7.391865049138411,0.0010088060681329395
COSMOS 846,9061,24,-664.3648,4917.4077,-5403.275,-2.044753,5.102427,4.921691,965.0520582342733,7.378266627116358,0.0010057543987620292
OPS 5721,9415,1,-1547.2754,-5357.5938,4497.3064,-0.0564,4.823206,5.697867,793.0517407905818,7.465399214250032,0.0010420638326414705
OPS 5721,9415,6,-1494.3067,-6071.9381,3502.1926,-0.342249,3.805701,6.411487,796.0592164004938,7.463756428941864,0.0010413973435383977
OPS 5721,9415,12,1486.296,4016.4233,-5783.196,-0.307571,-6.055532,-4.2935,825.2551301920148,7.42954978266281,0.0010324188968081473
OPS 5721,9415,24,779.625,-1706.3953,-6947.5868,-1.291441,-7.133252,1.613644,825.4270582019608,7.426637927805623,0.0010319896064730184
COSMOS 858,9443,1,-1418.1474,-4914.4055,-5008.6552,1.423284,-5.414237,4.92649,787.8511912906852,7.457211500079973,0.0010416771212051826
COSMOS 858,9443,6,-1542.2713,-4520.7307,-5333.3027,1.275799,-5.774104,4.541055,788.5896889803307,7.455811196928339,0.0010413740899710966
COSMOS 858,9443,12,727.6124,6749.6583,2267.5794,-1.904583,2.497891,-6.769114,786.4592773341719,7.462425892212666,0.001042608222144448
COSMOS 858,9443,24,-1192.5413,5297.1136,-4680.1999,-1.641442,-5.012712,-5.258263,797.3916151024187,7.447881793602594,0.0010389892452180407
METEOR 1-26,9481,1,-1832.889,3422.9658,6080.3651,0.979906,-6.304914,3.828059,843.3618361978943,7.440846190031952,0.001031393539577912
METEOR 1-26,9481,6,-2038.9929,5546.0991,4151.2517,0.152793,-4.438183,5.965712,850.4678528692566,7.437105196868067,0.0010298605973733071
METEOR 1-26,9481,12,1979.8874,-4824.5457,-5047.0724,-0.450232,5.239772,-5.204346,886.3504213940923,7.398860503721097,0.0010194988630988307
METEOR 1-26,9481,24,1735.9938,-3113.4949,-6325.0963,-0.969576,6.463594,-3.455402,889.4661124640024,7.393100026255292,0.0010182679612764252
COSMOS 860,9486,1,7223.9751,1355.7124,-569.4681,-0.040486,3.1909,6.608328,1001.1140979946431,7.338493093393221,0.0009954394351261373
COSMOS 860,9486,6,5230.2545,-1281.2095,-4982.5381,5.010554,3.190345,4.363001,965.3986966093998,7.370192014591072,0.0010046062542916718
COSMOS 860,9486,12,-3394.6285,2260.2253,6118.0044,-6.363874,-2.569375,-2.635755,981.69330913453,7.351719839501912,0.000999867603666889
COSMOS 860,9486,24,749.5419,3287.5266,6559.4462,-7.197615,-0.742486,1.159691,1004.362950815208,7.3281532710432575,0.0009935990025051265
COSMOS 861,9494,1,-3668.2112,-5209.3819,3710.898,4.804817,0.561399,5.513177,1002.2080639472697,7.334613546330781,0.000994765573237353
COSMOS 861,9494,6,-6017.0609,-4110.4399,-1108.7489,0.939923,-3.175522,6.549329,999.8929017502378,7.33901257449897,0.0009956748351012267
COSMOS 861,9494,12,6015.77,2892.4174,2981.7825,0.895819,4.249152,-5.98955,939.7177476653424,7.3981412261705986,0.0010119582620370174
COSMOS 861,9494,24,4550.251,10.7629,5744.1402,4.182503,5.058149,-3.366988,957.0315665445551,7.376639535950906,0.0010066331550246407
COSMOS 864,9509,1,4513.5958,457.2137,5813.0332,5.501264,2.030873,-4.417254,1002.8013532741425,7.341694875186587,0.000995645871572971
COSMOS 864,9509,6,-1175.7337,-1227.2318,7162.8453,7.011861,1.661848,1.451541,990.711785717981,7.350843810958439,0.000998523716348061
COSMOS 864,9509,12,3853.0567,1771.9279,-6016.8853,-6.000772,-1.033373,-4.123209,990.296294102649,7.353772964322057,0.0009989779884574653
COSMOS 864,9509,24,6996.3978,1936.4096,-1294.2635,-1.488133,0.538799,-7.174406,1002.898719283392,7.346900410440174,0.0009963386656270969
COSMOS 871,9588,1,4160.0566,-3872.4955,5346.2933,5.176111,-1.126582,-4.807281,1431.893332754761,7.153409166265131,0.0009167636748584984
COSMOS 871,9588,6,-6821.5993,3767.0743,-619.8468,-1.406125,-1.47485,6.847066,1446.2422149343192,7.1438563008000795,0.0009138588909465053
COSMOS 871,9588,12,-5558.9986,1222.1472,5325.3565,3.859004,-3.6111,4.832027,1423.5834439925047,7.161036238614144,0.0009187195557106195
COSMOS 871,9588,24,5071.2016,-4151.1369,4246.2221,4.344145,-0.527552,-5.653454,1437.9324080128,7.149227162697028,0.0009155191502696522
COSMOS 872,9589,1,-2755.1898,111.567,7331.3136,-4.3809,-5.392334,-1.550615,1461.731141246839,7.118564297369308,0.0009088227553073081
COSMOS 872,9589,6,5290.4872,3928.4407,-4144.0798,1.51487,4.025488,5.733525,1413.2982044336131,7.167474707361652,0.0009207605514495007
COSMOS 872,9589,12,4581.1721,5845.063,2387.4446,-2.906741,-0.358944,6.526831,1429.7557968351093,7.153845604902163,0.0009170708314961727
COSMOS 872,9589,24,-4206.5633,-1720.5856,6383.6476,-3.448493,-5.058547,-3.629172,1465.232914150779,7.117014200340056,0.0009082188186989762
COSMOS 873,9590,1,4330.0596,4233.0838,-5031.4135,-4.815692,-1.152586,-5.099316,1501.9623652953442,7.107908805979154,0.0009028251979599688
COSMOS 873,9590,6,-523.0578,-2739.6466,7338.4261,6.210462,3.097168,1.61183,1479.5891868186309,7.1246251706716475,0.0009075274480842918
COSMOS 873,9590,12,4142.1122,181.7609,6680.3822,4.99757,3.935873,-3.18706,1491.4192740043118,7.115065257650769,0.0009049460490075191
COSMOS 873,9590,24,6063.066,4274.2537,-2644.4028,-3.064369,0.37878,-6.402218,1504.4606329387188,7.107898914312513,0.0009025375461321059
COSMOS 874,9591,1,-5455.8131,5507.0082,1243.9767,-2.192705,-0.610295,-6.762429,1480.147300053779,7.135184733704587,0.0009088079055217461
COSMOS 874,9591,6,5893.3692,-4352.1025,2880.0981,-0.774427,3.18583,6.315175,1500.9477744481064,7.115524242658021,0.0009039089748225474
COSMOS 874,9591,12,4015.2434,-1164.4212,6643.4665,-3.949922,4.982084,3.230318,1478.4396888488327,7.131479451717154,0.0009085335685613795
COSMOS 874,9591,24,-3425.9304,5192.0348,4772.059,-4.319333,2.049433,-5.306602,1469.0747170888753,7.142607225151191,0.0009110381575296181
COSMOS 875,9592,1,-2848.5275,-3058.1746,-6632.8055,-0.830582,-6.286593,3.242644,1468.6842795594557,7.122208794826855,0.0009084815843154185
COSMOS 875,9592,6,2796.6846,6734.7865,2810.1817,-1.003534,3.078254,-6.373957,1444.1081335752679,7.149129738333261,0.0009147832142743066
COSMOS 875,9592,12,1097.8053,7006.4166,-3294.8009,-2.583644,-2.490968,-6.177548,1448.8953330658114,7.144385011186337,0.0009136164496955436
COSMOS 875,9592,24,-2971.0288,-3371.5741,-6425.0369,-0.822531,-6.105863,3.572144,1469.6392091832577,7.121680488302323,0.0009083035576947779
COSMOS 876,9593,1,-2694.4586,-2402.5547,7027.1007,-0.908572,-6.53205,-2.603387,1529.1595225379178,7.090190699371422,0.0008974743711369648
COSMOS 876,9593,6,2848.7084,5820.3042,-4474.7369,-0.450741,4.491167,5.50191,1503.919101361601,7.1165133400472165,0.0009036935171583854
COSMOS 876,9593,12,2023.2631,7631.6168,73.5986,-1.897408,0.463197,6.826369,1524.605442762816,7.100283255154966,0.0008992702721313348
COSMOS 876,9593,24,-1413.9926,2699.9019,7299.1202,-2.358744,-6.399647,1.903016,1538.8673210444185,7.0810045105479915,0.0008952115406169691
COSMOS 877,9594,1,7743.4942,-949.5263,740.3634,-0.405965,2.034921,6.826226,1465.5451944007118,7.134638915918731,0.0009104316684112918
COSMOS 877,9594,6,-5815.4871,-610.839,-5225.2847,4.665609,-2.153214,-4.937685,1470.977728241869,7.126357486816249,0.0009087449281004196
COSMOS 877,9594,12,-389.572,-2122.5387,-7536.7796,7.03211,-1.144833,-0.03866,1468.6418040085127,7.124795312539793,0.000908816434559139
COSMOS 877,9594,24,7728.3796,-1288.0652,172.5194,0.17106,1.960513,6.857605,1465.8824250797315,7.134396896920861,0.0009103616093676787
COSMOS 878,9595,1,-2431.6843,3900.0476,6360.8885,-0.142655,-6.099225,3.678767,1476.5704728638466,7.124199792954925,0.0009078223403777935
COSMOS 878,9595,6,2054.8365,847.0666,-7527.5596,-1.160461,7.010172,0.469214,1477.8233766673566,7.121049289248109,0.0009072760269287314
COSMOS 878,9595,12,638.2407,5943.7396,-5090.333,-2.099475,4.557872,5.054355,1480.5528193239352,7.122394043440309,0.0009071319021010661
COSMOS 878,9595,24,-2221.476,5320.0429,5326.0808,-0.734239,-5.168442,4.848379,1477.8820073017441,7.12451251273559,0.0009077104874436538
COSMOS 883,9610,1,-1809.9132,3363.1778,6280.3951,-4.436376,4.57303,-3.689724,979.5178945466887,7.36261492884505,0.0010016457390447735
COSMOS 883,9610,6,2104.7154,-1183.9276,6920.658,-4.2841,5.566363,2.270215,958.8716653160391,7.381855187145979,0.0010070920098200244
COSMOS 883,9610,12,-3580.1241,3230.3529,-5594.0564,3.12913,-4.679086,-4.693553,1014.5220151537151,7.329034050685329,0.0009923515271699844
COSMOS 883,9610,24,-4726.0068,5618.2641,-780.5139,-0.206699,-1.160014,-7.241325,1012.0368899991463,7.336562186230141,0.000993705204990651
COSMOS 886,9634,1,2506.7566,-2846.9762,7785.4925,5.852689,2.412349,-0.962677,2289.426987312245,6.403135422185837,0.0007393556266413424
COSMOS 886,9634,6,-6401.8533,-551.0662,-3254.732,-3.294895,-3.83118,5.844688,831.8244476265918,7.726231362751765,0.0010726668987882442
COSMOS 886,9634,12,-6441.9748,-3459.2283,3019.8033,2.967328,-1.931995,6.103063,1540.0373356499094,7.0558499219851605,0.0008918994592768543
COSMOS 886,9634,24,4014.4512,-2238.1731,7323.4706,5.370826,2.662604,-2.285528,2275.2974094007077,6.415517923120159,0.0007419959804002198
COSMOS 887,9637,1,5437.1548,3206.04,-3844.9172,-3.770271,-1.00004,-6.201433,1019.8546918214324,7.326171897282373,0.0009912482659670421
COSMOS 887,9637,6,6461.8367,2874.7194,2053.2393,1.512033,1.70183,-6.993064,993.4508817200849,7.35427856761525,0.0009986187274152259
COSMOS 887,9637,12,-5371.2229,-1964.7375,-4639.0992,-3.868354,-2.653135,5.660674,993.2019440555332,7.351633704954089,0.0009982933331816643
COSMOS 887,9637,24,-1217.5983,417.7106,-7273.9706,-6.507642,-3.229266,0.927176,1015.9937088899442,7.323743484987442,0.000991437623152923
METEOR 2-2,9661,1,-5628.8108,2195.6493,4024.4892,3.283445,-2.731653,6.054046,888.5385660318507,7.409076335856582,0.001020598798183184
METEOR 2-2,9661,6,-6466.9365,3204.9771,839.808,0.26629,-1.394805,7.267525,895.2523616662711,7.4049517876722195,0.0010190881652745326
METEOR 2-2,9661,12,6416.8497,-3138.8514,-1266.6978,-0.637279,1.584421,-7.217129,883.8515836091983,7.416432122774602,0.0010222720668098106
METEOR 2-2,9661,24,6287.1179,-3005.8112,-2022.0554,-1.325692,1.932753,-7.034524,885.1326131221585,7.414682821567555,0.0010218505114086079
COSMOS 890,9737,1,-6177.0211,-3209.7025,-2464.1522,-1.696275,-1.956307,6.870475,1013.4313168392528,7.342200806263678,0.00099428114247887
COSMOS 890,9737,6,-2515.4537,-452.9087,-6942.2087,-5.860325,-3.694678,2.370338,1026.7628538454155,7.3220596052991125,0.0009897667375878437
COSMOS 890,9737,12,-328.2104,-1214.7536,7234.9732,6.418388,3.525559,0.877494,972.5812503232619,7.375314671324947,0.0010043212459861172
COSMOS 890,9737,24,-5286.6025,-3491.9469,3744.5349,3.692066,1.182778,6.262838,988.578844114918,7.365694465553402,0.0010008309743761185
COSMOS 894,9846,1,3621.5847,-3616.0785,5298.7797,4.616182,-2.771575,-5.006312,995.7472989487314,7.352137381679766,0.0009980167750194104
COSMOS 894,9846,6,-1204.7773,-202.0558,7242.4178,5.725346,-4.563629,0.843623,973.7212662337142,7.370074371095993,0.001003451881146101
COSMOS 894,9846,12,3466.7324,-1712.7438,-6294.4934,-4.686413,4.234995,-3.718536,1016.3115556535022,7.329744841390456,0.0009922073525897265
COSMOS 894,9846,24,5793.3865,-4340.9959,-1480.3764,-0.608207,1.604451,-7.130543,1018.1194893489183,7.334086326264439,0.0009925521351814913
METEOR 1-27,9903,1,-6858.6442,-2224.2645,943.527,1.263201,-0.777999,7.240928,900.7670498911675,7.391346123108158,0.0010164442937179595
METEOR 1-27,9903,6,-6778.7976,-1699.2465,-2019.7713,-1.681879,-1.623243,7.008432,903.5454616650577,7.387946528387573,0.0010155887494717173
METEOR 1-27,9903,12,6884.6154,1843.1001,1123.0468,0.817254,1.401969,-7.270544,843.9969715535854,7.449445028551657,0.0010324945468338275
METEOR 1-27,9903,24,6883.0264,2065.9962,-668.0886,-0.96614,0.893458,-7.32994,846.3911560176193,7.447127909534252,0.0010318309966233555
COSMOS 909,10010,1,-3437.4302,-1404.3416,-7628.361,4.276222,-4.922085,-1.055184,2113.1023836162894,6.605029039630711,0.0007785183088296683
COSMOS 909,10010,6,714.46,3430.2388,6517.3011,-5.702661,4.708955,-1.643745,1028.4732883284778,7.576047603993192,0.0010238630925181165
COSMOS 909,10010,12,-2232.0097,5383.3802,4814.4802,-5.285216,2.476159,-4.593376,1188.2241185744824,7.427245427297593,0.0009825407093100214
COSMOS 909,10010,24,-5907.2798,5284.2511,-1506.4099,-1.397059,-2.631117,-6.299044,1696.7465943197094,6.9679628178619035,0.000863681417902722
COSMOS 911,10019,1,-4161.8113,-897.1056,5997.5909,6.077008,-0.286668,4.142754,984.0369379168906,7.360340717575784,0.0010007211085006997
COSMOS 911,10019,6,-7323.1339,-351.6362,803.5034,0.855415,-0.866292,7.244186,1004.4698730515611,7.345776164169788,0.0009959739908923949
COSMOS 911,10019,12,7058.8273,-29.1943,2014.9605,2.025656,0.932966,-7.034812,969.8419799732792,7.379856886338379,0.001005314772674788
COSMOS 911,10019,24,3466.5267,-709.6555,6426.6249,6.498337,0.586525,-3.444499,965.342814767665,7.378141276920292,0.001005697452151294
OPS 5644,10033,1,251.179,-1410.0391,-7050.6805,-6.594668,3.290449,-0.875923,823.6783574146011,7.421855681280391,0.0010315757442626561
OPS 5644,10033,6,1032.3815,-1782.9112,-6895.1035,-6.52636,3.064442,-1.755141,825.3210173212774,7.420559247849518,0.001031160120565565
OPS 5644,10033,12,2059.2547,179.6201,6837.9273,6.325749,-3.562485,-1.782311,772.5315537821616,7.475495454279067,0.001046470558434245
OPS 5644,10033,24,6186.5963,-2650.9137,2490.5995,1.876453,-2.173504,-6.872914,805.6568187019802,7.448633589499553,0.0010378974190445914
COSMOS 921,10095,1,-21.8378,-3284.6821,-6163.3979,3.885418,-5.707935,3.015078,613.0594972618655,7.534433644610124,0.0010788043325753503
COSMOS 921,10095,6,2337.2733,-5981.679,-2745.5263,2.905068,-1.921109,6.688039,613.3571502268969,7.5405533974653345,0.0010796345655405622
COSMOS 921,10095,12,-2790.1459,2111.6446,-6024.9321,2.313363,-6.369571,-3.335129,596.3354928269664,7.552891402665009,0.0010840430190911412
COSMOS 921,10095,24,3012.4005,-2968.4878,5512.2541,-1.795412,6.047242,4.194588,576.76380241268,7.575434545031197,0.0010903414048705213
COSMOS 923,10120,1,-4487.3462,2491.3689,4975.6549,2.819335,-4.836963,4.948314,777.4499437595323,7.471992528649235,0.001045260523251219
COSMOS 923,10120,6,-4716.7652,2976.8653,4472.9049,2.303018,-4.566031,5.447377,778.5789533873349,7.471709789694324,0.0010450559170556988
COSMOS 923,10120,12,3049.7278,-489.5945,-6476.5378,-4.348418,5.511983,-2.46457,804.3804291725137,7.440752715949711,0.0010369837236362115
COSMOS 923,10120,24,-1864.4174,4272.0551,-5449.0343,-4.935738,3.435199,4.394268,799.6681572525204,7.447932131140093,0.0010386664070637746
COSMOS 926,10137,1,-1873.0448,-1025.0278,7036.9098,-4.098837,-5.797597,-1.955343,982.7118754351477,7.364506906414508,0.0010014679703477941
COSMOS 926,10137,6,2036.7735,3878.5068,5933.9625,-4.040877,-4.426042,4.245914,1004.8506112417117,7.3448158867523015,0.0009957923870580962
COSMOS 926,10137,12,-3549.8803,-5347.6611,-3590.5311,2.825805,2.381407,-6.376136,983.6613086428742,7.3696257359631225,0.001002034686125201
COSMOS 926,10137,24,-4459.2243,-5182.9239,2684.507,-1.007145,-2.663622,-6.808362,974.33589047844,7.379906255024721,0.001004706437535565
COSMOS 928,10141,1,-7363.6014,-456.7307,287.9992,0.350472,-0.877921,7.274177,1012.3713200410748,7.335340955426271,0.0009934947922117323
COSMOS 928,10141,6,-5220.1028,358.9533,-5206.4661,-5.180236,-0.912868,5.109015,1010.4368495976396,7.332817144273066,0.000993413246456586
COSMOS 928,10141,12,2867.5328,-682.6114,6714.1537,6.772977,0.697967,-2.842895,961.7049981374194,7.3785111883524985,0.0010062468339073663
COSMOS 928,10141,24,-2523.7636,-957.7165,6838.6917,6.914788,-0.000925,2.517383,981.1634755156329,7.358771032533761,0.0010008987228099773
COSMOS 939,10282,1,6185.7796,4679.4559,-936.7829,-1.848084,1.086309,-6.821831,1441.7292914546442,7.150724432328379,0.0009152658649199136
COSMOS 939,10282,6,-3456.8998,-4336.8611,5530.6397,5.064618,1.908316,4.64018,1461.4003931840298,7.129045930149419,0.0009101993734070734
COSMOS 939,10282,12,1858.0699,-1321.8189,7478.2212,5.738676,4.188327,-0.698893,1447.1469207103455,7.138833008087106,0.0009131106233340626
COSMOS 939,10282,24,6051.6731,4642.2917,-1695.8048,-2.402593,0.696362,-6.697983,1442.4098482580275,7.149849608696814,0.0009150741798461844
COSMOS 940,10286,1,-4033.0965,1153.6413,6615.3831,-5.969483,-2.097319,-3.260372,1462.26555065916,7.11782971511921,0.000908666975361285
COSMOS 940,10286,6,7410.5578,729.0606,-2258.4152,1.793588,2.247201,6.568582,1410.2810951156516,7.170295652124047,0.0009214800962048365
COSMOS 940,10286,12,6042.9986,2355.5006,4334.2212,-4.334182,0.849942,5.623588,1429.7492311143906,7.150683674043483,0.0009166662665583417
COSMOS 940,10286,24,-6159.3,362.3075,4830.286,-4.250942,-2.241357,-5.250998,1464.809215157823,7.118087459761717,0.0009084048965858275
COSMOS 941,10287,1,-2740.9543,7113.517,-1746.5894,-2.420796,0.677889,6.681476,1449.839412503612,7.138760978525125,0.0009127870554549414
COSMOS 941,10287,6,3800.7557,-5762.3579,-3707.8046,0.104623,3.883287,-5.971459,1464.7084817236573,7.123846326611699,0.0009091515264034724
COSMOS 941,10287,12,2516.6865,-412.6381,-7420.2188,-2.548564,6.522032,-1.227539,1475.2493065621675,7.109073910689141,0.000906047416151244
COSMOS 941,10287,24,-3128.7056,7159.1451,28.3954,-1.780483,-0.835994,6.870285,1441.9996539783951,7.1463152507113765,0.0009146698537318453
COSMOS 942,10288,1,7290.1475,2649.4989,-1442.5818,0.51643,2.302062,6.700361,1518.6854970618888,7.103592536672202,0.0009003644745177197
COSMOS 942,10288,6,-6530.76,-3532.776,-2556.3498,2.956436,-0.760966,-6.450478,1481.7865591607697,7.136403120882116,0.0009087733465208032
COSMOS 942,10288,12,-3175.8211,-3286.3901,-6377.8115,5.979019,1.333596,-3.664194,1475.1888250357233,7.138169524689996,0.0009097626483208548
COSMOS 942,10288,24,5609.6135,546.0875,-5494.6807,4.320381,3.168383,4.684423,1500.3080978952275,7.1167521850053905,0.0009041384349963885
COSMOS 943,10289,1,-5473.9918,4964.4313,-2615.5505,0.288258,-3.070659,-6.428552,1468.0859656555103,7.130099591558943,0.0009095575202003437
COSMOS 943,10289,6,4058.1783,-1773.8655,6458.9293,-3.318034,5.23966,3.522849,1460.550142154465,7.1325908068216695,0.0009107508318729207
COSMOS 943,10289,12,166.3902,2954.5866,7252.4962,-4.93401,4.806565,-1.84066,1462.0050942515054,7.1299054001385604,0.0009102388309910667
COSMOS 943,10289,24,-5366.525,5183.7661,-2403.8054,0.074188,-2.937152,-6.496882,1467.9605150302532,7.130346516991443,0.0009096035760506601
COSMOS 944,10290,1,-2531.3773,-6182.2239,-4114.9401,3.471868,2.400774,-5.74259,1475.0496691822254,7.127055711624542,0.0009083622984975798
COSMOS 944,10290,6,-255.8674,3356.1887,7083.0111,-4.182585,-5.272467,2.34396,1471.099014875651,7.1265050361249305,0.000908749688394228
COSMOS 944,10290,12,-3411.7778,-1637.9903,6867.9338,-2.863232,-5.884482,-2.823606,1470.6678494214075,7.127269935773725,0.000908897197972955
COSMOS 944,10290,24,-3298.5706,-6473.9689,-2960.6412,3.052625,1.326636,-6.303395,1474.9057881476638,7.128202507865921,0.0009085251212975392
COSMOS 945,10291,1,-7451.4422,1401.1352,2001.3709,1.34232,-2.318799,6.615275,1470.7253323478944,7.137262438107904,0.0009101648088420018
COSMOS 945,10291,6,5276.4457,290.7823,-5828.0005,-4.964575,2.644583,-4.349639,1496.0848094476542,7.1105684445644,0.0009038377768630705
COSMOS 945,10291,12,255.3709,2172.9585,-7546.5654,-6.871374,1.82636,0.306516,1486.3285711981162,7.116552785986485,0.0009057216739125529
COSMOS 945,10291,24,-7485.795,2303.6753,-406.9252,-0.914739,-1.775411,6.851602,1471.807838284075,7.136755679119609,0.0009099745685827051
COSMOS 946,10292,1,-107.5978,-7792.2132,1124.0771,1.990941,0.975183,6.758834,1502.6086496322314,7.113133275043144,0.0009034146338191945
COSMOS 946,10292,6,-1123.8998,5859.2389,-5141.1234,-1.72549,-4.714699,-5.032036,1504.5940132627975,7.108240900954117,0.0009025656844402557
COSMOS 946,10292,12,-2083.8607,1152.0977,-7522.3753,-0.71486,-6.999169,-0.887564,1519.2430052185255,7.091344115487345,0.0008987485063257499
COSMOS 946,10292,24,-1241.6358,-7432.9906,-2321.2317,1.690041,-2.292819,6.505766,1514.374139799258,7.101989073153943,0.0009006534055636759
COSMOS 951,10352,1,5494.5849,3703.2703,3155.3095,2.047044,2.585844,-6.605052,967.9816854220553,7.382661461354977,0.0010059517488672422
COSMOS 951,10352,6,1965.9897,396.9886,7070.2029,5.548119,4.491336,-1.816874,978.1825733345659,7.365782689906959,0.0010022587704696063
COSMOS 951,10352,12,364.2272,1390.5995,-7223.9759,-5.880812,-4.25692,-1.141423,994.613092363792,7.34902470608672,0.0009977478607593074
COSMOS 951,10352,24,4618.3081,4054.2686,-4027.7369,-3.704859,-1.817357,-6.109889,976.6886245331043,7.372890224847445,0.0010034298677587118
COSMOS 952,10358,1,-2876.822,-1193.64,-6653.8382,2.960224,-6.72999,-0.044751,975.7301611712437,7.352393772253837,0.0010007709022869149
COSMOS 952,10358,6,-4083.4082,3656.728,-4911.396,0.220571,-5.80422,-4.491816,988.8704378968005,7.34261754092483,0.0009976558151237101
COSMOS 952,10358,12,3915.3374,-5010.8863,3582.6457,0.878922,4.72253,5.636596,927.917637505916,7.405809067900684,0.0010146448330702487
COSMOS 952,10358,24,2821.9755,-6727.5181,363.6827,2.758173,1.537505,6.69504,933.4719600192293,7.402364522539673,0.00101340173020805
TRANSAT,10457,1,801.1238,2654.0276,-6932.2926,1.842375,6.526006,2.693146,1095.0794622414078,7.296309706281456,0.0009772611908541106
TRANSAT,10457,6,-1464.1948,-5250.3745,-5072.458,1.396664,4.777086,-5.367117,1074.8128477931332,7.319642468862875,0.0009830548549218969
TRANSAT,10457,12,2049.0153,7170.4218,-525.7613,0.096311,0.502198,7.276148,1104.9506040454162,7.294094073826372,0.0009756744607006048
TRANSAT,10457,24,-204.7379,-884.2869,-7402.3746,1.995713,6.966753,-0.905604,1086.8167480793718,7.30333049684827,0.0009792853248545043
COSMOS 962,10459,1,6390.343,81.6544,3675.2951,3.607953,1.085654,-6.308188,1001.30935126656,7.347734705422414,0.0009966666285049577
COSMOS 962,10459,6,1424.1482,-776.4675,7192.1327,7.179016,0.750498,-1.337205,1001.7791672156291,7.340956013237308,0.000995683696302769
COSMOS 962,10459,12,1557.1744,1004.0987,-7112.1138,-7.176256,-0.36127,-1.613911,978.5012766518712,7.364365207290918,0.0010020224407180209
COSMOS 962,10459,24,6290.4394,911.123,-3709.5218,-3.797175,0.506071,-6.285231,988.3698745800657,7.360623245420662,0.001000170309532196
COSMOS 963,10491,1,1769.6835,-664.5051,7334.3157,-4.459859,5.495293,1.565388,1203.0037962338492,7.248380994834226,0.0009570078375770634
COSMOS 963,10491,6,4579.4719,-5729.9143,-1918.9461,1.858213,-0.848585,6.954259,1210.941367680135,7.248087354238703,0.0009559672124523983
COSMOS 963,10491,12,682.6558,636.8873,7514.1981,-4.696152,5.523153,-0.049097,1200.9757963307393,7.2499291847522205,0.00095746861582223
COSMOS 963,10491,24,1900.4682,-3509.5197,-6440.2704,4.344306,-4.464741,3.704259,1205.647723697829,7.247650761301761,0.0009565775030866159
OPS 8781,10502,1,3293.2865,-2091.9202,6087.1238,0.224388,7.173935,1.921106,859.1412331141037,7.43009701296053,0.0010276558608468985
OPS 8781,10502,6,2857.7893,-4849.8777,4764.6494,1.630677,5.663995,4.282783,1003.9682909875719,7.285751647115279,0.0009879027759371768
OPS 8781,10502,12,-3134.5793,2983.5061,-5738.7744,-1.114512,-6.626125,-3.274087,816.5188800323203,7.474444139689452,0.0010399199312650488
OPS 8781,10502,24,-3262.2164,1517.2474,-6312.9984,-0.531778,-7.138807,-1.845372,895.2262772114582,7.392614628324474,0.0010173939464986658
COSMOS 967,10512,1,-3415.2329,-3034.6702,-5753.2329,-0.028557,-6.517019,3.441274,975.613354849489,7.369852026444358,0.001003163181519486
COSMOS 967,10512,6,-2197.6994,2926.5013,-6367.7195,-2.656192,-6.551,-2.087137,973.5315808662908,7.370691812688481,0.0010035618652509224
COSMOS 967,10512,12,973.7758,-5216.6973,5117.1311,3.338216,4.884066,4.354286,1001.0553933811516,7.345583252867535,0.0009964091234939195
COSMOS 967,10512,24,-1834.2729,-7111.4316,528.5749,3.039711,-0.301897,6.694771,992.1791977421663,7.358732465891867,0.0009993960853415516
METEOR 2-3,10514,1,-1941.9968,4129.2034,5584.5842,-4.008913,4.296815,-4.567793,840.7441008865144,7.44303268007356,0.0010320711017961126
METEOR 2-3,10514,6,-314.89,2242.7389,6847.7585,-4.446862,5.60175,-2.04696,841.5467041812262,7.439370265764704,0.0010314484704067128
METEOR 2-3,10514,12,1023.4391,-3141.8505,-6459.9409,4.284119,-5.130625,3.165591,884.9967328584062,7.395806573732644,0.0010192681785868392
METEOR 2-3,10514,24,2276.0184,-4607.2116,-5124.7556,3.691262,-3.865189,5.113944,886.3947421953344,7.397129469834971,0.0010192541170218016
COSMOS 968,10520,1,-2684.3754,-2285.7518,-6236.1763,-1.392842,-6.655938,3.033444,792.827707588317,7.446025919773849,0.0010393920992665152
COSMOS 968,10520,6,-2633.7364,-1973.5625,-6362.8802,-1.563918,-6.747006,2.733822,792.6415883015279,7.445919164377491,0.0010394042014241656
COSMOS 968,10520,12,3054.9582,5134.9341,3893.9595,-0.134418,4.580474,-5.916911,760.8467736435769,7.483892439454284,0.0010493624830964856
COSMOS 968,10520,24,1226.3411,6071.5114,-3567.0755,-3.020579,-2.981313,-6.144408,776.8102098880208,7.467655212292143,0.0010447472712638145
SS 1,10529,1,-1861.7923,-2861.5661,6363.2355,7.158851,-1.984535,0.767656,850.1908395685505,7.468388215723792,0.0010342322176005545
SS 1,10529,6,-5785.68,-1027.7162,4603.0727,4.590258,-3.363923,4.455057,1093.4873857236653,7.227307889507822,0.0009682256149739813
SS 1,10529,12,5379.5547,1037.6,-4560.0185,-4.427746,3.640842,-4.940229,757.1127411562693,7.567465076359521,0.0010616365581125732
SS 1,10529,24,6415.3945,-248.2322,-2871.0181,-2.322839,3.858986,-6.207128,661.8977488852142,7.669145452819434,0.0010904673616270151
COSMOS 970,10531,1,-1867.0354,-2466.0744,-6658.5136,4.74987,-5.634913,0.666711,970.8762923774111,7.399865748240977,0.0010078984517791142
COSMOS 970,10531,6,-4999.7479,3766.8767,-3776.3769,0.575965,-4.880983,-5.580028,939.80444461558,7.435888864708644,0.0010171095289226602
COSMOS 970,10531,12,4468.5974,-6008.211,-18.485,2.43927,1.69591,6.62736,1116.8103500978686,7.262785239190266,0.0009699478084531532
COSMOS 970,10531,24,-1048.752,-3475.1178,-6402.2022,4.815068,-5.245431,1.950697,988.6547127610329,7.382726122930065,0.0010031348495370344
COSMOS 971,10536,1,-1448.9515,1264.6714,-7111.3933,2.431511,-6.722725,-1.706021,995.8696789487931,7.34967923253709,0.0009976665195448177
COSMOS 971,10536,6,-2784.752,6009.6601,-3200.8968,0.418531,-3.296909,-6.574573,985.3984763800181,7.366803057267854,0.0010014143579798243
COSMOS 971,10536,12,2690.9176,-6874.0846,143.804,0.787036,0.466637,7.284287,1012.4108790153978,7.34152660237869,0.000994327245588384
COSMOS 971,10536,24,1132.6458,-4863.6784,-5435.3599,2.506918,-4.879732,4.874777,1010.1510843101032,7.338928603704836,0.000994279688882806
COSMOS 972,10539,1,5154.666,248.0241,5458.2208,4.805709,2.792079,-4.54786,1140.609137015148,7.181474410907693,0.0009560500659598166
COSMOS 972,10539,6,1112.9344,-1543.032,7170.3064,6.878256,2.324477,-0.37288,1047.413887186959,7.269982009569556,0.0009799914267558227
COSMOS 972,10539,12,911.9855,2108.5006,-6871.6477,-7.081007,-1.89666,-1.297155,874.4837274902429,7.444500680614785,0.0010274677248075857
COSMOS 972,10539,24,3353.0196,2586.8259,-5970.0136,-6.317143,-0.936723,-3.681961,948.5266963841268,7.3716065051451976,0.0010071151880335103
SS 2,10544,1,6114.0562,-3212.0734,613.3431,2.252767,2.770665,-6.90569,562.6345809440818,7.774322997831644,0.0011212478689312602
SS 2,10544,6,3355.7556,-4123.3673,4491.4474,5.996256,-0.163455,-4.895778,588.6230705841681,7.742767320528559,0.0011125268196282728
SS 2,10544,12,-3380.9796,4548.4351,-5109.3074,-5.754803,0.591448,4.050931,1259.485372649824,7.062408248768546,0.0009255516397531599
SS 2,10544,24,-1611.9734,4278.1116,-6030.7062,-6.343876,1.838827,2.663503,1196.7020537994595,7.12181828399981,0.0009410806917833415
COSMOS 976,10581,1,3140.1408,-2167.5471,-6856.1107,6.511165,0.400703,2.852876,1475.3366359848178,7.120023456619367,0.0009074328297317199
COSMOS 976,10581,6,-6886.2081,1459.2902,3433.2195,-3.372686,-1.517498,-6.104804,1460.7549769832494,7.137677697473878,0.0009113765329036473
COSMOS 976,10581,12,-7454.096,-137.4675,-2418.768,2.138599,-2.02272,-6.497076,1466.9131871051131,7.132811397406845,0.0009100396020131613
COSMOS 976,10581,24,2522.801,-2252.1538,-7080.0018,6.716658,0.096946,2.359627,1475.2186505640202,7.1197424669020855,0.0009074106628917724
COSMOS 977,10584,1,-1652.4044,-6011.8068,-4662.4329,3.438873,3.223282,-5.398074,1414.277249312834,7.166212198304555,0.0009204825941089098
COSMOS 977,10584,6,-1301.5592,2077.648,7421.3135,-3.575653,-6.084006,1.046161,1444.7898915139021,7.134064495248553,0.0009127758798882833
COSMOS 977,10584,12,-3900.5974,-3920.7596,5486.6044,-1.301681,-5.243106,-4.699771,1419.3686536632067,7.160473546172627,0.0009191443774365685
COSMOS 977,10584,24,-467.9945,-4561.287,-6300.0399,3.850556,4.73472,-3.740247,1420.9741202080013,7.157779167349674,0.0009186092069770122
COSMOS 978,10585,1,-3298.8787,-1097.8864,7004.2163,6.151035,-2.608162,2.505934,1448.6548006804196,7.135646137654599,0.000912527000173166
COSMOS 978,10585,6,-1916.6625,2706.4289,-7066.2807,-6.625248,1.342751,2.323661,1434.8103654171582,7.148167020462378,0.0009157495104072216
COSMOS 978,10585,12,-6754.8111,2904.3608,-2609.0947,-2.930492,-1.013493,6.450608,1430.9330814118075,7.157184851097322,0.0009173604511104299
COSMOS 978,10585,24,-2025.689,-1564.6994,7392.8769,6.546438,-2.52454,1.276295,1452.4473856245095,7.131485232857809,0.0009115527824679728
COSMOS 979,10586,1,-470.6475,-7288.8999,2786.2719,2.257387,2.308143,6.376258,1446.4728603434169,7.14702639275818,0.0009142374422575502
COSMOS 979,10586,6,-1215.7031,3983.1043,-6651.5888,-2.024425,-6.008066,-3.22906,1476.7186147512666,7.11491265755111,0.000906621784855702
COSMOS 979,10586,12,-2480.098,-2184.6211,-7113.2286,-0.591142,-6.717049,2.279508,1472.5627463562232,7.117889634900854,0.0009074816974221968
COSMOS 979,10586,24,-494.2275,-7130.327,3163.8308,2.336651,2.617301,6.227369,1445.3705950852845,7.147749791547198,0.000914458917293597
COSMOS 980,10587,1,2210.1655,-153.2317,-7538.7075,-0.987877,7.030649,-0.437161,1486.5073822320646,7.113159359121023,0.0009052691920093881
COSMOS 980,10587,6,-1151.0074,-4461.9363,6337.7694,1.959031,-5.774486,-3.704523,1464.8799472483506,7.134842792990326,0.000910534980247598
COSMOS 980,10587,12,615.7421,-7617.7279,1758.7326,2.131278,-1.377131,-6.667044,1471.32472232906,7.133604376637451,0.0009096287936568471
COSMOS 980,10587,24,2352.976,-1887.3617,-7254.3119,-0.378576,6.843264,-1.909081,1485.4413945300003,7.114644912153592,0.0009055811091656739
COSMOS 981,10588,1,-652.8434,-2684.0951,7363.6477,6.393303,2.705757,1.542993,1493.7236734981898,7.111699627438367,0.0009042529556890482
COSMOS 981,10588,6,-3497.1942,512.0254,-7017.0174,-5.613103,-3.579943,2.522433,1485.9122735755145,7.1193809710779625,0.0009061296248682796
COSMOS 981,10588,12,-6737.084,-2194.2226,-3417.9869,-2.135083,-2.980318,6.097875,1495.7368133158216,7.115121524867864,0.0009044565356278708
COSMOS 981,10588,24,-3231.462,-3510.3659,6256.4853,5.789367,1.525315,3.835963,1497.2033348435334,7.110412663642175,0.0009036894906051093
COSMOS 982,10589,1,-3862.2682,1956.6682,-6588.4698,2.982682,-5.499654,-3.357346,1512.7554756051713,7.100306908617119,0.0009006249534993456
COSMOS 982,10589,6,1407.4931,1721.0868,7544.0789,-4.375796,5.59428,-0.435157,1493.8778152687828,7.1156813424060115,0.0009047414987924809
COSMOS 982,10589,12,-1950.0716,5266.6919,5531.8838,-4.174008,3.373305,-4.652316,1512.0553208356087,7.102504739241291,0.0009009837493425609
COSMOS 982,10589,24,-4879.5138,4783.5189,-3949.6514,0.833268,-3.973956,-5.819279,1521.493533261184,7.095820595928353,0.0008990594120887869
COSMOS 983,10590,1,-4151.4705,-6455.3325,1682.0832,0.878739,-2.346726,-6.679734,1486.189630500765,7.134294040755049,0.0009079956544590049
COSMOS 983,10590,6,3159.8106,6880.641,2191.6784,-2.656861,-0.907017,6.533716,1511.3269285015012,7.111331449191916,0.0009021868178898083
COSMOS 983,10590,12,778.4399,4883.437,6102.2323,-3.866337,-4.452607,4.012483,1483.3723271846684,7.132621588119406,0.0009081084128686872
COSMOS 983,10590,24,-3929.5217,-3365.9347,5888.3981,-1.776085,-5.444207,-4.276517,1467.6152718141857,7.147199831917602,0.00091179367580614
SS 3,10594,1,-972.4211,3359.5029,6132.6665,-7.357018,0.617516,-1.860718,688.8485062397676,7.613758029915581,0.0010784591231931175
SS 3,10594,6,2529.246,2640.7955,6230.0596,-6.938652,2.289876,1.421748,852.8859916867741,7.44377532223965,0.0010304392027789368
SS 3,10594,12,-940.2169,-3167.3313,-6564.3045,7.043902,-1.919431,-0.474041,977.8835173600046,7.316111372788553,0.0009955405274156223
SS 3,10594,24,-378.4287,-3320.3882,-6580.2005,7.05744,-1.801044,0.122766,1009.1913728495674,7.284661305393134,0.0009870558820726692
COSMOS 985,10599,1,-1467.5038,-6495.7747,-3216.1434,1.671412,2.864199,-6.527527,1024.4198478205471,7.321602469478523,0.00099001850065838
COSMOS 985,10599,6,-2250.647,-6507.0217,2677.2015,0.044368,-2.82816,-6.762374,1016.4319756246923,7.330085921795187,0.000992237349322644
COSMOS 985,10599,12,2102.0274,4896.2731,-5039.0385,0.815083,5.064058,5.307148,962.7520045755991,7.380708883173553,0.0010064028451696563
COSMOS 985,10599,24,983.6802,128.5786,-7293.377,2.076814,7.035758,0.443768,989.5371581413137,7.349284119081532,0.0009984711660551383
UME 2 (ISS-B),10674,1,-1125.9392,2411.8398,6946.7985,-7.02094,-2.038924,-0.554716,1068.2687612804348,7.332020144682637,0.0009855834464328
UME 2 (ISS-B),10674,6,6565.6884,2688.2501,2662.5864,-3.256573,1.595338,6.224338,1206.8835504057151,7.203662580716632,0.0009506166903727297
UME 2 (ISS-B),10674,12,-6581.6394,-328.5801,3269.8513,-2.853929,-3.06411,-6.125097,985.4848669633011,7.4196020168571035,0.001008579797421626
UME 2 (ISS-B),10674,24,4420.2333,3033.3817,5291.8542,-5.738077,0.412467,4.402342,1161.8339845227847,7.244050784539131,0.0009616634057544615
COSMOS 990,10676,1,-675.4265,5488.7704,-4518.3992,-2.093548,-4.713941,-5.407132,770.3397056420054,7.472700947128087,0.0010464004311717995
COSMOS 990,10676,6,-548.8525,5685.031,-4287.1448,-2.152355,-4.443309,-5.609773,770.4583296329811,7.472963269482529,0.0010464197821436541
COSMOS 990,10676,12,1563.135,-2477.5263,6523.8699,1.546285,6.937308,2.259378,780.3918972143247,7.458017734959672,0.001042876385765516
COSMOS 990,10676,24,2072.8944,5023.4079,4642.021,-0.772613,5.2071,-5.295146,776.018755241571,7.466551574795757,0.0010447085463879387
COSMOS 991,10692,1,1733.4974,-2076.8334,6805.5205,-2.279838,6.545399,2.558323,952.480011789652,7.388161202070106,0.0010088320293325478
COSMOS 991,10692,6,2830.2099,-6257.0251,2614.118,-0.208024,2.795971,6.816013,977.0653302765359,7.370126256285302,0.0010030022767922146
COSMOS 991,10692,12,-2695.1945,6841.3904,-36.3723,-0.836134,-0.330682,-7.310995,982.2318705620664,7.3660789122235855,0.0010017471285942922
COSMOS 991,10692,24,-1339.1145,5183.1378,5005.9181,-2.444692,4.525075,-5.300936,958.2128582683899,7.3859830223596505,0.0010077457382107842
LANDSAT 3,10702,1,1735.5305,5133.6708,-4859.2064,3.029346,4.07174,5.387005,907.6350943706366,7.401069293375181,0.0010168210382052586
LANDSAT 3,10702,6,-166.8032,2139.6246,-6957.2952,3.477735,6.258773,1.847397,909.7810869712621,7.394576111675571,0.0010156295077883802
LANDSAT 3,10702,12,363.7585,-1794.7186,7049.8182,-3.433634,-6.385064,-1.439724,912.7676893596381,7.391325315951666,0.0010147667568735272
LANDSAT 3,10702,24,769.8296,-1032.4139,7168.2183,-3.309495,-6.583614,-0.585114,911.9849423436444,7.39182581295156,0.0010149445414853338
OSCAR 8,10703,1,393.795,3199.0992,6510.0748,1.930888,-6.468654,3.04925,893.3226866006362,7.407411059389103,0.0010196974141928469
OSCAR 8,10703,6,-654.2332,5995.9762,4061.4897,1.879255,-3.887826,6.015086,900.5507461720135,7.40459654192563,0.001018296756826411
OSCAR 8,10703,12,697.4908,-6030.5648,-4013.6786,-1.88655,3.802982,-6.059348,906.6246899095886,7.398475598387008,0.0010166058176433554
OSCAR 8,10703,24,808.6352,-6135.5074,-3829.2719,-1.895966,3.596546,-6.181715,906.476569956335,7.398880357493084,0.0010166821268841925
COSMOS 994,10731,1,1081.4629,3466.1404,6381.5896,-3.603733,-5.385549,3.523221,971.2324329468584,7.375914572548343,0.0010045874521011269
COSMOS 994,10731,6,3486.6035,6345.9252,1317.2483,-1.448502,-0.724294,7.184856,988.5049897435474,7.3651147705365725,0.0010007622497438134
COSMOS 994,10731,12,-3793.0452,-6081.2695,1702.4445,-0.117095,-1.945362,-7.094999,995.637489143438,7.357795550303772,0.000998799732055134
COSMOS 994,10731,24,-2400.8581,-2474.5319,6486.805,-2.992163,-5.86081,-3.322765,975.1600070021768,7.371763731963606,0.0010034853208937763
COSMOS 996,10744,1,-3540.7184,3402.7496,-5476.3233,-4.834301,2.763227,4.810405,984.6446702190296,7.358388809797631,0.0010003730658156601
COSMOS 996,10744,6,1224.1743,219.5997,-7232.5086,-5.85336,4.395389,-0.871664,967.6652324584575,7.3716392939302855,0.0010044931960277988
COSMOS 996,10744,12,-3329.9612,1453.1672,6416.3912,4.938092,-4.156796,3.491558,1002.6295361306784,7.338574987928106,0.0009952459574988403
COSMOS 996,10744,24,-5793.5406,3951.1148,2288.3878,1.326492,-2.055259,6.92212,1005.5262535841521,7.341622155732682,0.0009952682202094094
COSMOS 1000,10776,1,1542.423,-42.945,-7181.4852,5.956306,4.145085,1.270457,974.3824040531099,7.367046342443489,0.0010029493275092696
COSMOS 1000,10776,6,-3482.4598,-3141.881,-5675.7026,5.089843,2.682707,-4.578171,991.9167101376197,7.352759231590479,0.0009986204545091274
COSMOS 1000,10776,12,5141.0615,3892.9375,3523.786,-3.402009,-1.28272,6.411114,977.6422895310734,7.370306544199977,0.001002948062215488
COSMOS 1000,10776,24,6047.1292,3602.6083,-2082.3924,1.305416,1.877283,7.016656,969.4983640281062,7.379821394687069,0.0010053569974011118
OPS 6182 (DMSP 5D-1 F3),10820,1,3197.6823,-5725.2678,2843.8443,-2.480159,1.988324,6.756456,776.8188194786117,7.466881455747975,0.001044637762137994
OPS 6182 (DMSP 5D-1 F3),10820,6,3303.2685,-5779.347,2604.8369,-2.362357,1.759269,6.861149,777.2592150189166,7.466667503646524,0.0010445434726203847
OPS 6182 (DMSP 5D-1 F3),10820,12,-1504.1999,3862.9471,-5823.3752,3.894551,-4.788526,-4.192591,777.1939227005778,7.4615901815603625,0.0010438427191887631
OPS 6182 (DMSP 5D-1 F3),10820,24,2863.8095,-2674.6472,-5987.2096,3.02591,-5.564189,3.929283,784.5447934514568,7.453562601193473,0.0010416485140327474
COSMOS 1011,10917,1,3827.9818,-6074.792,1509.7495,1.603789,-0.800387,-7.162673,966.2941918084152,7.383538651027636,0.001006302658447422
COSMOS 1011,10917,6,1282.8701,-3368.4332,6376.6048,3.948201,-5.160633,-3.51936,953.8335606837709,7.389608846663672,0.0010088432433915746
COSMOS 1011,10917,12,317.6697,1165.8072,-7289.221,-4.086103,6.028826,0.771234,1017.6915792114996,7.323781983896093,0.0009912150081486642
COSMOS 1011,10917,24,3118.2903,-3502.7099,-5687.1264,-2.620399,5.085254,-4.606026,1000.303665445419,7.344506428371685,0.0009963646543013345
COSMOS 1013,10930,1,-369.0904,2286.6867,-7579.0409,-6.217249,-3.296164,-0.719107,1554.0883118866168,7.073612734688407,0.000892559484047502
COSMOS 1013,10930,6,3504.4408,-336.3577,7019.1391,5.42922,3.882903,-2.534506,1481.5508930667074,7.139823960003846,0.0009092362542098067
COSMOS 1013,10930,12,6262.0005,2076.8122,4262.5335,2.750973,3.377005,-5.65976,1483.615904975325,7.141771382112005,0.0009092451455949889
COSMOS 1013,10930,24,5229.9108,4182.9119,-4177.7679,-4.193963,-0.403344,-5.723466,1522.1909621767463,7.107044046638588,0.0009004018882470622
COSMOS 1014,10931,1,-209.6914,7649.0716,-1802.9017,-2.057964,1.502192,6.661674,1490.4706871566596,7.13229956693043,0.0009072474923276784
COSMOS 1014,10931,6,1298.4073,-7501.1006,-2155.3053,1.680994,2.169722,-6.533576,1540.871628396263,7.086681150799435,0.0008957022413463887
COSMOS 1014,10931,12,2124.4186,-4670.9286,-6013.3196,0.710259,5.699874,-4.154548,1534.1085372731013,7.0889562382103195,0.0008967563449363699
COSMOS 1014,10931,24,1462.1629,4557.4124,-6252.8168,-1.533811,5.769744,3.872812,1503.3663912833272,7.116262698678359,0.0009037251183226418
COSMOS 1015,10932,1,-416.4309,2198.0089,7555.8941,-7.077629,0.351429,-0.506724,1509.1137979961204,7.104442540823172,0.000901565982794538
COSMOS 1015,10932,6,4532.3924,-2089.151,-6092.4895,5.803023,0.725217,4.045289,1504.630836700575,7.1109337452362045,0.0009029033854785488
COSMOS 1015,10932,12,7529.7736,-1189.4929,-2024.7944,2.054053,1.722106,6.579211,1516.469568161815,7.10428041286139,0.0009007046368252488
COSMOS 1015,10932,24,4037.9443,1525.8887,6602.0946,-6.071449,1.522059,3.34905,1517.0278651916124,7.09896418230026,0.0008999669250189464
COSMOS 1016,10933,1,-956.2515,-6297.7962,4586.5607,2.981309,3.525114,5.435913,1478.4071726959846,7.13188489882205,0.0009085889853733385
COSMOS 1016,10933,6,-1027.3072,3085.675,-7180.0579,-2.973211,-6.06477,-2.183157,1511.2574010336184,7.098421887297908,0.0009005569757677636
COSMOS 1016,10933,12,-2926.2013,-1972.1549,-7045.7592,-1.709688,-6.416687,2.51448,1509.0235851233565,7.100670023576154,0.0009010975597816054
COSMOS 1016,10933,24,-2425.9616,-7300.1987,1600.0212,2.345137,0.707017,6.692818,1486.369698862698,7.126945584763644,0.0009070396147702229
COSMOS 1017,10934,1,-2988.1318,3798.6574,-6176.0893,-5.611527,1.981463,3.930186,1471.3726472490762,7.13174543058668,0.0009093861961645411
COSMOS 1017,10934,6,5998.4106,-4398.4162,2550.0817,3.001102,0.365978,-6.442668,1492.199823945065,7.116777646457138,0.0009050739909705821
COSMOS 1017,10934,12,6644.8734,-3010.4569,-2915.7681,-1.438699,2.968684,-6.312946,1485.1375281853861,7.1229366628781,0.0009066715847734604
COSMOS 1017,10934,24,-961.9333,3006.3095,-7178.7695,-6.096354,3.048166,2.094089,1471.0624849314609,7.130361617533363,0.000909245703057629
COSMOS 1018,10935,1,-4351.9728,-2594.165,5954.1959,-2.677851,-5.130996,-4.19786,1447.0437524192484,7.149827586020309,0.000914528980962512
COSMOS 1018,10935,6,5299.423,5463.7602,-1999.2753,-0.251078,2.64393,6.591833,1498.794240081702,7.106734011265161,0.0009030393672899103
COSMOS 1018,10935,12,3626.6942,5927.2139,3662.8999,-3.546292,-1.554168,5.973935,1484.0373082555661,7.118955295948487,0.0009062917229516575
COSMOS 1018,10935,24,-3857.0441,-1567.1726,6618.141,-3.403926,-5.371396,-3.264576,1447.734516749918,7.148151065979789,0.000914233761316035
COSMOS 1019,10936,1,-507.9292,-2583.1144,-7399.4408,4.99507,-4.867571,1.384619,1482.8013871248768,7.110635802802869,0.0009053750473572815
COSMOS 1019,10936,6,-3106.1174,5435.665,4716.9788,-4.144252,2.302399,-5.32346,1467.6419930021802,7.128470534855635,0.0009094012127635707
COSMOS 1019,10936,12,-5417.039,5613.228,-1001.8039,-0.827669,-1.980664,-6.775344,1493.8745165806813,7.107274595285664,0.0009036729804527905
COSMOS 1019,10936,24,-705.4729,-2427.1085,-7436.0056,4.870702,-5.037044,1.210041,1482.8351756729671,7.1105379158275355,0.0009053586886890912
COSMOS 1020,10937,1,-6641.6453,-3948.9672,1299.9569,1.969734,-1.142191,6.755924,1464.539686552901,7.129303009762807,0.0009098675132738955
COSMOS 1020,10937,6,3688.9998,3789.4773,-5729.8315,-5.444569,-1.42792,-4.425584,1426.4243664178994,7.1601732425421805,0.0009182741513184476
COSMOS 1020,10937,12,-2051.3675,1324.8294,-7400.6059,-6.144386,-3.521659,1.062683,1422.089839484427,7.161344607527695,0.0009189352047815573
COSMOS 1020,10937,24,-6431.4294,-3926.6205,2163.5836,2.650223,-0.770905,6.56872,1468.8167499242973,7.125030449559777,0.0009088261469413271
COSMOS 1023,10961,1,3811.0299,-407.3881,6026.961,5.799738,3.221036,-3.428997,771.4206581688131,7.467935069880361,0.001045574802618109
COSMOS 1023,10961,6,3587.0974,-551.8433,6150.9596,5.972282,3.162012,-3.179323,770.8556962230632,7.468237202579802,0.0010456998181200083
COSMOS 1023,10961,12,-6116.3609,-1129.5337,-3508.9608,-2.990254,-2.94551,6.183641,770.325012518414,7.473624566533764,0.001046531918577133
COSMOS 1023,10961,24,-5082.4908,-2950.3014,4040.9132,4.710305,-0.145874,5.812217,760.9682117113252,7.482654533786122,0.001049171043906076
SEASAT 1,10967,1,-1084.9819,1917.629,6760.8611,6.708298,3.315899,0.135594,739.8177812725471,7.484305844087413,0.0010525239254194512
SEASAT 1,10967,6,-622.6678,2142.7198,6751.6469,6.750385,3.208021,-0.395122,739.8156489075491,7.484331485146151,0.0010525278469701272
SEASAT 1,10967,12,-3716.1524,-3657.0642,-4850.458,-5.50506,-0.987755,4.963379,750.15510522776,7.47773205198381,0.001050072908325544
SEASAT 1,10967,24,-5664.5694,-1526.1584,4025.5779,3.067227,3.732462,5.718114,743.8986906543751,7.485718520487462,0.0010521187786299993
COSMOS 1027,10991,1,2518.189,5871.435,3676.0945,-2.391846,-2.933253,6.295993,999.8001988845317,7.346048482400181,0.0009966419227469907
COSMOS 1027,10991,6,3484.6968,6107.7705,-2222.3371,0.267619,2.379442,6.942197,1003.7375854763059,7.343532075733993,0.000995768593881392
COSMOS 1027,10991,12,-3135.069,-4745.2946,4639.258,-1.557833,-4.481392,-5.64757,968.5635610105701,7.375958569464243,0.0010049587428668117
COSMOS 1027,10991,24,-1210.5195,-364.0613,7238.9673,-3.333127,-6.501796,-0.902099,977.5063557506182,7.361852309680357,0.0010018161451162513
COSMOS 1034,11042,1,-1609.6421,7643.7887,-158.2814,-1.901584,-0.515283,-6.87593,1442.0343901666056,7.152618516602503,0.0009154725500254685
COSMOS 1034,11042,6,2528.9391,-5621.835,4821.7391,0.571612,4.804867,5.247184,1455.220651579063,7.137676589485475,0.000912020872813666
COSMOS 1034,11042,12,2168.6974,82.2606,7492.3527,-1.281059,7.036192,0.274269,1429.3438514129884,7.157117681490642,0.000917538741602291
COSMOS 1034,11042,24,-1514.4704,7654.2439,-434.3505,-1.862942,-0.729837,-6.865458,1443.7124470458684,7.151064850195179,0.0009150771571765814
COSMOS 1035,11044,1,5188.5572,1028.2106,-5795.8821,-5.287275,1.911045,-4.357423,1475.693072417488,7.1129814507405404,0.0009064941606731027
COSMOS 1035,11044,6,79.5409,-2176.8522,7507.4022,7.082824,-0.832769,-0.279859,1446.0390844604644,7.1371017284481795,0.0009130185548945333
COSMOS 1035,11044,12,5967.7905,-2141.2772,4626.0454,4.547701,0.940736,-5.387533,1477.5595838976242,7.11281100783551,0.0009062568655818576
COSMOS 1035,11044,24,4051.2004,1309.4288,-6582.992,-6.028609,1.840928,-3.306515,1468.8094450881654,7.118018250980395,0.0009079325589271828
COSMOS 1036,11045,1,-6289.2543,-3614.0799,-2947.2141,3.287726,-0.554412,-6.314727,1458.5826277580918,7.140888740300398,0.0009120395147225245
COSMOS 1036,11045,6,2775.7969,3224.9679,6600.0874,-6.100063,-1.550396,3.318863,1481.809692951866,7.115430273255019,0.0009060999249276769
COSMOS 1036,11045,12,-2818.0284,1072.6763,7244.7267,-6.098981,-3.132223,-1.917812,1476.1640396694365,7.119437690396202,0.0009072625032948986
COSMOS 1036,11045,24,-6709.3723,-3381.6557,-2204.6236,2.648004,-0.956022,-6.562433,1459.1747841939477,7.140828392279778,0.0009119628346859269
COSMOS 1037,11046,1,-3686.05,6170.5524,-3149.4433,-3.232289,1.237008,6.232745,1476.3992267222293,7.129164832335553,0.0009084748496112036
COSMOS 1037,11046,6,5063.342,-5818.4125,-1526.3187,0.638641,2.304693,-6.702391,1491.633464882484,7.116285355999365,0.0009050765736166394
COSMOS 1037,11046,12,4165.5415,-2533.1659,-6170.2291,-2.633991,5.295267,-3.94779,1492.8662635901856,7.1107529188877034,0.0009042311606710038
COSMOS 1037,11046,24,-2556.99,5694.6826,-4759.8725,-3.905449,2.68087,5.322402,1479.0951580919718,7.125135710855268,0.0009076495975352087
COSMOS 1038,11047,1,-4673.1215,-4164.7351,-4762.9615,-1.383543,-4.526974,5.312819,1494.677673119877,7.1157382298877465,0.0009046567283331518
COSMOS 1038,11047,6,4748.9462,6228.6615,638.0373,-1.22379,1.636245,-6.825733,1487.4862211667705,7.124997589572504,0.0009066628596206454
COSMOS 1038,11047,12,2730.8123,5869.8985,-4458.0196,-3.760811,-2.447097,-5.529357,1489.4696406841813,7.120798546411701,0.0009058998853651067
COSMOS 1038,11047,24,-3749.0686,-1803.4035,-6674.1893,-3.044339,-5.570231,3.211433,1493.6412736724806,7.11398448506679,0.0009045529525779422
COSMOS 1039,11048,1,3409.3646,3929.8449,-5922.1965,-5.435076,-1.740707,-4.246893,1511.883945511402,7.1138043365750505,0.0009024367713323658
COSMOS 1039,11048,6,-91.5345,-2526.0095,7501.978,6.221262,3.175889,1.162963,1545.3613151033278,7.0811619634304375,0.0008944970652009725
COSMOS 1039,11048,12,3776.833,-156.5415,6963.8271,5.247039,3.866436,-2.753773,1552.6267346339373,7.075592649746451,0.0008929739987396485
COSMOS 1039,11048,24,6907.7757,3849.2226,-158.8709,-1.090396,1.625286,-6.818831,1538.4323253143812,7.094150704994433,0.0008969228654108823
COSMOS 1040,11049,1,-2157.8119,422.2118,7554.7397,-0.179486,-7.109274,0.323542,1497.1959135876214,7.11889538180159,0.0009047684450139248
COSMOS 1040,11049,6,1983.4335,3678.9278,-6708.9849,-0.805241,6.27891,3.188083,1533.365666830141,7.08780622414792,0.0008966951331580181
COSMOS 1040,11049,12,1108.9027,7097.5242,-3310.2828,-1.684011,3.123741,6.134689,1538.6451996046426,7.0871757428416435,0.0008960168963325802
COSMOS 1040,11049,24,-1394.7187,5459.6874,5518.5763,-1.510485,-5.140439,4.66642,1516.2118734550377,7.1050090544872635,0.0009008264477336621
COSMOS 1041,11050,1,7625.5982,-1792.3936,618.3836,-0.085655,2.03973,6.832099,1486.787284084061,7.130596889302185,0.0009074560854739859
COSMOS 1041,11050,6,-6421.6933,342.4742,-4573.1604,3.740081,-2.597679,-5.444756,1520.085442514147,7.097993376521141,0.0008994951870980728
COSMOS 1041,11050,12,-2452.6662,-1513.2972,-7340.8313,6.510608,-2.26208,-1.697313,1515.282018746855,7.098302182637268,0.0009000822143772638
COSMOS 1041,11050,24,6452.5744,-2856.377,-3474.0614,3.610226,0.788595,6.088654,1494.3485977821938,7.122311519220218,0.0009055303055771118
TIROS N,11060,1,2488.5195,-1374.4193,6608.0913,4.219754,-5.497714,-2.720179,822.6519476013318,7.445170034213658,0.0010349638943396744
TIROS N,11060,6,1256.9432,160.5752,7078.7952,4.786942,-5.658803,-0.715506,820.3164362600755,7.446396037024152,0.0010354705015451571
TIROS N,11060,12,-2530.4158,1389.4743,-6615.7775,-4.22623,5.435342,2.765982,847.1822421407715,7.419879991899331,0.0010279430115495032
TIROS N,11060,24,-4403.8264,4025.938,-4052.002,-2.133474,3.740084,6.055982,841.5296497958989,7.430670065347809,0.0010302446473212188
NIMBUS 7,11080,1,2775.42,-1567.0737,6581.5368,-6.733581,0.596118,2.974439,941.6809589497288,7.385374541497946,0.0010099407567424707
NIMBUS 7,11080,6,6551.2276,-1532.7873,2885.8225,-3.102192,-0.632329,6.66974,949.9283206127147,7.383012043651629,0.001008480307458292
NIMBUS 7,11080,12,-7120.1253,1302.0146,-1176.1958,1.355485,1.001761,-7.176624,962.1345866723932,7.371892343470705,0.0010052852918953311
NIMBUS 7,11080,24,-6877.7834,589.5911,2452.7369,-2.32848,1.493269,-6.840355,954.8064718593532,7.378490898739796,0.0010071916214389254
COSMOS 1045,11084,1,967.7251,-469.67,-8019.8953,1.642141,6.807894,-0.200821,1720.7119573692253,7.006024325761223,0.0008658272022869953
COSMOS 1045,11084,6,-866.0732,859.7833,7962.2628,-1.703346,-6.806523,0.548186,1684.2429514559635,7.037801562692785,0.0008736920295396827
COSMOS 1045,11084,12,-744.9575,1324.8404,7910.6838,-1.76197,-6.745521,0.961092,1684.3759655189806,7.037775903991616,0.0008736744174470317
COSMOS 1045,11084,24,-488.4186,2237.4043,7723.4909,-1.859128,-6.55142,1.775237,1684.8576460155537,7.037679116225249,0.0008736101636187801
RADIO 1,11085,1,-1180.0779,-7967.6764,-597.1564,0.977066,0.359805,-6.948855,1705.697767729478,7.026428923529078,0.0008699630870927524
RADIO 1,11085,6,1263.7958,7978.1894,105.0387,-0.916717,0.036876,6.964864,1707.3487826948704,7.025030991814983,0.0008696122414104892
RADIO 1,11085,12,1346.9706,7956.4834,-396.3017,-0.844956,0.473263,6.956998,1708.4190960218675,7.024083547418054,0.0008693797739588187
RADIO 1,11085,24,1496.4932,7818.6924,-1392.3867,-0.685457,1.337107,6.859462,1710.471615108284,7.022102630818066,0.000868913851988327
RADIO 2,11086,1,465.5201,-2787.6211,-7581.5987,1.564384,6.440049,-2.275843,1720.2408942331522,7.007209842905092,0.0008660241283755773
RADIO 2,11086,6,-361.2185,3164.4084,7400.5189,-1.602778,-6.331506,2.620848,1685.7759877006647,7.037450517369483,0.0008734822127502035
RADIO 2,11086,12,-241.741,3593.6032,7207.4637,-1.633983,-6.151268,3.002625,1686.2920796598246,7.037311655933536,0.0008734090295297633
RADIO 2,11086,24,5.5777,4410.1944,6744.6052,-1.675852,-5.725217,3.732595,1687.5076199253972,7.036963482711702,0.0008732340793861342
COSMOS 1048,11111,1,1354.8278,-4396.8007,-5469.1903,1.53145,5.874796,-4.349626,775.9893872026578,7.468454557938475,0.0010449791028529342
COSMOS 1048,11111,6,1217.0234,-4787.4546,-5164.7459,1.663537,5.528823,-4.738782,775.7102722004574,7.469356997708839,0.001045146187996934
COSMOS 1048,11111,12,-1853.344,1402.7284,6766.3252,-0.827952,-7.301078,1.275296,783.41735284276,7.457722464935525,0.001042394103829049
COSMOS 1048,11111,24,-1651.4815,-5525.9624,4219.843,1.254117,-4.700392,-5.670539,775.3785609009701,7.471379186861954,0.0010454776672116303
COSMOS 1051,11128,1,5212.0964,-5577.8665,1534.8354,2.422015,0.357128,-6.740269,1415.8005804571858,7.171117295161891,0.0009209324447269785
COSMOS 1051,11128,6,-5662.4938,4025.1846,3587.1442,1.292133,-3.63305,6.009848,1447.7947031949398,7.140513495211182,0.0009132499018414441
COSMOS 1051,11128,12,-2551.1976,-449.1189,7333.4968,4.781136,-5.183365,1.313631,1406.5633906894773,7.17301614231294,0.0009222703540931288
COSMOS 1051,11128,24,5517.1956,-5508.6636,13.8647,1.431255,1.356985,-6.885648,1425.4744709727884,7.162544767410114,0.0009186902097963802
COSMOS 1052,11129,1,2221.1163,-623.2124,7505.6909,4.068192,5.782204,-0.743173,1481.2065179147094,7.108894102067424,0.0009053371285954557
COSMOS 1052,11129,6,-4620.3546,-3660.3866,-5142.8986,-1.823375,-4.772922,4.98658,1451.7560808887993,7.139430012620686,0.0009126489358478789
COSMOS 1052,11129,12,-4617.2795,-6317.9182,622.8402,1.89342,-0.739795,6.821381,1479.0503360008806,7.117834971786435,0.0009067247555271773
COSMOS 1052,11129,24,2514.4899,-246.6632,7432.4633,4.051955,5.718389,-1.202662,1479.1600555200885,7.1108865807007495,0.000905826955171507
COSMOS 1053,11130,1,-5063.5556,1012.6955,-5923.0594,4.201026,-3.878725,-4.226948,1486.9755755499746,7.110570755783604,0.0009048858306340484
COSMOS 1053,11130,6,1026.02,1900.1469,7529.261,-6.134204,3.635321,-0.054078,1461.818553247651,7.1307041669628255,0.0009103624855456771
COSMOS 1053,11130,12,-4112.6933,4220.685,5195.1659,-4.935446,1.323993,-4.94846,1485.091698650971,7.113286234544832,0.0009054484732868264
COSMOS 1053,11130,24,-5326.4575,1410.651,-5603.5871,3.805785,-3.896476,-4.570462,1487.834145749207,7.110249473699569,0.000904746091065614
COSMOS 1054,11131,1,-3533.7025,-6998.0908,13.6695,1.736851,-0.917431,-6.860027,1468.6756985720485,7.135706095173133,0.0009102042443506765
COSMOS 1054,11131,6,1764.7259,6236.2068,4407.6353,-3.3219,-3.014338,5.54855,1466.8429234262621,7.13496042671184,0.0009103219465379179
COSMOS 1054,11131,12,-1260.4527,2180.5623,7403.8182,-3.536861,-6.096418,1.180675,1449.4933918372317,7.146306152108934,0.00091379223714555
COSMOS 1054,11131,24,-3987.3745,-6576.8229,1494.3172,1.022292,-2.175151,-6.72303,1463.968969653326,7.139712542320244,0.0009112623891650403
COSMOS 1055,11132,1,-7004.8593,2629.6719,-2410.5776,-2.687329,-1.190501,6.485214,1489.9231315455472,7.120184717480158,0.0009057695385554862
COSMOS 1055,11132,6,7426.0981,-1442.5109,-2099.2777,-1.409511,2.348383,-6.582473,1479.779423035633,7.129556421653383,0.0009081335797989625
COSMOS 1055,11132,12,4489.6017,631.2689,-6406.3857,-5.537485,2.652897,-3.618771,1477.36298765001,7.127208862400133,0.0009081140708725288
COSMOS 1055,11132,24,-5552.7519,3041.2149,-4654.7439,-4.652325,-0.22644,5.38619,1487.0329921375887,7.1208458553268095,0.0009061868106753462
COSMOS 1056,11133,1,1223.3009,6939.9819,3500.2959,-1.628425,3.365494,-6.056158,1497.4105924783325,7.117258430436891,0.0009045357187181498
COSMOS 1056,11133,6,-97.9906,-7827.9452,652.3839,1.976658,0.560387,6.827802,1484.6943018978664,7.130223740524347,0.0009076503573721991
COSMOS 1056,11133,12,1288.2437,-5624.1187,5317.2538,1.602547,4.97216,4.860328,1475.2392874480847,7.135357049257801,0.0009093983484129133
COSMOS 1056,11133,24,2019.338,4355.4719,6220.4163,-0.791246,5.928681,-3.869541,1486.5721679943417,7.123810510040115,0.0009066172550163773
COSMOS 1057,11134,1,-1227.6865,-2361.3116,-7409.7108,6.929515,0.766016,-1.406976,1502.1709465890199,7.112280935962597,0.0009033565998009898
COSMOS 1057,11134,6,-2868.455,1604.0587,7150.2144,-6.528374,-1.725816,-2.245464,1498.345866464254,7.116193963420896,0.0009042929468568708
COSMOS 1057,11134,12,-6677.6277,143.6318,4148.7453,-3.601687,-2.232082,-5.729702,1491.78763277062,7.12627703008359,0.0009063295821932933
COSMOS 1057,11134,24,-5561.8333,-2286.0,-5070.0902,4.930646,-0.746313,-5.085879,1494.4688539924264,7.122809717655386,0.0009055798007565595
COSMOS 1058,11135,1,4136.6704,-3808.8669,-5549.4346,-1.533275,5.144248,-4.640663,1529.362867604812,7.095771472553072,0.0008981576658521673
COSMOS 1058,11135,6,-2727.4595,448.4289,7387.361,3.142759,-6.177663,1.559562,1516.5361391765719,7.104413269615866,0.0009007138787395197
COSMOS 1058,11135,12,-241.1516,-3583.5796,7039.576,3.951208,-5.310095,-2.544846,1531.8999173401362,7.091219551812297,0.0008972933512991994
COSMOS 1058,11135,24,3983.5017,-6833.1525,-270.0449,1.565582,1.190448,-6.808743,1543.1129086066967,7.087114693546098,0.0008955033590484629
COSMOS 1066,11165,1,3487.0565,-2127.5915,5994.7719,-3.974789,4.770273,4.020335,883.2055911101743,7.397130903348609,0.0010197024071682756
COSMOS 1066,11165,6,4654.3194,-3703.3558,4142.81,-2.386024,3.655483,5.983157,877.4762505446624,7.4063374334764145,0.0010217785335117694
COSMOS 1066,11165,12,-4167.369,3060.6715,-5027.3083,3.162927,-4.285244,-5.198606,840.6921146373224,7.4426425206441955,0.0010320244406355232
COSMOS 1066,11165,24,-2820.3982,1438.9245,-6472.0953,4.41953,-5.154198,-3.057997,834.0792705941531,7.446431903677962,0.0010334975680377082
COSMOS 1067,11168,1,106.7228,-3032.9443,6916.5073,1.990138,6.401373,2.799304,1182.0268180310086,7.264594168196115,0.0009618123095834466
COSMOS 1067,11168,6,-2083.3069,-6601.6361,-2989.5456,0.066409,-3.014797,6.628692,1169.5006286645312,7.2823738394395825,0.0009657679507055933
COSMOS 1067,11168,12,711.0639,-925.951,7469.9807,1.907756,6.965134,0.706013,1189.6619275468665,7.256106321551593,0.0009597183938504589
COSMOS 1067,11168,24,-1726.1412,-3326.9608,-6552.4764,-1.220876,-6.245699,3.51363,1177.720327289324,7.269449083863027,0.0009630041607957436
COSMOS 1072,11238,1,1348.6009,5647.085,-4530.1557,-2.147968,-4.057387,-5.747125,993.1431308026804,7.355650995147744,0.0009988468263715006
COSMOS 1072,11238,6,2528.7343,6730.5762,1474.0719,-0.341375,1.724308,-7.1711,968.4850712003317,7.383390154900999,0.0010059820386954595
COSMOS 1072,11238,12,-2485.0604,-5474.1434,-4308.0669,-0.732306,-4.292326,5.889293,1025.0267421290018,7.324213719421423,0.0009902903240873212
COSMOS 1072,11238,24,-1151.5876,-539.3378,-7281.5641,-2.349124,-6.881723,0.864252,1020.7667039342768,7.322801822773098,0.0009906700408815023
METEOR 2-4,11288,1,5492.1622,1043.0738,4555.0475,4.269454,2.302621,-5.646026,840.1237897162409,7.443649005725148,0.0010322453507649544
METEOR 2-4,11288,6,3599.2843,141.472,6241.1565,6.051034,2.51413,-3.535667,835.0319355733318,7.445589517354889,0.0010332440355418015
METEOR 2-4,11288,12,-4601.6813,-549.9727,-5579.5048,-5.272354,-2.410561,4.596863,882.1934050277478,7.398626256056323,0.0010200508717894885
METEOR 2-4,11288,24,-6137.3953,-1294.9196,-3632.7778,-3.29149,-2.029396,6.317038,877.5524336310827,7.4065730022973515,0.0010218002932465661
COSMOS 1081,11296,1,1753.8348,1573.7597,-7469.5036,-2.30559,6.683906,0.840642,1461.3776804651143,7.12018424179459,0.0009090705954531763
COSMOS 1081,11296,6,374.6474,-6059.9781,4865.3892,2.782339,-4.030327,-5.239107,1409.469607567593,7.171693537463728,0.0009217558706852675
COSMOS 1081,11296,12,2560.3901,-7215.7416,-1432.3988,1.472872,1.844674,-6.766354,1418.370361228821,7.166290570998081,0.0009200089658938177
COSMOS 1081,11296,24,1061.0749,3528.866,-6920.0018,-2.521023,6.083033,2.693321,1468.9744962193117,7.1142691440975865,0.0009074352407049686
COSMOS 1082,11297,1,-6300.6909,-2100.0757,-4111.9648,-2.654709,-3.322011,5.746344,1440.3557260895714,7.14868563619481,0.0009151658030780146
COSMOS 1082,11297,6,6699.6622,3931.6673,-967.9852,-1.743163,1.269068,-6.801755,1457.184764006095,7.1353361457760345,0.000911493067790662
COSMOS 1082,11297,12,2963.5229,3609.193,-6265.4051,-5.772752,-1.848848,-3.779074,1443.3485433642782,7.143129907686405,0.0009141043387106334
COSMOS 1082,11297,24,-6706.9164,-2447.0718,-3174.5182,-1.873906,-2.973267,6.223998,1442.350996408356,7.147726313599941,0.0009148093202117261
COSMOS 1083,11298,1,-880.5515,4187.1006,6551.3099,-4.579265,4.322871,-3.359915,1453.7583850564115,7.137640396523981,0.0009121866829978193
COSMOS 1083,11298,6,3797.5942,-6247.509,-2803.3515,3.058188,-0.9845,6.373089,1459.1896557814543,7.137087465855032,0.0009114833458197699
COSMOS 1083,11298,12,5012.7764,-5074.0228,3204.7475,-0.435999,3.506959,6.211647,1448.465528415164,7.1465666587733585,0.0009139456696628999
COSMOS 1083,11298,24,-793.4552,4212.3317,6546.6255,-4.480515,4.418752,-3.367741,1454.0632548550157,7.137370898714035,0.0009121167032465449
COSMOS 1084,11299,1,-5676.0701,-5286.2473,-1157.588,2.087136,-0.764668,-6.775588,1471.333343757794,7.130879789932235,0.0009092803732460761
COSMOS 1084,11299,6,3133.7178,4691.8741,5440.997,-4.809428,-2.294974,4.73862,1467.259894536328,7.131060429715905,0.0009097759612036624
COSMOS 1084,11299,12,-1523.3623,1535.5096,7529.7314,-5.439248,-4.609153,-0.161694,1463.2375113918652,7.131329128048221,0.0009102773713049246
COSMOS 1084,11299,24,-6033.0745,-5004.8845,-208.786,1.38848,-1.396343,-6.854475,1470.5845576443598,7.131723354819226,0.0009094747754606399
COSMOS 1085,11300,1,-2381.3566,-1099.8687,-7417.8901,-0.978163,-6.918177,1.321558,1497.0152484143837,7.110871353446214,0.0009037693915094083
COSMOS 1085,11300,6,2599.7702,5087.6513,5381.2818,-0.342859,5.252183,-4.812159,1477.6428542908598,7.131609411672165,0.0009086423658293113
COSMOS 1085,11300,12,1773.3118,7615.3635,646.4017,-1.78963,0.998203,-6.837264,1474.7779177666243,7.137742204073008,0.0009097558303185867
COSMOS 1085,11300,24,-1646.5337,2291.1043,-7336.4814,-1.946623,-6.643585,-1.655074,1489.2920728978088,7.1179935868073105,0.0009055634982509194
COSMOS 1086,11301,1,-2661.3639,-863.3336,7320.3291,5.736131,-3.921076,1.618988,1465.7991454049006,7.13436458215313,0.0009103671600842746
COSMOS 1086,11301,6,-1486.7335,3225.8206,-7017.5162,-6.038706,2.752481,2.549084,1494.2290914295081,7.109145592042198,0.0009038701237308917
COSMOS 1086,11301,12,-5587.9882,4465.4194,-3255.857,-3.531756,0.068573,6.18128,1488.1467314005913,7.119425899485505,0.0009058777171115039
COSMOS 1086,11301,24,-4313.2552,475.58,6527.9125,4.740066,-4.090155,3.420156,1467.6215857370798,7.134077422674707,0.0009101188703452224
COSMOS 1087,11302,1,-5473.2342,-1606.865,-5437.7898,5.129976,-1.308221,-4.741492,1509.8543727985907,7.107027672063829,0.0009018092881647848
COSMOS 1087,11302,6,1571.947,2130.9495,7421.212,-6.957985,0.36659,1.391024,1508.4892405093906,7.105131332839738,0.0009017248600723272
COSMOS 1087,11302,12,-3518.7776,1948.2165,6791.9919,-6.356463,-0.858138,-3.029412,1522.5731642140126,7.093543526556879,0.0008986479733558288
COSMOS 1087,11302,24,-7712.6496,-371.4498,-1639.554,1.525109,-1.923707,-6.660681,1522.7365122745387,7.098681389349082,0.0008992802557205744
COSMOS 1088,11303,1,-1506.8759,6313.8299,-4519.5375,-3.189998,3.132251,5.499555,1538.5728201996517,7.08746702038394,0.0008960619216102039
COSMOS 1088,11303,6,3090.2331,-7221.0832,709.8332,2.0639,0.167499,-6.802451,1515.535764547073,7.1106313877462375,0.0009016165779290806
COSMOS 1088,11303,12,3815.9037,-5775.252,-3835.5981,0.077478,3.924034,-5.897926,1542.688741408857,7.084460231740736,0.0008952159306785555
COSMOS 1088,11303,24,1351.4024,2252.4499,-7481.1733,-3.127698,6.198133,1.314091,1557.9200363838117,7.0658462070139905,0.0008911486273780801
COSMOS 1089,11308,1,-4601.0289,-947.0911,-5684.9828,-5.163293,-2.5014,4.580312,1003.6510376173228,7.341379610209038,0.0009954884065376693
COSMOS 1089,11308,6,877.8725,1264.9484,-7199.0148,-6.854229,-2.336716,-1.2631,990.8318828629772,7.3509263674109135,0.0009985186410630417
COSMOS 1089,11308,12,-3535.8286,-2079.1342,6114.1974,5.962552,1.63414,3.979617,991.6281147667887,7.352536389504849,0.000998629331115923
COSMOS 1089,11308,24,-6760.2306,-2581.0278,1428.8553,1.655489,-0.347036,7.147707,1004.9100955670056,7.345120364722827,0.0009958256363695806
COSMOS 1091,11320,1,-6419.1911,580.9517,-3520.2148,-3.574257,-0.715402,6.412496,973.0745839207775,7.376124868362045,0.0010043641011641465
COSMOS 1091,11320,6,-1450.9915,924.5568,-7150.6233,-7.20847,-0.002846,1.481086,983.6988509388602,7.359053171435304,0.0010005920460626186
COSMOS 1091,11320,12,-1441.024,-849.2146,7165.3103,7.206668,-0.380812,1.423503,986.9472205714583,7.355776113543492,0.0009997049303341159
COSMOS 1091,11320,24,-6226.9635,-266.4009,3889.3451,3.896017,-0.904273,6.194028,975.6352282352409,7.373102534727291,0.0010036026433421288
COSMOS 1092,11326,1,-856.5686,-1571.2996,7149.7878,0.322682,-7.171868,-1.538476,999.3566931658715,7.342119767827545,0.0009961688522667417
COSMOS 1092,11326,6,-797.002,4370.3798,5878.9376,-0.44376,-5.910689,4.340326,997.6728173359552,7.34653640694695,0.0009969958755209046
COSMOS 1092,11326,12,539.1981,-6323.1153,-3714.2674,0.730227,3.770283,-6.285124,982.1152586397329,7.36553114629176,0.0010016885207446515
COSMOS 1092,11326,24,-185.7845,-7124.8444,1848.5746,0.885276,-1.845062,-7.066923,992.0938915931774,7.357266344774328,0.0009992085464473701
COSMOS 1104,11378,1,-1954.6159,4325.3156,5586.6957,0.996878,-5.609245,4.698092,959.7603425930283,7.384406791162916,0.0010073179924131733
COSMOS 1104,11378,6,-2012.8546,7052.3351,155.3932,-0.825518,-0.412485,7.326878,964.6091124077366,7.384765742420879,0.0010067010972449441
COSMOS 1104,11378,12,1550.8546,-6738.8831,2564.8211,1.510361,-2.273624,-6.817781,1004.3645808740857,7.34388822134828,0.0009957322300232546
COSMOS 1104,11378,24,23.7842,-3209.0652,6616.3645,2.119978,-6.350953,-3.05503,982.5667769376332,7.3594917643539075,0.001000805729735787
OPS 5390,11389,1,-2358.6823,-2426.0569,-6330.8022,2.642199,6.116674,-3.319983,807.3139224957094,7.444273201472794,0.0010370503828404064
OPS 5390,11389,6,-2701.3668,-3290.9062,-5780.5251,2.226593,5.680337,-4.265789,808.2699236810067,7.444521516775876,0.0010369468756453815
OPS 5390,11389,12,1493.4214,583.9582,6986.6758,-3.195387,-6.617786,1.241599,797.3298885884742,7.452996558322431,0.001039711714466033
OPS 5390,11389,24,-1428.0204,-4621.3401,5300.5911,-3.169361,-4.642457,-4.887922,804.8130265554846,7.449096429987599,0.0010380839637851177
NOAA 6,11416,1,-1296.5982,2559.5556,6535.3711,5.346891,-4.420584,2.784488,766.4762469972411,7.475572198105039,0.0010473691175154573
NOAA 6,11416,6,-1663.0583,2844.3114,6332.0381,5.253818,-4.202831,3.258458,766.9672701141226,7.475556202012597,0.0010472948276622003
NOAA 6,11416,12,-1179.6845,-361.44,-7059.6163,-5.393587,5.089884,0.643059,795.6224050361361,7.443871622852318,0.0010386861762971288
NOAA 6,11416,24,-5172.7431,4114.6783,-2748.8667,-1.454087,2.694321,6.803083,787.4996211117723,7.460272981567028,0.0010421559511668156
COSMOS 1110,11425,1,-2827.9594,1784.8717,6310.4038,-6.866788,-0.865445,-2.820691,770.7307056877817,7.473825673806554,0.001046500628741754
COSMOS 1110,11425,6,-2259.1072,1862.7584,6513.0938,-7.093021,-0.660082,-2.261749,769.9960821625464,7.474099523833356,0.001046646635544706
COSMOS 1110,11425,12,5348.8176,-1344.8262,-4576.0485,4.950903,1.504192,5.362086,795.4933615142945,7.451577038430791,0.0010397800796757117
COSMOS 1110,11425,24,6776.4578,489.0892,2230.7051,-2.396767,1.996845,6.788317,779.9183888437356,7.470818542757079,0.0010447355341675307
COSMOS 1125,11510,1,-2831.7511,4685.7312,-4608.8379,0.019123,-5.219121,-5.33318,785.5548946040417,7.462063964760018,0.0010426894049798076
COSMOS 1125,11510,6,-2789.1098,5110.6634,-4160.2382,-0.262234,-4.786279,-5.720823,784.80853190573,7.463581521891886,0.0010430102326821466
COSMOS 1125,11510,12,2525.5791,-2169.251,6329.6783,-1.171551,6.822608,2.789654,780.8547994802502,7.463422881425184,0.001043564654300249
COSMOS 1125,11510,24,344.0317,4610.6689,5446.9402,-2.784615,5.379509,-4.376203,773.6331647193856,7.472907765824158,0.0010459470197470475
COSMOS 1130,11538,1,2030.2168,1125.4362,-7465.2591,-5.426605,4.558501,-0.828078,1446.830922027253,7.13538270642227,0.0009127061940311167
COSMOS 1130,11538,6,2328.2452,-4108.6735,6192.9849,5.325099,-2.799112,-3.891208,1417.1310731492767,7.164719607047368,0.0009199536499518849
COSMOS 1130,11538,12,5925.3253,-4993.9671,657.7973,1.726549,1.137446,-6.875636,1406.010003503262,7.179771950195424,0.0009232046695273886
COSMOS 1130,11538,24,726.3209,2177.9069,-7483.7903,-5.602894,4.349934,0.68301,1457.022596366116,7.126068315676745,0.0009103280206402025
COSMOS 1131,11539,1,-5516.0061,-3212.0864,-4488.1466,-2.152021,-4.039168,5.502374,1432.0303241364973,7.156968083800639,0.0009172036742779988
COSMOS 1131,11539,6,5776.8314,5273.4065,-399.8155,-1.602651,1.197221,-6.846766,1461.0144006703958,7.13302411389433,0.0009107521703846415
COSMOS 1131,11539,12,2527.119,4456.7062,-5890.5303,-5.032998,-2.794882,-4.243049,1435.85005674488,7.151636111990668,0.0009160719188928027
COSMOS 1131,11539,24,-5819.9468,-3543.3193,-3809.0042,-1.673252,-3.659219,5.916284,1435.1133358541729,7.154863542662502,0.0009165718245211196
COSMOS 1132,11540,1,3053.3386,-1813.3982,6958.112,-2.137683,6.305493,2.602347,1440.9531643857927,7.148506171917808,0.0009150728404910826
COSMOS 1132,11540,6,-952.4111,-2867.5305,-7226.4667,3.380669,-5.966058,1.949738,1461.7287095904421,7.129112793017726,0.0009101697578634117
COSMOS 1132,11540,12,2028.5493,-6757.5794,-3354.6153,2.923925,-2.160324,6.16005,1441.3834660639213,7.15280037419618,0.0009155721048854178
COSMOS 1132,11540,24,3002.2481,-1849.3425,6971.6893,-2.008634,6.358897,2.573151,1441.6828319082779,7.1478169864208185,0.0009148991633485954
COSMOS 1133,11541,1,4221.6737,-1143.3179,-6537.9189,5.866798,2.053975,3.438273,1495.0084027865942,7.103509927912961,0.000903064116407057
COSMOS 1133,11541,6,-7310.841,-477.3489,2753.3789,-2.28291,-2.252628,-6.383169,1455.7077028963731,7.14358855597416,0.0009127194763298218
COSMOS 1133,11541,12,-6923.9238,-2060.0244,-3068.9328,3.134122,-1.288645,-6.265628,1477.743201794644,7.123301262848076,0.0009075722163032812
COSMOS 1133,11541,24,3504.3448,-1448.1422,-6892.464,6.267581,1.798475,2.815426,1495.613521713386,7.102373369421097,0.0009028501717819444
COSMOS 1134,11542,1,-19.3903,-7702.0593,-1437.4132,2.001592,1.249155,-6.738995,1464.0654210405173,7.140084898550857,0.0009112986956530906
COSMOS 1134,11542,6,-1261.7797,5418.4833,5546.1198,-1.642346,-5.146001,4.635151,1484.666370185474,7.117812267018427,0.0009060736456467376
COSMOS 1134,11542,12,-2164.3088,5.3637,7539.2759,-0.436097,-7.110729,-0.133637,1472.7836818308506,7.125342542826906,0.0009084063038775376
COSMOS 1134,11542,24,-655.2054,-7805.4184,151.646,1.946902,-0.298803,-6.863979,1463.3376889539113,7.141002614679118,0.0009115004864734939
COSMOS 1135,11543,1,-3929.7218,-1219.5913,6685.9385,6.035774,-2.045148,3.185033,1479.5980657662758,7.124439159124668,0.0009075027277465478
COSMOS 1135,11543,6,-541.2465,2287.2518,-7491.3309,-6.988377,1.08295,0.846721,1480.4016088632416,7.122298101629136,0.0009071371528860478
COSMOS 1135,11543,12,-5547.7238,2529.7447,-4936.9016,-4.863698,-0.55773,5.185992,1474.3709291751838,7.131699237360476,0.0009090327661677892
COSMOS 1135,11543,24,-5884.6843,-291.4375,5184.48,4.500363,-2.393751,4.983732,1477.138505242675,7.128877585538554,0.0009083526725192676
COSMOS 1136,11544,1,-1812.4189,-6511.6212,3998.7568,3.121934,2.715883,5.805013,1482.4151085316307,7.128861641259002,0.0009077403324210504
COSMOS 1136,11544,6,-403.3931,3747.8058,-6920.18,-3.518295,-5.504857,-2.781757,1509.2072015931954,7.100705761015803,0.0009010810984234278
COSMOS 1136,11544,12,-2835.2806,-1066.746,-7274.9856,-2.488032,-6.369953,1.908138,1509.4935498647365,7.099830637576997,0.0009009373071181387
COSMOS 1136,11544,24,-3261.6988,-7096.3837,898.4606,2.126397,-0.097127,6.79785,1490.5883973469063,7.123325240239843,0.0009060923671155044
COSMOS 1137,11545,1,-5897.2992,1372.7895,-5007.0984,3.549381,-3.439662,-5.136657,1486.0810898776817,7.1284377876961225,0.0009072628506888806
COSMOS 1137,11545,6,2975.9699,810.286,7249.0661,-5.805426,3.598184,1.961787,1506.9387894087631,7.106230180109633,0.0009020418119601757
COSMOS 1137,11545,12,-1651.7691,3123.2466,7026.8786,-6.202381,2.397071,-2.540293,1494.1149605879464,7.118185722081927,0.0009050326356005122
COSMOS 1137,11545,24,-7004.6243,3351.1697,-1179.5572,0.070574,-2.234048,-6.774891,1483.0725187905173,7.134080124140813,0.0009083287819246443
COSMOS 1140,11573,1,-1035.606,1960.5365,-6787.0618,-7.387491,-0.157451,1.085798,769.0553941890039,7.468518687751005,0.00104600290549977
COSMOS 1140,11573,6,-746.5909,1969.9484,-6822.3189,-7.42433,-0.028066,0.808725,769.1771577407371,7.468299657544614,0.0010459543919646526
COSMOS 1140,11573,12,4526.3479,-1668.9084,5279.2996,5.772862,1.10732,-4.593447,780.5092690973379,7.460016661861621,0.0010431387810818321
COSMOS 1140,11573,24,6878.9512,201.7855,-1941.2,-2.010794,2.070192,-6.885302,779.4506459377571,7.465679544321736,0.0010440851792415439
COSMOS 1141,11585,1,-2004.6756,-1473.7093,-6905.2959,-3.623393,-5.978037,2.335952,968.8674939469211,7.370384993480462,0.0010041577725427206
COSMOS 1141,11585,6,1337.3569,3420.9005,-6367.7695,-3.938222,-5.105649,-3.549163,980.1612765608752,7.3602854722526905,0.0010012411910647243
COSMOS 1141,11585,12,-2658.932,-4993.1373,4692.3488,3.214039,3.536737,5.603634,978.794333050193,7.364731448372439,0.0010020323174561602
COSMOS 1141,11585,24,-4166.3322,-6037.2717,-320.1164,0.559107,-0.784555,7.312713,971.305366158962,7.375899850583859,0.0010045754681601415
METEOR 2-5,11605,1,-1075.7742,-296.0829,-7176.4706,2.618211,-6.913968,-0.106988,891.6913390094169,7.393877790286298,0.0010180630630097485
METEOR 2-5,11605,6,-2048.1399,2594.44,-6465.8926,1.892075,-6.406767,-3.17515,890.8016413495334,7.396498409410631,0.001018548670800111
METEOR 2-5,11605,12,1832.5615,-1941.1536,6719.8385,-2.077719,6.682601,2.489325,859.6699839058792,7.4277056567817095,0.00102724998835715
METEOR 2-5,11605,24,1363.7351,-546.8081,7078.7831,-2.365405,6.970949,0.991845,858.6571632438572,7.427854823477031,0.0010274145309740034
COSMOS 1150,11667,1,-5296.3954,-4722.4172,-2019.3357,-0.844984,-2.007512,7.015753,1006.719506276414,7.3460800803836195,0.0009957114897271606
COSMOS 1150,11667,6,-2746.6659,-1469.4787,-6706.7838,-4.592439,-4.87525,2.959243,1023.8962234718983,7.322272711683852,0.0009901792385459672
COSMOS 1150,11667,12,592.9525,-677.4545,7276.9832,5.367268,5.069805,0.033129,961.4635532615321,7.383196194907054,0.0010069189081237172
COSMOS 1150,11667,24,-3677.2064,-4234.9921,4743.8103,3.99008,2.789001,5.539897,974.7975167880486,7.374938898391633,0.0010039670820679422
COSMOS 1153,11680,1,-3069.2266,-3109.4387,5921.7818,5.169653,3.066594,4.246052,988.0937375478843,7.359230155929967,0.0010000185373888345
COSMOS 1153,11680,6,-5958.109,-4336.3259,524.2351,0.970434,-0.411962,7.260318,1016.6659106218267,7.336461837897339,0.0009930689783019468
COSMOS 1153,11680,12,5815.2442,3756.527,2430.143,1.528531,2.133121,-6.904084,966.1762421119229,7.385999465045878,0.001006654225184579
COSMOS 1153,11680,24,2697.7524,864.146,6764.0494,5.426679,4.207986,-2.712254,962.2789805558414,7.38324541822585,0.0010068136556378796
COSMOS 1156,11691,1,-2401.4076,7148.9058,-1921.3359,-2.466629,0.945066,6.669196,1411.3610966878305,7.173254746237094,0.0009217324481756608
COSMOS 1156,11691,6,3587.3659,-6044.4909,-3504.6106,0.335477,3.717597,-6.047384,1483.1301108587431,7.106611394708029,0.0009048247602726582
COSMOS 1156,11691,12,2564.4002,-701.5061,-7366.5241,-2.262037,6.610125,-1.382033,1460.5985922401596,7.121838183929975,0.0009093722182067092
COSMOS 1156,11691,24,-2850.2569,7237.3846,14.9565,-1.829707,-0.744467,6.900158,1407.4268294563917,7.177342073839173,0.0009227241229112101
COSMOS 1157,11692,1,4368.0188,4282.6713,-4885.4226,-4.716552,-1.105703,-5.235222,1457.6790508736458,7.132740797351114,0.0009111039999213063
COSMOS 1157,11692,6,-51.9489,-2497.8967,7386.0456,6.222634,3.344843,1.149976,1426.1697568644395,7.157624843003509,0.0009179773002507877
COSMOS 1157,11692,12,5093.8548,1084.4945,5790.8815,4.139979,3.898722,-4.364225,1417.3113439984882,7.168397254920378,0.0009204045573299014
COSMOS 1157,11692,24,3815.8658,4024.9045,-5531.835,-5.187119,-1.443436,-4.670452,1462.382826401049,7.127610601776797,0.0009099019873961005
COSMOS 1158,11693,1,-4776.0713,5696.4054,-2430.9639,-0.21414,-2.964859,-6.498474,1450.0918053003343,7.146076487007188,0.0009136929555237174
COSMOS 1158,11693,6,3863.407,-2410.0964,6393.0774,-2.543099,5.567442,3.630256,1477.9436835368315,7.116355919478803,0.0009066641584402456
COSMOS 1158,11693,12,634.5832,2798.8503,7297.4711,-4.262301,5.437652,-1.726627,1470.5140945398762,7.121552491194177,0.0009081858943737644
COSMOS 1158,11693,24,-4643.1553,5842.1603,-2340.0476,-0.334534,-2.891526,-6.526685,1449.8408039724181,7.146359401475482,0.0009137584539306376
COSMOS 1159,11694,1,3357.5559,4543.4897,5417.8582,-4.905408,-2.05543,4.765951,1456.4943469119244,7.14157609115558,0.000912370648210439
COSMOS 1159,11694,6,548.8648,-2280.5065,-7493.176,5.760551,4.098366,-0.812497,1480.7290472989007,7.116228148996209,0.0009063262507057966
COSMOS 1159,11694,12,4862.7768,1525.3457,-5958.4354,3.771457,4.347149,4.206955,1469.677912470317,7.128819166108437,0.0009092095410232712
COSMOS 1159,11694,24,4224.9339,4734.8136,4582.894,-4.428143,-1.320726,5.446357,1456.6077891875866,7.142518615094678,0.0009124778358160415
COSMOS 1160,11695,1,3984.1769,-1186.6566,-6666.6499,-3.880586,5.021271,-3.223413,1485.5921585625902,7.117759586232594,0.0009059601723726016
COSMOS 1160,11695,6,-789.8184,-2221.4737,7478.4764,5.241993,-4.755234,-0.865222,1470.3243632773665,7.130171815327383,0.0009093070870425325
COSMOS 1160,11695,12,3302.7969,-5201.029,4849.3576,4.327485,-2.151708,-5.248705,1469.6274719673029,7.134835521545959,0.0009099827210328803
COSMOS 1160,11695,24,4979.6659,-2830.9098,-5373.3164,-2.587951,4.563954,-4.816386,1482.8940600104734,7.1221303409522765,0.0009068279106559248
COSMOS 1161,11696,1,-3614.1533,-6947.4087,-564.0203,1.51699,-1.347803,6.838007,1480.5419262428113,7.132753417787412,0.0009084525669979628
COSMOS 1161,11696,6,2135.0586,6625.4851,-3680.9968,-3.078955,-2.336828,-5.9681,1503.3422250602116,7.110481460745748,0.0009029937050635843
COSMOS 1161,11696,12,-550.5319,3393.2463,-7072.572,-3.628066,-5.629812,-2.402873,1492.7446881600436,7.115577609008914,0.0009048586762642995
COSMOS 1161,11696,24,-4104.8951,-5530.3116,-3768.8421,-0.140462,-3.94337,5.940406,1480.0305660996491,7.1315019438530625,0.0009083523346153466
COSMOS 1162,11697,1,-4280.4798,-770.5153,-6591.3119,5.664777,-2.581903,-3.39525,1525.9357163917539,7.091096115808754,0.0008979554058024925
COSMOS 1162,11697,6,369.0455,2139.1654,7536.5606,-6.881341,1.886777,-0.202197,1471.9566406489694,7.138183594782289,0.0009101393673128399
COSMOS 1162,11697,12,-4390.4074,2991.7147,5776.3355,-5.608795,0.310516,-4.401593,1477.0625502560251,7.136457277664458,0.000909327267967767
COSMOS 1162,11697,24,-7038.4152,1113.0025,-3373.9467,2.501688,-2.585949,-6.128263,1513.261501690452,7.106418400088331,0.0009013423005521386
COSMOS 1163,11698,1,2459.4081,-5248.1141,-5301.759,0.514308,5.17791,-4.883653,1483.9371928135379,7.136198659746868,0.0009084985003159233
COSMOS 1163,11698,6,-2430.4441,1796.2791,7311.9228,0.615938,-6.805374,1.860039,1540.8829719278247,7.081824622315989,0.0008950871300097628
COSMOS 1163,11698,12,-1599.9157,-2922.7701,7160.3943,1.728387,-6.489107,-2.289253,1526.693450371,7.094822800974454,0.0008983411227035115
COSMOS 1163,11698,24,1210.4845,-7769.7915,-92.4321,1.923988,0.400449,-6.855261,1493.0623326193772,7.131387845564564,0.0009068325687074288
COSMOS 1168,11735,1,5575.3038,-4393.2389,2030.2482,-1.007719,1.986825,6.991822,1011.8496021773935,7.338156856000695,0.0009939464097760413
COSMOS 1168,11735,6,4414.5936,-4404.682,-3963.9753,3.510572,-1.996323,6.116835,1018.3815947814637,7.3297402208221545,0.0009919287733087937
COSMOS 1168,11735,12,-2630.6558,3239.0833,6032.1268,-4.969538,3.591014,-4.109199,963.7504588561678,7.3808675576276945,0.001006287480266741
COSMOS 1168,11735,24,1744.5034,-345.4198,7132.6648,-5.316749,4.864721,1.506121,980.0212963915865,7.362182475562732,0.0010015183168053973
COSMOS 1171,11750,1,-932.6494,-7294.3741,-4.5775,2.988786,-0.396828,6.725646,982.757499916449,7.370524291574922,0.0010022800305365882
COSMOS 1171,11750,6,-2924.0804,-4365.7409,-5137.5828,1.154569,-5.858558,4.321754,977.7887994180919,7.371111792100361,0.0010030376424321839
COSMOS 1171,11750,12,3171.2384,1641.4311,6455.6108,0.192483,7.091032,-1.885869,1006.3951938850623,7.3400467583983415,0.0009949374495326375
COSMOS 1171,11750,24,1918.6711,-4163.7525,5766.709,2.581836,5.952712,3.456548,996.025611596071,7.351760426057422,0.0009979279038320947
COSMOS 1174,11765,1,5598.6703,4672.424,702.6085,-2.560028,1.705566,6.564684,955.0025845033888,7.249674114123751,0.000989581157049945
COSMOS 1174,11765,6,4970.8933,4875.6106,2084.5675,-3.7178,0.680742,6.255275,897.2033945723824,7.308482184160334,0.0010055417807402075
COSMOS 1174,11765,12,631.0313,-3099.348,-6479.6862,6.190539,3.682432,-1.517586,839.4432441531726,7.361123950358465,0.0010208975649766713
COSMOS 1174,11765,24,6183.7722,3956.5344,-602.2397,-1.280964,2.65893,6.577048,994.8601491022282,7.208906845597326,0.0009786917888301163
COSMOS 1176,11788,1,-6640.1948,1747.8167,-2388.7329,-2.981594,-2.669046,6.248108,899.0134158258843,7.419741431520103,0.0010205952873990963
COSMOS 1176,11788,6,-3686.1453,2978.6886,-5497.5465,-6.365061,-1.078298,3.672714,887.324219001539,7.427351899319231,0.0010232874249231241
COSMOS 1176,11788,12,2969.0807,-3144.1903,5923.0991,6.677948,0.652548,-3.000705,962.7900020485586,7.350172710898227,0.0010022338666426352
COSMOS 1176,11788,24,1398.61,-3243.7876,6426.0083,7.158743,-0.205378,-1.653012,961.9291962818415,7.3499816418190465,0.001002325461637602
COSMOS 1181,11803,1,-1139.5626,-7265.5719,79.7146,0.909861,-0.041218,7.312187,983.8278274097975,7.36869219643581,0.0010018850705076118
COSMOS 1181,11803,6,-1442.7424,-4635.2405,-5548.9898,-0.301024,-5.58169,4.765761,1001.8046173828625,7.345635208325894,0.0009963149153589515
COSMOS 1181,11803,12,1206.289,2022.8858,6958.3839,0.876772,6.989406,-2.164738,975.176325895115,7.3693022723636465,0.0010031480249646353
COSMOS 1181,11803,24,132.7803,-3828.5762,6261.052,1.524816,6.17385,3.738718,969.0543917588602,7.376957363295521,0.0010050276155416633
OPS 1292,11852,1,3971.1901,6436.1773,1467.6633,-0.000596,-1.610153,7.013439,1332.8149386872092,7.195896027969415,0.0009340691703058553
OPS 1292,11852,6,-1841.7637,-1463.0798,-7347.1564,3.265585,6.063857,-2.025589,1343.4930613661636,7.178956602849399,0.0009305804731099303
OPS 1292,11852,12,2876.3642,5897.2876,-4049.076,2.512693,2.929979,6.063807,1339.1548948079762,7.188056648770862,0.0009322843375833221
OPS 1292,11852,24,-1103.0458,-3505.2556,6764.0698,-3.501606,-5.333987,-3.3263,1326.8027460763797,7.19561905505044,0.0009347627228715485
COSMOS 1190,11869,1,-3246.9826,3765.9603,-5143.926,-5.448965,1.799774,4.770472,783.3921949635142,7.462426490430911,0.0010430552710940621
COSMOS 1190,11869,6,-2807.1639,3639.3946,-5483.5574,-5.680989,2.136894,4.339062,784.0516402795529,7.461059644929867,0.0010427681056734287
COSMOS 1190,11869,12,5187.1729,-4222.9642,2562.7484,3.371919,0.084295,-6.650844,791.9511160330148,7.457256151019758,0.0010410871204087925
COSMOS 1190,11869,24,5304.9801,-2045.5507,-4364.4785,-3.044491,3.940523,-5.541256,796.6888956363573,7.449977518096682,0.0010393834925832481
COSMOS 1192,11875,1,-1481.2551,7610.985,1221.2536,-1.743671,-1.413949,6.748078,1478.3738410789156,7.111694384949763,0.000906020598449703
COSMOS 1192,11875,6,2351.329,-4502.1313,-5895.4437,0.405756,5.757914,-4.252202,1410.657325309974,7.1693398170079785,0.0009213127123562198
COSMOS 1192,11875,12,1827.3897,2074.4309,-7299.8381,-1.387549,6.833309,1.558949,1434.7833021902743,7.1449091037943235,0.0009153353132144327
COSMOS 1192,11875,24,-1792.6574,6941.7355,3198.1073,-1.383929,-3.212324,6.189728,1479.4269061018776,7.109642583984162,0.0009056377021303226
COSMOS 1193,11876,1,6560.3512,240.5643,4304.3896,3.603287,2.475102,-5.611415,1479.0859153492138,7.113212032337993,0.000906131742893359
COSMOS 1193,11876,6,-7514.9856,-1922.7058,803.9481,1.169468,-1.746138,6.847173,1427.598509287076,7.162431948018564,0.0009184255272904582
COSMOS 1193,11876,12,-3949.5307,-2677.1123,6188.3795,5.97586,0.15883,3.910493,1443.2027010485226,7.143394516023108,0.0009141552618112396
COSMOS 1193,11876,24,7065.267,463.2702,3392.7756,2.783907,2.358074,-6.106011,1480.3402251750877,7.112947455608399,0.0009059532833389319
COSMOS 1194,11877,1,-2063.0163,-687.5422,-7550.6755,1.625122,-6.914711,0.192253,1486.5728464422637,7.105716779074015,0.0009043144642675922
COSMOS 1194,11877,6,463.4952,5384.3829,5646.2808,-2.428337,4.978371,-4.516219,1444.810507342415,7.146833736359829,0.0009144072428119734
COSMOS 1194,11877,12,-1596.3836,7672.3444,198.2797,-1.962106,-0.205826,-6.851138,1468.1724072118996,7.12953828747388,0.0009094758881581468
COSMOS 1194,11877,24,-2057.7036,-735.5326,-7547.3139,1.493307,-6.94178,0.276745,1486.295935386991,7.105973765760326,0.0009043790413642272
COSMOS 1195,11878,1,-7627.6526,-1598.9151,747.5059,-0.240736,-2.067603,-6.832658,1458.2003904504563,7.142699162940366,0.0009123152821139386
COSMOS 1195,11878,6,6243.9189,2624.3652,3967.5289,-4.035651,0.767948,5.818179,1478.5287441402152,7.12231914481133,0.0009073562728371742
COSMOS 1195,11878,12,1270.8512,2444.3631,7337.0103,-6.870598,-1.108079,1.544777,1466.199364536361,7.1287651053723184,0.000909606196523501
COSMOS 1195,11878,24,-7569.4492,-1149.3088,1633.7479,-1.116244,-2.202135,-6.702769,1457.5761227628418,7.143004374429712,0.00091242701896457
COSMOS 1196,11879,1,-186.8137,-5479.913,5616.3688,2.647554,-4.782902,-4.569405,1478.0728333791203,7.124967072102509,0.0009077463317454177
COSMOS 1196,11879,6,-1522.1192,7532.7816,-1599.727,-2.239944,0.966505,6.697461,1478.7625420668746,7.127935527534041,0.0009080447324789046
COSMOS 1196,11879,12,-2763.4014,6232.4906,3884.5275,-0.707008,-3.978956,5.873132,1475.6477093639533,7.129209679299944,0.0009085675747608956
COSMOS 1196,11879,24,-996.1938,-3973.5726,6693.2312,2.39084,-5.924248,-3.154526,1476.357847790723,7.124876458983692,0.0009079331664465344
COSMOS 1197,11880,1,202.9359,-2262.822,7512.6763,6.567203,2.696869,0.624578,1477.6847032973938,7.126805408067067,0.0009080254434316809
COSMOS 1197,11880,6,-4264.9059,213.1819,-6615.9104,-5.31874,-3.346808,3.315625,1503.3342118029623,7.105173334767351,0.0009023205192532082
COSMOS 1197,11880,12,-7093.4763,-2226.6354,-2593.6997,-1.511909,-2.646679,6.423351,1503.1722966274328,7.109867553092885,0.0009029352273810537
COSMOS 1197,11880,24,-2680.7043,-3177.3282,6663.3932,6.166033,1.560713,3.207905,1482.8142944915608,7.123653733477154,0.0009070310891452424
COSMOS 1198,11881,1,3163.7942,-2113.2507,6895.1627,-1.998006,6.208268,2.826928,1504.194659211632,7.108174270024899,0.0009026029930206808
COSMOS 1198,11881,6,-1493.9084,-1883.4588,-7481.597,3.193933,-6.294743,0.950301,1487.337803206031,7.122364034163025,0.00090634485466599
COSMOS 1198,11881,12,1032.5664,-5852.5618,-5142.9886,3.310277,-3.82948,5.014408,1488.3259719239386,7.125106208162304,0.0009065798051404783
COSMOS 1198,11881,24,3730.4061,-5377.6064,4373.1798,-0.186558,4.402372,5.586452,1500.4218428036365,7.115063531835257,0.0009039108402429388
COSMOS 1199,11882,1,-5587.4291,-5418.3315,-1392.2317,2.226323,-0.601899,-6.704726,1535.7053377436514,7.090285413268354,0.0008967433476269801
COSMOS 1199,11882,6,3571.9541,4960.9375,4921.4101,-4.499469,-1.930461,5.197754,1476.931851373015,7.140626555071901,0.000909873669943073
COSMOS 1199,11882,12,-108.5818,2688.6102,7373.3664,-5.56731,-4.21566,1.467939,1478.009293120007,7.135935452302031,0.0009091511024909838
COSMOS 1199,11882,24,-5978.5826,-3649.7919,3624.5629,-1.527132,-3.512497,-5.986448,1515.817294345341,7.106850707390511,0.0009011050265467609
METEOR 2-6,11962,1,2438.1369,-2562.4211,6330.8891,5.912044,-2.853065,-3.416694,880.9425144829738,7.400408234806847,0.0010204725451184106
METEOR 2-6,11962,6,71.2074,-1320.6625,7124.573,6.400566,-3.651369,-0.723542,875.292870499371,7.404272666527145,0.001021801464397186
METEOR 2-6,11962,12,-1021.6137,1851.18,-6901.9417,-6.321351,3.434713,1.86986,847.5428705956019,7.433243456067479,0.001029742925867553
METEOR 2-6,11962,24,-2913.1848,2848.5562,-5955.2155,-5.629907,2.692618,4.047711,844.643405473259,7.438414405106373,0.0010308733382617184
COSMOS 1225,12087,1,4335.023,-2242.4009,5506.2248,5.413793,-1.266635,-4.821779,986.9411356020546,7.359556480856371,0.0010002195376701915
COSMOS 1225,12087,6,-1305.763,-490.3865,7252.0097,6.798428,-2.538841,1.02466,1013.9265819265484,7.3290016380176235,0.0009924271496421111
COSMOS 1225,12087,12,3822.1587,-546.8451,-6229.383,-5.793774,2.568527,-3.795439,957.9255182508641,7.387185209234029,0.0010079492813561937
COSMOS 1225,12087,24,6806.7556,-2288.4567,-1467.6718,-1.109741,1.349924,-7.183139,958.5986505689043,7.39265214832796,0.0010086025853208432
COSMOS 1226,12091,1,517.9515,1945.0626,7095.4926,-4.817511,-5.24375,1.775727,1004.4699857653659,7.338837283667624,0.0009950331704734149
COSMOS 1226,12091,6,4025.6764,5254.7534,3266.0164,-2.75379,-1.94157,6.520309,1010.4203848173738,7.339447042147045,0.0009943136496118467
COSMOS 1226,12091,12,-4795.6189,-5555.9244,-357.7627,0.926008,-0.314774,-7.309367,977.0780291218916,7.37451147045206,0.00100359732725012
COSMOS 1226,12091,24,-3967.5967,-3530.0949,5093.4911,-2.909222,-4.265604,-5.244809,987.4675824954284,7.359821436460329,0.001000183985857072
COSMOS 1228,12107,1,-7668.0139,-1529.9402,-90.0074,0.425887,-1.919864,-6.859937,1448.6710620219828,7.136245032174415,0.0009126016907326469
COSMOS 1228,12107,6,5266.6237,2506.2937,5137.06,-5.131541,0.476969,4.993933,1401.2724316419444,7.176320733504809,0.0009233233647715516
COSMOS 1228,12107,12,-1236.3504,1936.2378,7419.9653,-6.975985,-1.509291,-0.753432,1396.4618880901562,7.177045758634258,0.0009239885386034295
COSMOS 1228,12107,24,-7049.5519,-2019.6507,-2755.3511,2.852908,-1.363384,-6.38212,1462.7175482062994,7.122454329956774,0.0009092048936060524
COSMOS 1229,12108,1,3035.9255,-7153.5874,633.5958,2.040126,0.263098,-6.860013,1425.92888057642,7.16178141342285,0.0009185387635462678
COSMOS 1229,12108,6,-3741.6087,5199.5095,4518.2369,0.312219,-4.547865,5.470511,1467.941216071693,7.120888102147583,0.0009083992220209624
COSMOS 1229,12108,12,-2148.2962,-467.3447,7505.9117,2.770047,-6.562588,0.362185,1450.2721522620232,7.132453968598605,0.0009119301604325068
COSMOS 1229,12108,24,3281.621,-7005.5632,-965.5564,1.4402,1.616138,-6.82751,1425.1048799010005,7.162469607275413,0.0009187241215470111
COSMOS 1230,12109,1,6180.9603,4660.2874,-1191.9305,-0.387526,2.196094,6.768079,1461.1930005334452,7.126001586286169,0.0009098347788162041
COSMOS 1230,12109,6,-4171.7039,-5010.4678,-4316.7138,4.174501,1.327095,-5.632813,1448.3298328707497,7.135560386612602,0.0009125539578361652
COSMOS 1230,12109,12,984.01,-1981.3395,-7525.6658,5.596453,4.361179,-0.432084,1473.0823317740542,7.108225167670619,0.0009061895154870193
COSMOS 1230,12109,24,5848.4373,5050.2733,1201.8391,-2.124377,0.795301,6.76698,1449.0956822159778,7.13705118652865,0.0009126552252754824
COSMOS 1231,12110,1,2511.3575,7416.7109,-426.3418,-1.747433,0.966159,6.832982,1470.9566689323328,7.118751879023036,0.000907777507522525
COSMOS 1231,12110,6,-538.1423,-6111.3816,-4829.7612,2.859554,3.882292,-5.275169,1437.01994393542,7.14679286328777,0.0009153143709422473
COSMOS 1231,12110,12,2092.9728,-555.0082,-7528.9187,2.224194,6.761731,0.095954,1463.1040352306254,7.1187957012484215,0.0009086930259330994
COSMOS 1231,12110,24,2069.2852,7384.0714,1607.3588,-2.317061,-0.832541,6.68569,1464.1805334130258,7.124629602337373,0.0009093127557118158
COSMOS 1232,12111,1,1143.7326,3340.5328,-6988.0346,-2.491364,6.181076,2.522166,1458.425982725411,7.125581830968472,0.0009101027133649545
COSMOS 1232,12111,6,920.8418,-6966.7347,3369.4122,2.557164,-2.631365,-6.15218,1422.348482797377,7.16327356999026,0.0009191522213849527
COSMOS 1232,12111,12,2699.1999,-6653.1717,-3038.4402,0.989356,3.263801,-6.296524,1425.3127578886251,7.160826540624552,0.0009184888758315831
COSMOS 1232,12111,24,613.8643,4754.0589,-6197.7477,-2.53912,5.409744,3.873702,1464.175936527462,7.121659055637247,0.0009089341596576267
COSMOS 1233,12112,1,-1013.3226,3657.4093,-6838.434,-5.281879,3.872352,2.830956,1449.9746868119482,7.134960942884061,0.0009122853900697732
COSMOS 1233,12112,6,4518.602,-5548.558,3121.9549,3.384188,-0.748749,-6.256358,1436.103323986561,7.1522981557335115,0.0009161270011322606
COSMOS 1233,12112,12,5713.775,-4235.8744,-3205.0015,-0.962645,3.407853,-6.220042,1430.4031621370914,7.157448564076308,0.0009174565671485717
COSMOS 1233,12112,24,-1934.9382,4403.0021,-6173.1658,-4.957963,3.32614,3.901264,1454.4961072582028,7.13193278197888,0.0009113713283128417
COSMOS 1234,12113,1,1973.0109,3228.5958,-6863.8733,-0.798483,6.493503,2.802925,1466.688404737034,7.117551887265944,0.0009081187615169996
COSMOS 1234,12113,6,-904.5106,-7124.8635,3009.0027,1.792493,-2.894942,-6.308511,1415.9067393768055,7.168753823052791,0.0009206163709142501
COSMOS 1234,12113,12,906.4518,-6941.2539,-3437.8304,1.793491,3.244177,-6.122779,1427.8036537120615,7.157493769277833,0.000917768171515771
COSMOS 1234,12113,24,1808.3252,4835.1683,-5904.1179,-1.085642,5.607657,4.241756,1471.6717829691397,7.114557579031109,0.0009071599291558806
COSMOS 1235,12114,1,-2433.1993,7420.8611,-733.5198,-2.072653,-0.004771,6.810179,1472.958796169556,7.118598965589436,0.000907526307897699
COSMOS 1235,12114,6,3291.4654,-5487.2594,-4458.4908,0.085746,4.533542,-5.537796,1427.8396839510788,7.157341683886274,0.0009177444304458625
COSMOS 1235,12114,12,2175.3374,299.1792,-7501.7592,-2.221306,6.770407,-0.397682,1445.5204594075003,7.136579171032085,0.000913012280604079
COSMOS 1235,12114,24,-2705.1292,7306.7925,903.5868,-1.577405,-1.429397,6.793093,1472.6859786635468,7.118812739796081,0.0009075851275995404
COSMOS 1238,12138,1,720.021,-2806.325,7106.5308,0.686064,6.45061,2.56598,1303.4166069750636,6.976052361084742,0.0009090009988178648
COSMOS 1238,12138,6,421.9302,-4931.9409,5795.0344,0.887431,5.198055,4.649375,1250.3181164381404,7.030220299066809,0.0009224415241116344
COSMOS 1238,12138,12,-425.3269,4009.599,-5486.8992,-0.954581,-6.44909,-4.403315,438.1005238302396,7.8670941079210435,0.0011553793456842174
COSMOS 1238,12138,24,-718.5668,1397.9237,-6590.0652,-0.737911,-7.708375,-1.572172,403.91610703298466,7.901600001400349,0.0011663022650860227
COSMOS 1241,12149,1,196.1105,6498.1088,3453.0715,-3.320244,3.161875,-5.76234,990.2213720930804,7.363832970047664,0.001000354777804195
COSMOS 1241,12149,6,2721.6603,1606.191,6652.5646,-1.874629,7.048774,-0.94437,994.0458297454097,7.354677660347664,0.0009985922464520354
COSMOS 1241,12149,12,-3242.58,1540.219,-6435.8939,0.479641,-7.072803,-1.944347,998.3507119975102,7.3508559380591185,0.0009974903116080115
COSMOS 1241,12149,24,-2303.5553,6485.7241,-2617.1591,-2.252988,-3.291922,-6.188116,992.4574675346448,7.362437436860432,0.000999861473950422
COSMOS 1244,12297,1,-2954.7243,2209.5444,6345.9347,3.8671,-5.141166,3.605042,969.5292289620338,7.3744408649958,0.001004619780805445
COSMOS 1244,12297,6,-4833.251,5339.4055,1405.8919,0.261432,-1.663908,7.188701,966.990076098281,7.383383952530777,0.0010061861457922048
COSMOS 1244,12297,12,4566.2987,-5610.6727,1470.5636,1.63702,-0.555944,-7.132849,1010.9570078531306,7.339376204306263,0.0009942317730242036
COSMOS 1244,12297,24,1981.2119,-3523.479,6156.4426,4.375315,-4.426657,-3.910366,993.9093913800034,7.350485412462906,0.0009980415266297804
COSMOS 1249,12319,1,-4109.5519,1557.4442,-5813.8987,2.110835,-6.361107,-3.155493,917.0359047392831,7.407863574319049,0.0010164416958349293
COSMOS 1249,12319,6,-4434.4081,5286.2081,-2431.9371,-1.100732,-3.841563,-6.209801,944.892927880207,7.384500367553244,0.001009377862736561
COSMOS 1249,12319,12,4083.052,-5940.1657,1248.6362,1.991164,2.700409,6.579593,944.461334605694,7.385660897159171,0.001009596054075414
COSMOS 1249,12319,24,2776.8368,-6578.758,-1510.3157,3.500223,-0.062429,6.522295,927.7624259229542,7.402417881800176,0.0010142017851559422
COSMOS 1250,12320,1,-2529.9746,-7264.0977,1106.1844,1.554839,-1.602352,-6.825318,1400.1988006094534,7.181227057331428,0.000924082273737257
COSMOS 1250,12320,6,761.0913,6556.4215,4201.1191,-2.731177,-3.36144,5.664709,1453.0222740597274,7.130745734746823,0.0009113912876230633
COSMOS 1250,12320,12,-1880.2883,1146.6841,7465.0184,-2.263927,-6.782157,0.435698,1412.1143013994251,7.163298945400925,0.000920364094371959
COSMOS 1250,12320,24,-1976.7987,-7382.2045,-1463.8463,2.26736,0.703008,-6.767629,1410.2288470501635,7.171885658549291,0.0009216906223325032
COSMOS 1251,12321,1,-4109.469,387.6322,6671.1311,4.784102,-4.188048,3.185889,1473.8699375977576,7.111769591109445,0.0009065503504430563
COSMOS 1251,12321,6,-503.0016,2812.9816,-7253.0249,-6.065031,3.388831,1.712907,1424.6556037039718,7.15561506567891,0.0009178977919803233
COSMOS 1251,12321,12,-5412.8949,4678.87,-3159.589,-3.503364,0.191316,6.215609,1450.3974661991842,7.137503510978681,0.0009125611557044623
COSMOS 1251,12321,24,-2797.8974,-624.2998,7300.3421,5.42058,-4.278967,1.700954,1472.0207750737982,7.11234775820228,0.0009068378067805587
COSMOS 1252,12322,1,-3510.5785,-4488.0021,5350.3775,4.905117,1.895193,4.834411,1445.1924008287378,7.143070698786272,0.0009138811242708028
COSMOS 1252,12322,6,-772.5513,2090.3792,-7488.9145,-5.841814,-4.076551,-0.51418,1442.4730497541595,7.142089325862357,0.0009140735855084408
COSMOS 1252,12322,12,-5345.0186,-1967.7271,-5331.1163,-3.316344,-4.094771,4.842695,1430.408512476838,7.15660407817856,0.0009173476900655775
COSMOS 1252,12322,24,-2857.3498,-4109.3375,6007.8828,5.340125,2.304033,4.140099,1448.5753277912818,7.139042149372351,0.000912970570665101
COSMOS 1253,12323,1,5898.1562,4349.7844,2801.8817,0.720869,3.1423,-6.365775,1474.9806236618178,7.135600378089149,0.0009094593423503606
COSMOS 1253,12323,6,-5385.2071,-5524.1441,1556.2693,2.383186,-0.414669,6.690531,1499.1078570485752,7.114403063653198,0.000903977835231501
COSMOS 1253,12323,12,-2375.4694,-4464.7141,6010.685,5.008315,2.931019,4.131964,1484.2441740725144,7.123708164634623,0.0009068729127666785
COSMOS 1253,12323,24,5157.4194,2508.9982,5348.665,2.884098,4.388698,-4.832035,1471.3379241986631,7.136333347737688,0.0009099752416581673
COSMOS 1254,12324,1,-2866.1839,3757.7173,-6275.407,0.477176,-5.988374,-3.800782,1484.9647702231641,7.108745593308007,0.00090488511611618
COSMOS 1254,12324,6,1862.3858,1328.115,7467.2699,-1.998794,6.827856,-0.699405,1438.7688877912797,7.14870354436362,0.0009153540453084242
COSMOS 1254,12324,12,-321.6995,6418.0065,4474.1838,-2.582263,3.73723,-5.50154,1459.2374599066243,7.134557634897135,0.0009111546963203099
COSMOS 1254,12324,24,-2767.9944,3608.0051,-6405.7126,0.423446,-6.104955,-3.617245,1484.739794179548,7.108744154698916,0.0009049108474756134
COSMOS 1255,12325,1,-7769.7489,977.8509,-97.6705,-0.176635,-1.95619,-6.863359,1460.6492438216528,7.138877783111713,0.000911542072539004
COSMOS 1255,12325,6,6252.7942,513.7637,4688.2915,-4.214424,2.112113,5.356904,1461.079266450486,7.135741828412867,0.0009110916253081794
COSMOS 1255,12325,12,1024.2838,2019.5927,7483.5698,-7.018634,1.168678,0.636343,1447.678208515028,7.143665999141407,0.0009136667104884186
COSMOS 1255,12325,24,-7713.158,1290.4817,402.4166,-0.688611,-1.877725,-6.853863,1459.7144291536042,7.139711080128873,0.0009117573044865307
COSMOS 1256,12326,1,1534.8683,-1960.0849,-7435.1459,2.789592,6.460617,-1.129367,1469.8639873319898,7.127191969341221,0.0009089804364488652
COSMOS 1256,12326,6,-3081.3323,-2671.8603,6702.0674,-1.428762,-6.231552,-3.143611,1474.454329730187,7.1243169006346845,0.0009080821328138044
COSMOS 1256,12326,12,-3342.6964,-6683.8504,2383.011,0.914275,-2.774154,-6.50494,1472.8649158609387,7.130643280584228,0.0009090726774457171
COSMOS 1256,12326,24,888.639,-3222.6935,-7092.2309,3.127552,5.969683,-2.321701,1469.6104230587844,7.1280426602675435,0.0009091183308004157
COSMOS 1257,12327,1,-2404.2912,-766.2509,7424.5326,5.18167,-4.750692,1.189789,1470.6478462508758,7.129823022507992,0.0009092250968547115
COSMOS 1257,12327,6,-1328.1,3666.1759,-6822.3557,-5.461302,3.485884,2.942849,1487.0679964647352,7.116007801672297,0.0009055670942111619
COSMOS 1257,12327,12,-5030.8137,5331.5639,-2815.7717,-3.198069,0.329611,6.359247,1481.5938625661638,7.125749865599479,0.0009074389928108216
COSMOS 1257,12327,24,-3895.6391,823.5801,6755.5861,4.251824,-4.850097,3.041234,1470.6982684287232,7.130957332584525,0.0009093639016046185
COSMOS 1263,12388,1,890.0571,6941.3841,2191.455,-0.712471,1.901951,-7.002586,962.313704050729,7.291175709008664,0.0009942538943862732
COSMOS 1263,12388,6,1002.4267,6589.8256,3171.3521,-0.569351,2.879439,-6.619719,1010.6078783326511,7.2412712388698015,0.000980988337259856
COSMOS 1263,12388,12,-477.9722,-7013.0028,1501.4682,1.018929,1.061388,7.294168,816.8419885520525,7.441078389978767,0.001035231214296313
COSMOS 1263,12388,24,441.8805,-3699.427,6508.8693,1.074241,6.029125,3.626711,1128.759867428539,7.117399431620161,0.0009490169762009354
COSMOS 1266,12409,1,1758.1216,3225.2621,-6278.3024,-3.859299,6.006139,2.001172,902.952721865101,7.414349859044015,0.0010193013540982865
COSMOS 1266,12409,6,3689.6319,-1050.4488,-6186.2838,-1.923687,6.783197,-2.276891,908.2124225812704,7.409221675767233,0.0010178603460976978
COSMOS 1266,12409,12,-3916.4549,2017.8748,5854.5728,1.28386,-6.535854,3.134735,956.1045005997348,7.361538394190511,0.0010046995226542705
COSMOS 1266,12409,24,-4028.6078,3919.2694,4690.9925,-0.052728,-5.65954,4.720352,949.912789471915,7.3698640596342075,0.00100668649819633
COSMOS 1269,12442,1,-2001.1982,5993.5041,-3364.0042,-3.25685,2.420458,6.264261,787.4502435944669,7.463689083046333,0.001042640352180278
COSMOS 1269,12442,6,-1648.5822,5749.5417,-3934.0909,-3.424525,3.040989,5.891565,788.0588934341458,7.4622733615816434,0.0010423539563874224
COSMOS 1269,12442,12,3008.3624,-6475.1751,638.2071,2.136192,0.280518,-7.137306,797.3641933068793,7.45541035401969,0.0010400434677943437
COSMOS 1269,12442,24,3273.6615,-3205.6581,-5514.1144,-1.456746,5.909574,-4.294195,798.2789795742519,7.448844505560376,0.0010389949291668833
METEOR 2-7,12456,1,6477.5157,-2139.7891,-2447.4395,-1.995578,1.917718,-6.874972,876.5421449195828,7.4111546929201255,0.0010225749012187852
METEOR 2-7,12456,6,6723.7326,-2714.5663,280.591,0.664829,0.944,-7.312478,885.4579226148244,7.403071531447268,0.0010202045695566595
METEOR 2-7,12456,12,-6695.2887,2532.1645,951.5972,0.482261,-1.399956,7.290346,850.0999897838128,7.439193321441042,0.0010302022312342692
METEOR 2-7,12456,24,-6183.6298,2021.2383,3153.1296,2.624931,-2.176319,6.600244,858.4472847674242,7.4289870106265505,0.0010276009656062588
NOVA 1,12458,1,-63.2932,-6542.5064,3745.2627,-0.012148,-3.628794,-6.308291,1167.9249044687067,7.277556513626053,0.0009653308138554707
NOVA 1,12458,6,10.9613,3571.7693,6636.9565,-0.061732,-6.41297,3.434315,1166.031754305698,7.274923682070416,0.0009652239660413336
NOVA 1,12458,12,-64.2519,-7480.1784,991.7221,0.011717,-0.973601,-7.207288,1174.9068325886838,7.272759896369053,0.0009638019734036492
NOVA 1,12458,24,42.1222,6367.3497,4049.7109,-0.049509,-3.918237,6.123793,1175.1960520120156,7.270204470033769,0.0009634263965478793
COSMOS 1275,12504,1,2809.8745,-2047.5936,6471.1069,-3.934836,5.230133,3.388168,974.9688787619307,7.37000053872515,0.001003271407810166
COSMOS 1275,12504,6,4795.6067,-5320.0877,1584.0782,-0.369635,1.794468,7.156183,964.562725550878,7.3869953679244995,0.0010070114106167307
COSMOS 1275,12504,12,-4559.709,5647.5677,1398.4692,-1.581609,0.502924,-7.140334,1021.0012983029792,7.330674539918752,0.0009917036326281075
COSMOS 1275,12504,24,-1921.9991,3493.0816,6205.4546,-4.365786,4.480225,-3.841093,1004.8637729638504,7.340742393182722,0.0009952383367071032
NOAA 7,12553,1,-4116.6297,-541.6815,-5912.6203,-6.054402,1.195226,4.114919,853.8970751379175,7.417338279008246,0.0010266358401883053
NOAA 7,12553,6,-2185.8609,-869.7223,-6832.9067,-7.035629,0.951941,2.134016,855.5495725256724,7.413520849190215,0.0010258728283516357
NOAA 7,12553,12,3924.9649,604.2018,6004.1088,6.217053,-1.132118,-3.934845,827.5923459793648,7.444222212209816,0.001034121930292058
NOAA 7,12553,24,6446.3667,16.2018,3222.8337,3.297441,-1.263727,-6.548671,836.1189241643442,7.440108530475278,0.0010323277038664863
COSMOS 1287,12636,1,1821.8159,-7652.616,-359.4577,1.970805,0.176234,6.832632,1503.6907656769672,7.113367052121309,0.0009033201764729604
COSMOS 1287,12636,6,-2704.6805,6282.3566,-3912.6241,-0.753063,-3.945703,-5.862728,1508.8431713165855,7.106845689063609,0.0009019019204510612
COSMOS 1287,12636,12,-2609.1875,2090.5323,-7150.772,0.925386,-6.644751,-2.292982,1522.7776066648557,7.089909840986767,0.0008981643763311283
COSMOS 1287,12636,24,415.2715,-6837.3935,-3909.7808,2.445805,-3.178794,5.858803,1516.2546679185625,7.100159574634221,0.0009002067098852717
COSMOS 1288,12637,1,-7514.0227,-1658.4765,1519.7925,1.732518,-1.665857,6.719975,1472.5228488367266,7.136859404906194,0.0009099048402676181
COSMOS 1288,12637,6,5124.1374,2392.3121,-5477.1289,-5.294309,0.531791,-4.711412,1501.666782298129,7.10703260784035,0.0009027477987282118
COSMOS 1288,12637,12,-37.1001,2181.8188,-7555.6239,-7.037108,-0.994994,-0.23978,1493.423832151002,7.111145935227317,0.0009042170268285687
COSMOS 1288,12637,24,-7726.3446,-747.214,-1143.4496,-0.795449,-2.068895,6.78154,1475.158717964181,7.134588313576755,0.0009093097106539217
COSMOS 1289,12638,1,-5704.8009,-4898.705,-2238.6998,-0.146549,-2.817997,6.536293,1474.625582462233,7.11938971283768,0.0009074342941819772
COSMOS 1289,12638,6,4421.184,5688.0914,-3014.9188,-3.294321,-0.764539,-6.301521,1438.672663255702,7.15165978266605,0.0009157438590626743
COSMOS 1289,12638,12,200.7821,3102.9649,-7179.0099,-5.233429,-4.387483,-2.061773,1452.4830968444248,7.133701288732168,0.0009118318785157882
COSMOS 1289,12638,24,-5795.1241,-5125.1107,-1305.4167,0.464706,-2.239217,6.742488,1474.6571287747593,7.119774495703428,0.0009074796895713067
COSMOS 1290,12639,1,1201.9187,2100.5611,7452.3257,-3.983756,5.823335,-0.998606,1464.44024513769,7.125921437470175,0.0009094474866159806
COSMOS 1290,12639,6,1820.0077,-5688.9924,-5060.6819,3.762737,-3.318047,5.074735,1457.6374196474735,7.135864414743528,0.0009115078438598653
COSMOS 1290,12639,12,4229.8557,-6561.252,649.2599,1.348684,1.541011,6.834408,1462.4695676995198,7.134619551485629,0.0009107866558778087
COSMOS 1290,12639,24,1187.4864,2166.4029,7435.7276,-3.868699,5.88313,-1.096214,1464.3985486837319,7.125990154588834,0.0009094610963708959
COSMOS 1291,12640,1,-2757.804,1152.0001,7241.4225,-6.198118,-2.984423,-1.879637,1462.9509161292463,7.1313731242042016,0.0009103162887479275
COSMOS 1291,12640,6,6354.2384,1063.3986,-4469.9289,3.379807,2.984585,5.521502,1470.391878842157,7.1286623791198025,0.0009091067618179549
COSMOS 1291,12640,12,7123.1633,3044.0945,1189.2537,-1.741253,1.413718,6.773176,1466.1098682078482,7.134877274383141,0.0009103964847202926
COSMOS 1291,12640,24,-2010.7073,1527.7109,7415.2548,-6.484501,-2.717573,-1.193541,1462.444209871871,7.131514309598699,0.0009103931959598837
COSMOS 1292,12641,1,2886.1494,-6935.5258,-2267.4865,1.133086,2.608282,-6.537948,1475.8383129301355,7.1296411498492684,0.0009086004917548691
COSMOS 1292,12641,6,-3049.3659,3921.4513,6078.1983,0.605805,-5.824841,4.054648,1478.8985512220088,7.1229167324355265,0.0009073896542684222
COSMOS 1292,12641,12,-1763.6156,-1559.8449,7484.486,2.303458,-6.687056,-0.853717,1475.0809823003592,7.12400655677611,0.0009079700519083162
COSMOS 1292,12641,24,2356.7035,-7463.8037,-552.3068,1.729623,1.050988,-6.837298,1475.4934754559117,7.1305550582740045,0.0009087568963867253
COSMOS 1293,12642,1,-1181.9835,3334.1692,-7004.8729,-5.768195,3.282723,2.545891,1476.420824299873,7.108438987332944,0.0009058312465315177
COSMOS 1293,12642,6,5143.1476,-4907.2855,3211.7729,3.542926,-0.395496,-6.204882,1429.5707082924655,7.156067520741821,0.0009173774315172223
COSMOS 1293,12642,12,6234.2102,-3475.1003,-3220.724,-1.372864,3.227816,-6.206162,1459.3743203642662,7.128814660418379,0.0009104053482958844
COSMOS 1293,12642,24,-2603.6098,4175.1216,-6108.4736,-5.276449,2.564821,4.022376,1472.7155791971172,7.1132783930490175,0.0009068761253805091
COSMOS 1294,12643,1,891.7495,4853.4419,6022.696,-3.957071,-4.331845,4.107569,1415.140414598356,7.162081756921447,0.0009198500637739782
COSMOS 1294,12643,6,2275.657,-359.8372,-7453.4033,3.476115,6.19234,0.79523,1430.3664408617378,7.14568687543227,0.0009159532409610743
COSMOS 1294,12643,12,4422.9513,5121.8693,-3832.7785,0.468191,4.011012,5.928247,1406.2896537621918,7.172972366434573,0.0009222971865223914
COSMOS 1294,12643,24,-676.6946,2817.7889,7239.6363,-4.109121,-5.562108,1.813135,1427.0884595463567,7.14908241136791,0.000916773700177261
INTERCOSMOS 22,12645,1,763.3762,-3931.1249,5938.6129,0.871042,6.235768,4.037138,791.6537943818603,7.479438478029751,0.001044227278428055
INTERCOSMOS 22,12645,6,473.983,-5474.0624,4590.6433,1.078542,4.811152,5.631504,788.8900097150681,7.484936453630318,0.0010453982454303352
INTERCOSMOS 22,12645,12,-731.1487,4055.2946,-5968.1979,-0.913424,-6.12754,-4.022881,881.5429256134194,7.386789654209534,0.00101851029769462
INTERCOSMOS 22,12645,24,-1094.4158,220.8756,-7145.9459,-0.433873,-7.390722,-0.118506,861.63954443271,7.404394717561254,0.0010237472325384655
COSMOS 1295,12681,1,-1315.5849,-595.4527,7169.3389,7.065419,-1.8734,1.136291,942.3267266066068,7.397359693988255,0.0010114903887824304
COSMOS 1295,12681,6,-6118.2244,1013.4918,3910.203,3.698211,-1.703081,6.161595,960.406613920115,7.385289597375786,0.0010073496105581382
COSMOS 1295,12681,12,7038.7333,-1572.974,-1508.0744,-1.218535,1.220167,-7.145317,997.3310233145912,7.350455093706988,0.0009975739513397213
COSMOS 1295,12681,24,5934.7588,-2019.8128,3814.3763,3.96757,-0.22613,-6.216885,967.2881054931986,7.378509713012852,0.0010054810613785447
COSMOS 1299,12783,1,3637.9591,431.9284,6342.7828,2.677817,6.56609,-2.015162,953.7663583199164,7.371914246641302,0.0010064367770949898
COSMOS 1299,12783,6,973.896,-3954.8308,6110.1983,4.463191,5.215499,2.637668,972.2747014371953,7.353828676254703,0.0010014372300161183
COSMOS 1299,12783,12,74.6137,4958.0256,-5354.5524,-4.647581,-4.1849,-3.957428,926.8638284657527,7.400988686435414,0.0010141308279235654
COSMOS 1299,12783,24,2246.2687,6227.8514,-3063.0411,-4.164565,-1.427134,-5.957274,923.7979350610431,7.407389999470595,0.0010154345693207485
COSMOS 1302,12791,1,4204.7911,461.5316,5764.1253,-5.686657,2.869374,3.893568,778.7146856736781,7.465336345949123,0.0010441446511016553
COSMOS 1302,12791,6,4590.0716,230.441,5478.6308,-5.334968,2.93248,4.319547,780.0317990004905,7.4645702352267405,0.0010438452023482925
COSMOS 1302,12791,12,-1266.5891,-1658.0654,-6853.6377,7.003129,-2.430164,-0.719809,793.2011795996668,7.447659891134799,0.0010395659899030043
COSMOS 1302,12791,24,5296.3244,-2929.6867,-3846.8017,4.477675,0.296712,5.941816,800.610671900361,7.445991458121947,0.0010382592974959807
COSMOS 1304,12803,1,818.6882,2637.7535,-6791.7643,-0.391051,6.854412,2.651196,960.8521672450524,7.359668809176198,0.0010037939447354676
COSMOS 1304,12803,6,873.5703,-2312.7956,-6921.8825,0.238255,6.973765,-2.280459,979.1432571227951,7.3410256075654035,0.0009987595276393347
COSMOS 1304,12803,12,-789.8844,3594.7403,6277.654,-0.431944,-6.444526,3.644252,906.0196463609645,7.416135356323804,0.0010191171271651586
COSMOS 1304,12803,24,-516.5083,5826.2573,4330.1384,-0.745498,-4.452385,5.887713,906.5101176794487,7.41920911058571,0.0010194708067202858
COSMOS 1308,12835,1,-2108.9504,-2826.4571,6470.6064,5.24248,3.862327,3.397791,998.211539338623,7.34480429181132,0.000996687943154161
COSMOS 1308,12835,6,-5355.0383,-4759.8159,1704.4209,1.873791,0.41955,7.100812,993.6000027643395,7.3558579359259655,0.00099881296107934
COSMOS 1308,12835,12,5676.9966,4527.2573,1204.4847,0.352972,1.45679,-7.206077,989.3758361478358,7.360324182181991,0.000999992982156483
COSMOS 1308,12835,24,3762.3717,2129.4904,5964.6268,4.29933,4.206807,-4.221147,995.6100097623794,7.3484383089033285,0.0009975332343052001
AUREOLE 3,12848,1,2950.6947,-1712.9128,-6219.2265,6.330996,-1.319814,3.764946,722.6202133546858,7.48319702597279,0.0010549193219964996
AUREOLE 3,12848,6,4199.4697,-1960.085,-5267.4196,5.468228,-0.897272,5.154224,644.9239028731809,7.567868890522879,0.0010786703212991898
AUREOLE 3,12848,12,-7024.9724,1925.8623,-1222.7959,0.759644,-1.197574,-7.0459,1015.0958992135929,7.1872073368041915,0.0009730725724221131
AUREOLE 3,12848,24,1523.5915,-1413.7059,-6840.0868,6.844711,-1.789443,2.248657,777.893820871961,7.423518924837398,0.001038415048656009
COSMOS 1312,12879,1,-474.1974,4027.0355,-6752.8263,-1.078003,-6.067942,-3.544886,1505.7087752689376,7.109727655569445,0.0009026267008744011
COSMOS 1312,12879,6,1024.2689,40.0724,7804.0713,0.715981,7.075537,-0.132884,1500.1029361985002,7.112911554925029,0.0009036740610027323
COSMOS 1312,12879,12,1308.0195,4810.0119,6091.5104,0.017821,5.58423,-4.410393,1500.0627264575924,7.115863172896876,0.0009040536735881665
COSMOS 1312,12879,24,388.8822,7196.4492,-3175.3101,-1.153301,-2.780037,-6.447283,1504.4494909699906,7.115206743311047,0.0009034667483385374
COSMOS 1320,12975,1,3931.5698,-846.9132,-6892.7058,-4.192382,4.850307,-2.919692,1609.2190637826434,7.044582755780288,0.000882755560903254
COSMOS 1320,12975,6,-1795.0889,-1321.8679,7598.379,5.182823,-4.828614,0.454598,1547.6515475549631,7.098156574204953,0.0008963845083443084
COSMOS 1320,12975,12,795.0076,-3479.489,7106.922,5.354923,-3.91648,-2.439414,1581.8121503819484,7.068575287122929,0.0008888145669055502
COSMOS 1320,12975,24,5045.2476,-5677.6188,2533.0396,2.9606,-0.255767,-6.36658,1635.6327628152994,7.0259454890206055,0.0008775156419875733
COSMOS 1321,12976,1,-3249.4472,6407.4823,-3206.6319,-3.173177,1.481343,6.232623,1496.4789273628649,7.14905719777839,0.0009086846324957001
COSMOS 1321,12976,6,4351.7211,-6707.485,493.9579,1.8552,0.706554,-6.735893,1639.7319243863494,7.0223386490801625,0.0008766163585755116
COSMOS 1321,12976,12,4801.9884,-5775.0692,-2765.1065,0.087509,3.12643,-6.293551,1632.5199015723983,7.027873544649334,0.0008780978408348325
COSMOS 1321,12976,24,3159.4399,-1052.8795,-7221.8057,-3.130568,5.955036,-2.165895,1581.6783722079917,7.0678151443671045,0.0008887339351062914
COSMOS 1322,12977,1,-3429.8982,4257.5118,5714.0057,0.719292,-5.417025,4.547296,1537.2532539831427,7.109109771518865,0.0008989481675916519
COSMOS 1322,12977,6,2965.4271,-2040.619,-7069.951,-1.707574,6.407825,-2.492604,1562.6051660626772,7.084426927911459,0.0008929643938188757
COSMOS 1322,12977,12,1860.102,1236.0837,-7579.9421,-2.64812,6.582523,0.483333,1531.1139325602044,7.111663614711961,0.0008999697644713476
COSMOS 1322,12977,24,-1066.5903,6495.5445,-4304.5632,-2.923222,3.253768,5.655519,1494.0478423420018,7.149624341073382,0.0009090376160947058
COSMOS 1323,12978,1,2110.1541,1011.2733,-7526.1981,-0.620184,7.05518,0.816217,1510.5659518577468,7.129263862233254,0.0009045491601263364
COSMOS 1323,12978,6,-1731.9605,-3980.1838,6712.6768,1.24402,-6.098957,-3.268557,1622.846388103847,7.030528224144898,0.000879492534983844
COSMOS 1323,12978,12,-988.9776,-6570.5692,4452.9523,1.760025,-3.99426,-5.509735,1627.7024254791277,7.029152204814603,0.0008787865619833397
COSMOS 1323,12978,24,850.9663,-7645.2648,-2078.1063,1.803842,2.025668,-6.516021,1597.2333863883796,7.058024261762565,0.0008857702729715892
COSMOS 1324,12979,1,806.9416,-3873.5215,-6822.7658,2.783721,5.859275,-2.946023,1516.043598105849,7.124553154268344,0.0009033236681967087
COSMOS 1324,12979,6,-1972.1683,1052.2405,7665.9508,-2.288487,-6.64383,0.348263,1614.2025360278603,7.0355480906065875,0.0008810732174748736
COSMOS 1324,12979,12,-2923.6682,-2346.0658,7058.1224,-1.326025,-6.369305,-2.665511,1620.8053213903204,7.030742306099051,0.0008797439406189045
COSMOS 1324,12979,24,-3055.3706,-7098.1716,1940.1301,1.20923,-2.267325,-6.573145,1596.6492374675308,7.057565801290839,0.0008857776730560548
COSMOS 1325,12980,1,4671.3653,5365.2219,-3430.9886,0.317938,3.684825,6.081804,1527.0340956223827,7.1181008525367915,0.0009012496991475535
COSMOS 1325,12980,6,-4536.1453,-6461.9115,824.0773,1.232198,-1.663302,-6.774401,1567.010948148134,7.08360038138862,0.0008923646525130026
COSMOS 1325,12980,12,-3465.2251,-6587.2941,-2674.893,2.937305,1.108599,-6.377778,1538.1896623493494,7.108642952287729,0.0008987827142554797
COSMOS 1325,12980,24,560.7369,-2895.2097,-7294.8288,4.31001,5.401845,-1.79448,1497.3665585244016,7.1397670882547,0.0009074014327051967
COSMOS 1326,12981,1,-7000.9068,-3281.4296,1633.3846,-0.383712,-2.394094,-6.687892,1531.4313659505806,7.11384708743757,0.0009002099174298679
COSMOS 1326,12981,6,6653.663,4097.4445,1567.3363,-2.144286,1.009305,6.643649,1598.744401512945,7.05370335838005,0.0008850601729512181
COSMOS 1326,12981,12,4839.4303,4139.0476,4813.7457,-4.602184,-0.732939,5.276416,1611.7281256405286,7.039734579700644,0.0008818707675999902
COSMOS 1326,12981,24,-1366.2695,1766.5532,7650.0816,-6.200266,-3.329165,-0.373923,1598.3883731261994,7.047443258225638,0.0008843141942975852
COSMOS 1327,12982,1,-4703.6279,-1561.663,-6115.6458,5.699296,-1.402699,-4.058265,1500.7234642919884,7.135758837744028,0.0009065052742405814
COSMOS 1327,12982,6,1990.8303,2042.0339,7424.5821,-6.839321,0.769501,1.575389,1582.472643555625,7.060474065624985,0.0008877221789837674
COSMOS 1327,12982,12,-1830.6381,2219.0997,7386.2719,-6.871889,-0.135851,-1.716796,1555.7049845721713,7.0843985226791135,0.0008937381341260401
COSMOS 1327,12982,24,-7375.939,1185.4095,2498.0651,-2.436799,-1.709549,-6.483988,1506.182304495007,7.134609136732439,0.0009057311181767586
COSMOS 1328,12987,1,1156.1724,32.68,6727.2359,-4.951933,5.762256,0.826807,454.9435578658695,7.64256792323588,0.0011196353820460431
COSMOS 1328,12987,6,-3772.6168,4886.4084,2949.1568,-2.875103,1.915103,-6.807185,470.57514043506217,7.633583980375339,0.001115764107487375
COSMOS 1328,12987,12,323.2676,984.8215,6747.9161,-5.05909,5.697082,-0.581021,456.0599104381108,7.641251229037363,0.0011192594366067315
COSMOS 1328,12987,24,3734.1061,-4954.8985,-2885.7569,2.788139,-1.872197,6.853832,471.6720217512302,7.6324212262134745,0.0011154153234221688
RADIO 3,12997,1,2363.9591,-5725.8653,-5032.8919,2.699523,-3.611919,5.444802,1610.4683446908766,7.069600562216651,0.0008857518763347871
RADIO 3,12997,6,-2984.8611,6528.0578,3555.736,-2.181142,2.45236,-6.234319,1639.5051606081643,7.045437061497676,0.0008795246891723843
RADIO 3,12997,12,-3470.2339,7010.8286,1776.9594,-1.494789,1.026168,-6.798805,1650.958968265515,7.036417010579319,0.0008771444778532335
RADIO 3,12997,24,-3832.1389,6783.2826,-1976.7271,0.060895,-1.913221,-6.756494,1666.7647022185456,7.0224165333524615,0.000873677793953606
RADIO 8,12998,1,-4942.8134,3164.2228,-5504.6879,-4.640074,1.5664,5.052665,1675.4463654252868,7.036570136629138,0.0008744941328217288
RADIO 8,12998,6,5093.667,-3226.3703,5326.7828,4.496019,-1.485377,-5.206515,1674.466041068531,7.037636686112391,0.0008747332535105339
RADIO 8,12998,12,5293.5169,-3306.1121,5076.6123,4.305335,-1.377933,-5.39465,1674.1035315192375,7.038242496334863,0.000874847970415834
RADIO 8,12998,24,5664.8927,-3451.3601,4550.716,3.903751,-1.153322,-5.743202,1673.3714456159541,7.039445483735847,0.0008750771308020871
RADIO 5,12999,1,-3840.3413,6109.6492,3514.824,0.821481,-3.11459,6.272984,1655.8314046404594,7.051654427559323,0.0008785103451260521
RADIO 5,12999,6,3764.915,-5870.7756,-4018.5969,-1.032421,3.453791,-6.037312,1678.2056842566753,7.031621546860013,0.0008735795583672386
RADIO 5,12999,12,3654.0925,-5571.0784,-4518.5961,-1.263977,3.826896,-5.760299,1679.2805697961876,7.0302073526138615,0.000873287246532806
RADIO 5,12999,24,3377.7935,-4880.2781,-5441.5417,-1.699558,4.510764,-5.113814,1681.1412888014293,7.027558814101522,0.000872756520538847
RADIO 4,13000,1,427.0378,-7988.2193,786.3056,0.902181,-0.633543,-6.952999,1667.17674377173,7.039851019986929,0.0008758019690773359
RADIO 4,13000,6,-496.2874,8007.75,-109.0201,-0.868995,0.045165,6.9986,1652.8548483944278,7.05248850741708,0.000878940190303702
RADIO 4,13000,12,-573.576,7974.427,685.8987,-0.822702,-0.655024,6.97311,1653.3960790059882,7.051961294099677,0.0008788152061124618
RADIO 4,13000,24,-711.6914,7671.543,2247.2588,-0.715933,-2.02893,6.714138,1654.537288173322,7.050444389429152,0.0008785012312906331
RADIO 7,13001,1,2649.2874,5227.0093,5468.2058,-3.207213,-3.712428,5.067049,1644.087312140704,7.052894615046648,0.0008799523124799161
RADIO 7,13001,6,-2200.917,-4681.522,-6139.975,3.455765,4.202523,-4.467529,1657.6970847079547,7.040051609654221,0.0008768610317934674
RADIO 7,13001,12,-1675.7694,-4010.1708,-6754.0314,3.689452,4.694262,-3.723684,1660.6009038880266,7.03661668110492,0.00087611632665893
RADIO 7,13001,24,-538.5433,-2481.6495,-7625.107,3.969192,5.424475,-2.061601,1665.8445230870393,7.030619662710393,0.0008747985160735516
RADIO 6,13002,1,-6769.0975,3672.1787,2003.8554,-1.987574,0.05645,-6.813036,1586.4502092912335,7.09725979130481,0.0008919012503550381
RADIO 6,13002,6,7118.0729,-3681.6799,-675.6076,0.91101,0.500493,6.945441,1671.2742010550837,7.022790267951193,0.0008732343728133341
RADIO 6,13002,12,7171.5612,-3503.0036,966.7501,-0.386285,1.153131,6.918928,1668.7095732873595,7.024990524802862,0.0008737866039519648
RADIO 6,13002,24,6375.5396,-2708.405,4059.0205,-2.872742,2.305239,5.991348,1657.6119755916343,7.032995400452712,0.0008759914443286376
COSMOS 1331,13027,1,1962.7277,1481.3896,6711.4884,-0.237072,7.293227,-1.552768,776.7892886311374,7.460459212979922,0.0010437435844459068
COSMOS 1331,13027,6,1977.9611,1204.9462,6762.4815,-0.11105,7.346962,-1.28897,777.1033495501379,7.460001768957163,0.0010436337310968866
COSMOS 1331,13027,12,-1625.378,-4907.0245,-4938.2331,1.190307,-5.429477,4.980308,777.9082548610086,7.46321103966932,0.0010439651445512113
COSMOS 1331,13027,24,300.6269,-6724.9685,2437.5571,2.068012,2.523048,6.70413,788.417746909051,7.455722895826266,0.001041386766269525
COSMOS 1333,13033,1,5125.9921,3574.4302,-3947.9274,-3.792283,-1.346324,-6.12724,1020.7844272952934,7.3305571877358,0.000991716852654225
COSMOS 1333,13033,6,6221.5744,3310.0137,2217.7186,1.498442,1.86671,-6.934562,1016.9939427228164,7.336081023496673,0.0009929733403101558
COSMOS 1333,13033,12,-4981.2808,-2174.2206,-4954.9181,-3.982385,-3.07403,5.38048,983.6996542089064,7.36604478397498,0.001001542568738287
COSMOS 1333,13033,24,-233.9054,909.2179,-7313.2183,-6.389186,-3.611926,-0.22091,1002.232047703671,7.34278614697255,0.0009958707524008277
COSMOS 1339,13065,1,7271.0331,720.1685,619.2255,-0.697131,0.850764,7.305566,961.8033677126587,7.387901298421155,0.0010075138972021397
COSMOS 1339,13065,6,5288.7423,-181.5975,-5076.7692,5.068385,1.090539,5.256712,962.304731012081,7.383144510958052,0.0010067963601369519
COSMOS 1339,13065,12,-3037.6827,586.5361,6695.617,-6.669473,-0.913879,-2.919202,1004.8272616142185,7.337491754078774,0.0009948025480836634
COSMOS 1339,13065,24,2571.6177,1045.8978,6811.586,-6.861629,-0.189992,2.648241,984.5981156119542,7.357392873007801,0.0010002439988383864
COSMOS 1344,13110,1,-715.6126,-867.3631,7257.1935,1.836709,-7.10545,-0.685202,972.7917751637415,7.370917272225012,0.001003693663694688
COSMOS 1344,13110,6,-1853.1199,4888.6022,5187.5952,0.620909,-5.241543,5.120737,994.0274128942583,7.353995405920445,0.0009985021091768783
COSMOS 1344,13110,12,1921.2264,-6546.7969,-2744.1877,0.177334,2.871533,-6.783248,983.0619158896034,7.368147836949867,0.0010019153933188718
COSMOS 1344,13110,24,1112.4685,-6518.8104,3185.5774,1.53079,-2.967355,-6.583136,969.3255081795369,7.381476364157851,0.0010056061350320852
METEOR 2-8,13113,1,4699.2971,-2253.1983,-5172.6921,-4.009259,3.414913,-5.135582,971.8223030789541,7.355949361256778,0.0010017877401407793
METEOR 2-8,13113,6,6155.3462,-3956.1139,-513.4175,0.102782,1.073444,-7.288913,964.0338486563169,7.368249377038551,0.001004528340164145
METEOR 2-8,13113,12,-5917.2916,4111.9622,-1286.1116,-1.596427,-0.075981,7.2085,948.6076439460849,7.383550943055109,0.001008735891624179
METEOR 2-8,13113,24,-4501.3469,3718.3019,-4428.2708,-4.143402,1.864414,5.805636,956.8561129307027,7.3721929614936155,0.001006050452940073
COSMOS 1349,13127,1,5474.8242,2244.3367,4360.3639,3.563045,2.677907,-5.87021,979.0694271752118,7.370606556910632,0.001002794140917838
COSMOS 1349,13127,6,772.8999,-619.1222,7296.9007,6.493112,3.421348,-0.417665,992.7929343249016,7.351229124022254,0.000998293839816695
COSMOS 1349,13127,12,1885.6084,1923.5182,-6844.1408,-6.278492,-2.870372,-2.554406,984.1141795424528,7.360943365172972,0.0010007925350291275
COSMOS 1349,13127,24,5958.2521,3381.7616,-2651.5118,-2.771641,-0.454602,-6.820761,975.2639778276553,7.376410877276698,0.001004103704895445
COSMOS 1354,13148,1,1141.2687,3151.2342,-6341.4378,-5.932827,-3.510511,-2.809321,801.6288486243429,7.444085449139537,0.001037846179726316
COSMOS 1354,13148,6,1737.6017,3466.1321,-6034.561,-5.803438,-3.122803,-3.462706,801.8138038857733,7.444603685831033,0.0010378916683712075
COSMOS 1354,13148,12,1181.2815,-1573.2487,6873.6123,6.003091,4.440064,-0.009878,778.6212140927591,7.4666838324159,0.0010443467715042264
COSMOS 1354,13148,24,5556.069,2695.3578,3625.8781,2.194851,3.708597,-6.090739,790.1345748311041,7.461110117585117,0.0010418893877247222
COSMOS 1357,13160,1,-4346.2215,175.0061,6533.6426,4.99686,-3.738631,3.404569,1478.124415285709,7.108942374891078,0.0009056987759101932
COSMOS 1357,13160,6,-492.0922,2643.8889,-7326.6966,-6.359391,2.92434,1.449485,1433.6643949176705,7.148050439924581,0.0009158690339816955
COSMOS 1357,13160,12,-5635.7294,4186.3562,-3481.6915,-3.745249,0.054028,6.060249,1465.402223244737,7.124354499797578,0.0009091358887455972
COSMOS 1357,13160,24,-3133.2534,-607.1044,7165.7208,5.617536,-3.818397,2.108743,1473.3232470789708,7.11221930208525,0.0009066708596861638
COSMOS 1358,13161,1,3462.9553,6438.3247,-2858.6566,-3.034821,-1.200405,-6.324357,1478.586097951391,7.116783130706949,0.0009066443812323186
COSMOS 1358,13161,6,-448.1734,-3995.541,6711.133,4.376581,4.695908,3.11722,1452.3313506994937,7.136040479315192,0.0009121485668221313
COSMOS 1358,13161,12,3289.9089,1157.2783,7028.5924,3.262718,5.823285,-2.462158,1475.2669314322884,7.114646790650467,0.0009067556396977858
COSMOS 1358,13161,24,3310.6739,6231.7363,-3432.0215,-3.325111,-1.612662,-6.084398,1475.9019722015855,7.1187738347954985,0.0009072082026785154
COSMOS 1359,13162,1,1721.1322,-4399.724,-6270.2963,4.869635,-3.506539,3.823621,1479.8905874331567,7.115422569558818,0.0009063204346457718
COSMOS 1359,13162,6,-4716.3487,5878.7164,2159.489,-2.787413,0.2113,-6.558717,1469.0666012950205,7.1295923872727816,0.0009093790588583925
COSMOS 1359,13162,12,-5451.5433,4254.9201,-3736.5018,1.151356,-3.721654,-5.947748,1489.3508261757725,7.109995457520069,0.0009045392012075411
COSMOS 1359,13162,24,1446.3957,-4302.2609,-6406.129,4.836464,-3.745792,3.633311,1480.1144519289937,7.115004606694292,0.000906241355957581
COSMOS 1360,13163,1,-414.0362,-2592.224,-7400.8682,6.389092,2.820053,-1.362436,1481.6365861955992,7.115435851820252,0.0009061206097743915
COSMOS 1360,13163,6,-3890.0979,216.8032,6782.4618,-5.370424,-3.658022,-2.969997,1450.8701962877076,7.144470664245812,0.000913396730571751
COSMOS 1360,13163,12,-6928.453,-2642.0742,2495.1766,-1.306581,-2.720155,-6.479572,1452.6770969092413,7.147814381807211,0.0009136131633846403
COSMOS 1360,13163,24,-1486.012,-2978.865,-7109.6907,6.322425,2.314445,-2.309843,1479.450318423491,7.117941291082626,0.0009066921007548054
COSMOS 1361,13164,1,-1748.8915,-1645.1251,7478.3232,2.262505,-6.682337,-0.941897,1483.322119513593,7.117564654796119,0.000906197192640337
COSMOS 1361,13164,6,-21.4759,5655.0851,-5442.5831,-2.742085,4.559811,4.740023,1477.704320009031,7.1259192069146415,0.0009079102634492468
COSMOS 1361,13164,12,-2035.025,7573.9933,-413.5859,-1.992194,-0.157212,6.839221,1482.5186098810955,7.1252015012504035,0.0009072623183557059
COSMOS 1361,13164,24,-2330.8213,383.4605,7491.0168,1.620327,-6.877454,0.854798,1483.6230072153166,7.117268628473215,0.0009061247907041799
COSMOS 1362,13165,1,-5091.3338,1042.1909,-5902.9875,-5.340877,-1.934079,4.284097,1493.6743836106461,7.114711224834006,0.0009046415500253255
COSMOS 1362,13165,6,7561.3004,329.3887,2147.1014,1.787386,2.116303,-6.554926,1496.1344895463562,7.116216829628015,0.0009045500415791618
COSMOS 1362,13165,12,7006.5265,1747.6768,-3147.0999,-3.138224,1.417057,-6.216543,1506.1838605583216,7.106469396702838,0.0009021586295941992
COSMOS 1362,13165,24,-2450.5483,1826.2578,-7252.428,-6.71046,-1.288779,1.95637,1499.0772815695864,7.107644356560126,0.0009031225618590873
COSMOS 1363,13166,1,-1895.3207,2663.4931,-7162.0021,-1.043147,-6.672225,-2.221208,1501.7828707516446,7.109184699633144,0.0009030078456811807
COSMOS 1363,13166,6,2220.0906,1695.4213,7339.1933,-0.007117,6.942227,-1.611852,1481.8347716902172,7.126895063147907,0.000907556986789108
COSMOS 1363,13166,12,1743.4151,6166.9233,4533.5574,-1.260521,4.388459,-5.480832,1479.068910403632,7.133512809152725,0.0009087197692874694
COSMOS 1363,13166,24,-965.8847,5936.0985,-5068.3481,-1.845797,-4.625391,-5.087626,1494.008017679953,7.1193501658484255,0.0009051929953338453
COSMOS 1364,13167,1,4530.6176,-2040.4926,-6092.9393,5.813051,0.787207,4.043771,1491.188957381335,7.12483969573288,0.0009062157796454126
COSMOS 1364,13167,6,-7183.1928,1346.5253,2963.514,-2.882899,-1.607378,-6.293482,1515.3048643650545,7.10652421113226,0.0009011221774146344
COSMOS 1364,13167,12,-7649.0558,33.5023,-1870.8715,1.629745,-2.02412,-6.626394,1503.6007648090435,7.117740370557288,0.0009038858709340411
COSMOS 1364,13167,24,-291.5673,-2147.6913,-7553.2265,7.096909,-0.638112,-0.092279,1487.0417389338945,7.126136379039206,0.0009068590643559007
OPS 6553,13172,1,3349.6392,3849.1862,-4694.5524,-2.516523,-4.531352,-5.527007,562.6238294843224,7.577192444136681,0.001092818507389407
OPS 6553,13172,6,493.6559,-558.6906,-6899.9888,-4.386931,-6.159923,0.179337,569.1496218927887,7.564520918356892,0.0010899651060107575
OPS 6553,13172,12,4024.5633,5592.1279,-710.9962,0.202581,-1.083092,-7.509414,555.3641112837649,7.589823842845169,0.0010957875908487917
OPS 6553,13172,24,-3974.4111,-5420.6366,1693.1632,0.439808,1.981644,7.306951,560.5255436950538,7.583658545583457,0.0010940821753851267
COSMOS 1365,13175,1,-1261.7985,2943.2875,6533.7021,-7.282554,-1.039005,-0.914242,905.2861333102428,7.4128916481697615,0.0010187740713266003
COSMOS 1365,13175,6,3440.4067,2916.3261,5702.7292,-6.519982,1.084545,3.372725,899.6586023192385,7.420355588715005,0.0010205891920641158
COSMOS 1365,13175,12,-4483.8884,-2687.1993,-5158.4272,5.799921,-1.596839,-4.218178,973.0905794573973,7.347244656185474,0.0010004294713816437
COSMOS 1365,13175,24,-6127.7266,-1906.093,-3563.5678,4.025033,-2.459888,-5.64087,969.3841366915804,7.353322649016089,0.001001762647851062
COSMOS 1371,13241,1,6851.8784,469.4837,2036.0507,-2.190075,1.992903,6.848015,792.3899102256564,7.460790863793128,0.0010415167898571228
COSMOS 1371,13241,6,7035.2856,220.5691,1339.5957,-1.420603,2.04256,7.032316,794.0827518529513,7.459465970233056,0.0010410858085768758
COSMOS 1371,13241,12,-5487.5372,-1110.8322,-4477.4174,4.781108,-1.707929,-5.454914,797.9803509120766,7.4519864414866595,0.001039476477368023
COSMOS 1371,13241,24,900.2731,-1999.3178,-6833.266,7.373196,-0.064482,0.987161,805.4397542748484,7.439265018982789,0.00103662334997676
COSMOS 1372,13243,1,-5003.7928,-2005.13,4996.8938,-2.198505,-5.45931,-4.39916,979.3357984999757,7.34779549366509,0.0009996543960841349
COSMOS 1372,13243,6,-2385.0657,2012.6457,6651.1694,-4.963411,-5.416774,-0.125627,975.9269422351917,7.347970567791219,0.001000142049262805
COSMOS 1372,13243,12,1156.0458,-3179.1649,-6465.0575,5.458763,4.804927,-1.363722,925.6087898006363,7.398996868412772,0.0010140322828812278
COSMOS 1372,13243,24,-1368.3414,-4871.9417,-5272.0354,5.503502,2.852895,-4.023374,936.703563637896,7.390201789457782,0.0010112892135130365
COSMOS 1375,13259,1,-6997.0428,-2211.0781,-184.1005,0.74129,-2.927122,6.716599,969.3928575677546,7.364119512459382,0.0010032323412863613
COSMOS 1375,13259,6,-5738.7549,317.9904,-4551.6502,-4.121603,-3.626155,4.916598,960.5718123691731,7.369501154571997,0.0010051734257228214
COSMOS 1375,13259,12,4545.632,-1239.8699,5605.0387,5.42968,3.385262,-3.671285,951.3293067744289,7.376974804231678,0.001007462857127539
COSMOS 1375,13259,24,1494.4694,-2682.7671,6654.2928,6.975414,2.279623,-0.663105,957.730501833903,7.368364115225984,0.0010054079780095835
COSMOS 1383,13301,1,2389.9541,5095.466,4742.1633,-3.069616,-3.752162,5.550728,988.6037339743843,7.3696569385341135,0.0010013659980785813
COSMOS 1383,13301,6,3908.5169,6020.7447,-1725.0172,0.133732,1.913458,7.095313,1011.5168770859937,7.350011723361876,0.0009955970092225582
COSMOS 1383,13301,12,-3396.1975,-4398.1261,4844.2437,-1.977765,-4.526262,-5.45261,1000.8632431358328,7.35727924575172,0.000998021667398986
COSMOS 1383,13301,24,-143.3893,1464.0126,7205.4091,-3.960456,-6.105597,1.165559,983.0338374715175,7.370349668558881,0.0010022186233362468
COSMOS 1386,13353,1,5911.3347,-3626.0442,2426.536,2.543286,-0.438269,-6.904562,976.1185804418419,7.371116591534895,0.0010032663160163136
COSMOS 1386,13353,6,2045.6887,-2099.0479,6753.8671,6.092007,-3.00931,-2.800351,991.442879117265,7.349181021539066,0.0009981987150466303
COSMOS 1386,13353,12,299.6909,863.4688,-7282.151,-6.430124,3.60073,0.145778,968.2858093221339,7.371092348733667,0.001004333737673921
COSMOS 1386,13353,24,4623.8572,-1879.1983,-5372.847,-4.428132,3.233807,-4.941013,962.4116577568275,7.381020944885742,0.001006492106177969
COSMOS 1388,13375,1,-2554.7322,2972.5938,6796.7979,0.374066,-6.450529,2.963611,1474.9819147739363,7.108603232106713,0.0009060183045695347
COSMOS 1388,13375,6,1585.5522,2660.2541,-7141.2017,-1.830823,6.620431,2.037494,1412.8094385445056,7.164733162032344,0.0009204661571689347
COSMOS 1388,13375,12,-536.1375,7312.5754,-2697.854,-2.264992,2.229764,6.397783,1441.7855854942936,7.14378496112873,0.0009143710502426084
COSMOS 1388,13375,24,-2308.1847,842.7245,7450.2846,0.871344,-6.975926,1.051206,1474.0393124070133,7.108292198429099,0.0009060875179028433
COSMOS 1389,13376,1,-4308.5257,1446.9588,-6349.0319,-5.91611,-1.581042,3.686601,1437.1553227171107,7.147802338555886,0.0009154277858382263
COSMOS 1389,13376,6,7576.4277,37.3724,2062.5404,1.794592,2.037816,-6.573415,1481.2433922568407,7.112175423774712,0.0009057507604499479
COSMOS 1389,13376,12,6457.7687,1688.2651,-4135.8318,-4.022285,1.328882,-5.710971,1481.2684816853362,7.110548062842272,0.0009055406191760947
COSMOS 1389,13376,24,-5311.3895,1253.7006,-5577.0341,-5.205613,-1.665488,4.615583,1431.9438654724036,7.153730733945889,0.0009167989488686127
COSMOS 1390,13377,1,-1044.7686,5948.2077,-5016.0177,-1.776935,-4.60729,-5.122131,1479.6783042357902,7.114832754147212,0.0009062698124197043
COSMOS 1390,13377,6,2029.5312,-1371.0805,7403.1158,0.811469,7.031472,1.075026,1426.7549446916655,7.159312908751859,0.0009181248910143776
COSMOS 1390,13377,12,2045.8314,4767.4871,5832.3715,-0.80099,5.652694,-4.312017,1434.8258166516007,7.154580703718772,0.0009165693511193172
COSMOS 1390,13377,24,-1007.6476,5727.8404,-5275.48,-1.83858,-4.815212,-4.902261,1481.0187572405812,7.113283765847178,0.0009059178264554967
COSMOS 1391,13378,1,6379.5355,-2956.9511,-3503.5176,3.662553,0.714283,6.058324,1484.9957088240071,7.115320398328806,0.000905718468040498
COSMOS 1391,13378,6,-7470.6525,1855.0716,-1401.7188,0.703588,-2.234344,-6.750732,1453.113688537268,7.14560786216988,0.0009132801677765197
COSMOS 1391,13378,12,-4635.2772,-449.3732,-6299.357,5.369442,-2.79895,-3.768323,1462.8770482544005,7.131990376198849,0.0009104036650394008
COSMOS 1391,13378,24,6014.5615,-3139.6853,-3960.125,4.06657,0.435448,5.82206,1484.8999380047699,7.114983427191098,0.0009056866155805635
COSMOS 1392,13379,1,-2135.1671,536.232,7530.5916,-2.957887,-6.468777,-0.377279,1474.7818698162237,7.122956606939215,0.000907870843866076
COSMOS 1392,13379,6,3677.4109,3812.2795,-5786.9932,1.24106,5.473772,4.391316,1474.133281876433,7.126434314819719,0.0009083891960488385
COSMOS 1392,13379,12,3631.2061,6911.0101,-792.3787,-1.423737,1.53078,6.815401,1476.0110454358937,7.128815136077663,0.0009084752264015278
COSMOS 1392,13379,24,-1429.0542,1923.7014,7470.8068,-3.41214,-6.181778,0.938853,1474.748990748165,7.123097891822982,0.0009078926562935744
COSMOS 1393,13380,1,1379.8908,-3214.4866,7018.2197,6.028526,-2.877426,-2.497475,1470.7109407942526,7.131625866082502,0.0009094476855786999
COSMOS 1393,13380,6,-4918.5268,4481.4083,-4190.7478,-4.205537,0.699124,5.697114,1492.6692044383435,7.1156464045609376,0.0009048761105750464
COSMOS 1393,13380,12,-6739.9486,3878.6925,1111.2893,-0.138326,-2.206478,6.773569,1484.3247258463289,7.125230960784429,0.0009070574685907411
COSMOS 1393,13380,24,-830.8069,-2032.5444,7527.0284,6.033219,-3.785833,-0.356216,1469.76739723004,7.1315603372968805,0.0009095487693993185
COSMOS 1394,13381,1,-4030.1382,-6086.5011,2938.2831,3.161509,0.949646,6.303875,1497.9908582451708,7.11588411218325,0.0009042943676478145
COSMOS 1394,13381,6,1443.9714,4478.9583,-6293.9678,-4.67185,-3.815651,-3.785221,1487.7627222479305,7.12132522745184,0.0009061636645793585
COSMOS 1394,13381,12,-2233.0835,702.5879,-7502.8456,-4.43974,-5.506296,0.801804,1488.5791091277915,7.118530505773786,0.0009057139583348195
COSMOS 1394,13381,24,-5272.6472,-5829.9997,-348.47,1.248911,-1.542712,6.835134,1497.3630024655022,7.117499265811062,0.0009045717976637374
COSMOS 1395,13382,1,187.0505,2575.465,7437.5198,-5.692832,4.074635,-1.24683,1502.0368112417264,7.11094730766225,0.0009032025987111724
COSMOS 1395,13382,6,3086.9177,-4547.9244,-5621.3263,4.945686,-2.289902,4.587433,1491.0599467162765,7.123763240709857,0.0009060937323029721
COSMOS 1395,13382,12,5777.9507,-5167.6194,-1269.9907,2.148288,0.748073,6.761381,1484.0544831320767,7.133794752544679,0.0009081789016058095
COSMOS 1395,13382,24,3628.4828,-424.1783,6961.8888,-4.547117,4.782345,2.677685,1491.1695684875785,7.121593478284127,0.0009058051236681844
KIKU 4 (ETS 3),13492,1,-4271.2004,-4984.43,3367.4961,5.778675,-2.292307,3.919944,1006.5148434534085,7.349402499592059,0.000996189456143718
KIKU 4 (ETS 3),13492,6,-7214.0598,-1277.9346,-895.4924,0.306331,-5.295609,5.08451,1009.8998284972658,7.347758522334685,0.000995509855582293
KIKU 4 (ETS 3),13492,12,6645.2402,-1191.2853,2945.4885,2.832522,5.300025,-4.251965,994.750503874292,7.361565882496333,0.000999431881194488
KIKU 4 (ETS 3),13492,24,1982.5807,-4887.0733,5148.2545,6.970967,2.283219,-0.527173,999.1177784588781,7.354276394654949,0.0009978505928561645
COSMOS 1410,13589,1,-2413.7174,292.3654,7476.7403,5.758692,-3.682701,1.99845,1491.1342349150982,7.12170082275049,0.0009058228478373717
COSMOS 1410,13589,6,-1238.894,1870.9149,-7561.7233,-6.027788,3.286914,1.803143,1516.6384407527767,7.098546083163017,0.0008999583508401216
COSMOS 1410,13589,12,-5045.6901,3718.6787,-4782.5331,-4.101447,1.594751,5.579246,1513.1729250231,7.105848589318943,0.0009012801541638083
COSMOS 1410,13589,24,-5670.8047,2690.8326,4744.0222,3.344353,-2.857522,5.599311,1496.9319176552162,7.120562663428642,0.0009050107115759965
COSMOS 1412,13600,1,5022.7971,-3671.3849,3866.3101,4.926826,0.974796,-5.399893,954.0195618222369,7.374461748991651,0.001006749768618654
COSMOS 1412,13600,6,639.3342,-3432.6215,6409.2085,7.016612,-1.721904,-1.585041,927.6020701243979,7.396631146369339,0.001013431212621689
COSMOS 1412,13600,12,1000.4148,2964.6124,-6646.0662,-6.906318,2.508837,0.108099,974.7438281684754,7.348685379269819,0.0010004004429190769
COSMOS 1412,13600,24,3807.8407,1571.9343,-6092.3365,-5.789686,3.64601,-2.660715,983.3995179297435,7.341202708679348,0.0009982055898352785
COSMOS 1417,13617,1,-3479.5445,3991.021,-5083.7565,2.365741,-4.619117,-5.242003,969.3037199569271,7.376419713572364,0.0010049202315044873
COSMOS 1417,13617,6,-4043.8511,6103.6109,616.2005,-1.086629,0.000412,-7.292895,976.5506662948746,7.3734035719205,0.0010035185746651901
COSMOS 1417,13617,12,3323.9966,-5674.2274,-3320.6433,2.538257,-2.338138,6.491931,995.9859447101708,7.352197359555441,0.00099799258675587
COSMOS 1417,13617,24,520.5478,-2336.4689,-6950.1492,4.107566,-5.698819,2.202872,979.8251805503232,7.362151960364646,0.001001540885483754
COSMOS 1420,13648,1,2994.5077,-6489.8724,140.9095,1.80302,1.009175,7.181672,777.8023906687549,7.472999934203734,0.0010453499097916247
COSMOS 1420,13648,6,2810.9218,-6563.3612,-381.1695,2.038671,0.477714,7.172191,779.1245999710345,7.471593796006178,0.0010449599432206323
COSMOS 1420,13648,12,-3387.025,5422.3253,-3248.4942,-0.258587,-3.933008,-6.319186,800.2108166667877,7.447652708553816,0.0010385488446727216
COSMOS 1420,13648,24,-1856.7396,-689.1187,-6893.2308,2.849974,-6.87191,-0.072459,801.098534387721,7.439808408518125,0.0010373265750389274
METEOR 2-9,13718,1,-1871.5191,-3414.518,-6096.085,4.706078,4.228053,-3.86057,862.5170727118502,7.411315877615324,0.0010245798555690443
METEOR 2-9,13718,6,-3252.4462,-4538.3146,-4578.6827,3.857926,2.875487,-5.658066,849.7368709673174,7.427363554384624,0.001028615733699991
METEOR 2-9,13718,12,2390.5516,3818.9203,5623.9986,-4.538575,-3.838583,4.475231,835.125828960844,7.440502333974164,0.0010325246201046588
METEOR 2-9,13718,24,117.5523,1682.5682,6985.2398,-5.209115,-5.176847,1.299562,814.9884048327394,7.458115401123664,0.0010378691115209583
OPS 9845 (DMSP 5D-2 F6),13736,1,-2770.2672,3975.3679,5268.8449,-1.714882,5.343638,-4.923254,787.11824993149,7.465501811498274,0.0010429419507801125
OPS 9845 (DMSP 5D-2 F6),13736,6,-2534.5948,3237.8477,5858.182,-2.109374,5.84545,-4.136448,786.2428262359754,7.465182277150371,0.0010430248712235382
OPS 9845 (DMSP 5D-2 F6),13736,12,3203.3316,-5403.3896,-3477.2523,0.715942,-3.700684,6.421362,808.7796670094285,7.445906590218817,0.0010370661685388791
OPS 9845 (DMSP 5D-2 F6),13736,24,2515.4218,-6061.4566,2887.5087,-2.264878,2.282898,6.727927,798.8193448771426,7.456963011214217,0.0010400489402208216
COSMOS 1428,13757,1,-235.8516,6063.4048,4103.8131,-0.940633,-4.148722,6.043099,954.4205139102578,7.39024561146475,0.001008849334646577
COSMOS 1428,13757,6,557.5323,7120.5051,-1721.8789,-0.801236,1.751836,7.114801,975.9246689301581,7.370976988716828,0.0010032737942568524
COSMOS 1428,13757,12,-819.995,-6061.2329,4077.6931,0.537038,-4.179046,-6.040173,980.0895169257064,7.364545142334929,0.0010018304260039606
COSMOS 1428,13757,24,-976.7521,-1620.5734,7080.0115,-0.211267,-7.191483,-1.650895,957.4968206156855,7.381565943998807,0.001007241474572771
COSMOS 1429,13761,1,-4922.736,6032.0568,-1019.4132,-0.966046,-1.947458,-6.796072,1481.2762455517623,7.13529481977192,0.0009086912630989001
COSMOS 1429,13761,6,4737.4513,-3996.5588,4887.1315,-1.545043,4.55707,5.214821,1522.0337234818262,7.095660851449286,0.0008989776428218783
COSMOS 1429,13761,12,2635.4754,15.3454,7430.7777,-3.832674,5.826358,1.330348,1513.315017306425,7.099694594526162,0.000900483374769021
COSMOS 1429,13761,24,-3490.6283,6338.6649,3065.1092,-3.139584,1.285358,-6.269487,1487.6292094218015,7.128506163593393,0.0009070928241590715
COSMOS 1430,13762,1,-5293.371,-2177.6297,-5419.3621,-3.152009,-4.206707,4.773055,1511.3431303692623,7.100253414699718,0.0009007795394422386
COSMOS 1430,13762,6,6339.5095,4382.9256,1485.1878,-0.058003,2.389705,-6.721461,1477.8980320166247,7.1338693785038565,0.0009089007589860286
COSMOS 1430,13762,12,4779.9881,5011.0064,-3723.0589,-3.809478,-0.771037,-5.965611,1491.5465944471061,7.120051635428917,0.0009055655886932901
COSMOS 1430,13762,24,-3455.5082,-53.0353,-7084.0289,-4.897499,-4.532904,2.418341,1511.056528555764,7.097963674216571,0.0009005217925679019
COSMOS 1431,13763,1,-5540.6872,5344.1416,-1523.3532,-2.33954,-0.522547,6.716511,1476.2714405100478,7.131481107871632,0.0009087848129041026
COSMOS 1431,13763,6,6000.5356,-4044.9724,-3081.5114,-1.014763,3.250173,-6.24646,1494.3634189374288,7.1141851963312,0.000904495420923893
COSMOS 1431,13763,12,3663.9414,-576.4657,-6933.3342,-4.386999,4.89283,-2.718064,1492.0720723391623,7.111498965970325,0.0009044173702778672
COSMOS 1431,13763,24,-4446.9725,5383.8008,-3585.7529,-3.667387,0.97738,6.033436,1478.745176099368,7.127927401304323,0.0009080457061214151
COSMOS 1432,13764,1,4447.302,4014.6576,-5073.2086,1.464846,4.78206,5.069562,1479.695270073582,7.121399477571807,0.000907104305107624
COSMOS 1432,13764,6,-4542.9724,-6358.9706,654.9767,1.265478,-1.615522,-6.830414,1471.4549597921832,7.132033462650326,0.0009094133787463049
COSMOS 1432,13764,12,-2293.2493,-5765.8083,-4803.194,3.814038,2.880017,-5.284545,1475.923620498379,7.12515260487507,0.0009080186005968199
COSMOS 1432,13764,24,4195.6177,3016.0246,-5910.622,2.215722,5.260031,4.256682,1479.8002585241238,7.120160935777294,0.0009069344144944297
COSMOS 1433,13765,1,5379.2093,-3831.3499,-4225.9751,4.299551,-0.2038,5.681213,1469.5357148128924,7.127682259540614,0.000909081026960249
COSMOS 1433,13765,6,-7151.6466,3153.1822,-659.5952,-0.279121,-2.02704,-6.826936,1472.702754793264,7.126980766238744,0.0009086245347432968
COSMOS 1433,13765,12,-5160.7315,594.5632,-5886.9048,4.479419,-3.495645,-4.283753,1480.261245057989,7.115846281967802,0.0009063316147385751
COSMOS 1433,13765,24,5105.5364,-3934.5927,-4464.3888,4.47696,-0.43839,5.528224,1469.8092059546816,7.127174561344488,0.000908984567043383
COSMOS 1434,13766,1,-1126.8411,-7731.8873,-9.6761,1.945245,-0.294804,6.87497,1442.574451648983,7.150950986361255,0.0009151958595405861
COSMOS 1434,13766,6,-469.4325,6163.4698,-4819.1648,-2.167144,-4.293427,-5.258086,1466.9255046936578,7.125833067400682,0.0009091478431548568
COSMOS 1434,13766,12,-2080.2503,633.237,-7515.667,-1.172724,-7.032806,-0.253068,1452.9172326723965,7.134401532464794,0.0009118707829208353
COSMOS 1434,13766,24,-1138.6278,-7711.2326,548.3678,2.020915,0.185424,6.856392,1443.1083126811372,7.150425914214131,0.0009150661378227957
COSMOS 1435,13767,1,-7775.9471,-829.2942,-413.4315,-0.168414,-1.993571,6.845091,1459.9646773143031,7.131476663757514,0.0009106766481040131
COSMOS 1435,13767,6,5955.9303,2027.0617,-4611.9106,-4.558496,1.027867,-5.420122,1429.7566464066385,7.156404044391918,0.0009173987048664648
COSMOS 1435,13767,12,38.0618,2164.0297,-7494.3563,-7.111529,-0.717263,-0.25299,1429.6313587075138,7.152084651981546,0.0009168597159764482
COSMOS 1435,13767,24,-7700.4496,-1049.8423,992.1184,1.112719,-1.843276,6.794953,1463.7553769487922,7.127916684231515,0.0009097816512820656
COSMOS 1436,13768,1,2429.913,-7365.3913,-703.4123,1.693768,1.186381,-6.862367,1416.6989575532507,7.167177321489541,0.0009203202846635631
COSMOS 1436,13768,6,-3018.7521,4620.4684,5525.8752,0.230774,-5.440771,4.622311,1439.0505249728067,7.142898899903176,0.0009145778093321677
COSMOS 1436,13768,12,-1685.4394,-1783.456,7381.9426,2.275651,-6.704224,-1.121228,1408.1064926958752,7.16814893427592,0.0009214617309849649
COSMOS 1436,13768,24,2728.8372,-6679.5193,-2957.8193,1.001172,3.177439,-6.333837,1427.1552661272926,7.156532338701055,0.0009177211910343407
IRAS,13777,1,-2105.1625,3008.4915,6249.8865,-1.598815,6.306585,-3.571527,877.7110247174805,7.421928918965675,0.001023896371873225
IRAS,13777,6,-1039.0873,-484.8912,7159.5184,-2.484504,6.988486,0.101872,879.7603472185792,7.417686607197422,0.0010230218972887273
IRAS,13777,12,1061.1292,439.1079,-7195.8707,2.497038,-6.945299,-0.066028,915.9311824699944,7.3808357704008705,0.0010128867126063686
IRAS,13777,24,1067.328,421.1776,-7196.309,2.55259,-6.924988,-0.036818,916.2109104791771,7.38055079742481,0.0010128087258749995
OPS 0252,13791,1,2767.4167,-5789.1777,-3164.8468,2.349307,3.830886,-6.06427,783.6788118745362,7.547867351652717,0.0010549554424617372
OPS 0252,13791,6,507.655,-6703.1647,1458.7133,3.721192,-1.460636,-6.744218,507.80622535247676,7.839974735729957,0.0011397289702441398
OPS 0252,13791,12,658.6251,6876.4956,-3639.5479,-3.233306,2.988103,5.315883,1437.0911672164657,6.902292321970579,0.0008839922811033471
OPS 0252,13791,24,2029.7844,5165.6354,-5508.3087,-2.668053,5.133291,3.740212,1448.5446498317406,6.889003491538816,0.0008809980376142557
SSD,13792,1,-6010.5426,-1262.4254,-4948.4499,-2.665755,-4.623779,4.375897,1516.1729187199844,6.901743005609163,0.0008750591722451106
SSD,13792,6,74.0256,4021.334,-6455.5903,-6.127438,-2.893628,-2.326007,1235.001120856179,7.164418190633277,0.0009419428260387641
SSD,13792,12,-5739.7767,-4888.9425,1535.8368,3.311742,-1.434798,6.09773,1323.5168795970148,7.085802109025344,0.0009208897998280106
SSD,13792,24,-3790.0898,1520.1885,-6666.5475,-5.149573,-4.379233,1.671909,1446.839173157282,6.963552502487434,0.0008907259855634969
SSA,13844,1,4845.0557,3570.4628,-4082.2643,-4.854051,1.427413,-5.458643,901.389645593862,7.442855794963315,0.0010234401837190797
SSA,13844,6,6675.8685,1246.6553,1244.1218,0.875062,3.795471,-6.790727,533.2891538192089,7.828493265259542,0.0011338594156255891
SSA,13844,12,-6575.3307,464.1462,-4312.7941,-3.350844,-3.450992,4.883084,1506.2202240594843,6.854342466455553,0.0008701473707082933
SSA,13844,24,-3013.3168,2721.1471,-6682.4976,-6.288326,-2.367826,1.590941,1448.2387002192481,6.905123975283354,0.0008830941527708749
SSB,13845,1,-6387.9922,1506.8378,-4347.5109,-3.897451,-2.875903,4.853915,1501.6015730753506,6.857217598270817,0.0008710230709150592
SSB,13845,6,-1857.7295,3261.977,-6814.7709,-6.775359,-1.15346,0.964881,1409.2798961982116,6.940241702897818,0.0008920298235400408
SSB,13845,12,-2180.3027,-3189.3033,5944.0026,7.366306,-0.344619,1.943829,718.1848834562734,7.626250554632859,0.0010757584517833514
SSB,13845,24,-6343.9358,-2060.2807,3306.0569,4.213856,-2.453148,5.393307,1073.4805207181344,7.2706449435307325,0.0009766490654782945
SSC,13874,1,-6634.7874,-676.4328,3306.6447,3.599222,-3.285428,5.390476,1072.9145849581519,7.26675083204619,0.0009762001899820352
SSC,13874,6,-7408.8911,1896.8729,-1367.3429,-1.56063,-2.871191,6.13676,1398.1325601121016,6.952634540444435,0.0008949048670041118
SSC,13874,12,6126.1111,-2175.7151,2168.5681,3.511666,2.708505,-6.510426,482.1497145654739,7.877400848760776,0.0011494569908517232
SSC,13874,24,2739.4694,-3279.0417,5327.1667,7.043232,0.415525,-3.550869,458.0198501296027,7.898635875048931,0.001156628044491484
COSMOS 1447,13916,1,-1138.8945,137.0816,7261.8111,-5.146984,-5.218199,-0.679119,980.8550379664057,7.360859169690587,0.0010012247428271752
COSMOS 1447,13916,6,3154.0321,4022.5855,5259.2417,-4.234395,-3.292506,5.073,963.0804366777675,7.382819635888514,0.0010066455774014969
COSMOS 1447,13916,12,-4606.8107,-5009.9084,-2879.5988,2.638258,1.425913,-6.688484,1019.1269441726436,7.330037610844094,0.0009918689714287071
COSMOS 1447,13916,24,-5150.3486,-4498.9714,2784.5553,-1.439733,-2.548535,-6.727207,1012.8054266277913,7.3364279985809855,0.0009935836028566042
NOAA 8,13923,1,-3699.1472,5988.18,-1391.0969,0.240145,1.805692,7.228264,803.7571599920684,7.454260102356571,0.0010389564324104331
NOAA 8,13923,6,-3714.6716,5662.112,-2377.4572,-0.325198,2.680952,6.944514,806.0885555510877,7.45114300370782,0.001038184626821243
NOAA 8,13923,12,3491.4138,-6210.7505,-874.157,-1.423789,0.207724,-7.310577,807.2687715583406,7.450829514196792,0.0010379702615369306
NOAA 8,13923,24,1096.3065,-3652.9617,-6093.4547,-3.77322,5.168163,-3.782525,817.6165083805408,7.433343348628126,0.001034043663333867
COSMOS 1448,13949,1,3574.3022,-6437.9098,267.9208,0.912155,0.215205,-7.291627,997.4530510096574,7.351609636207502,0.0009977141179178923
COSMOS 1448,13949,6,1678.1209,-4441.8904,5638.522,3.257845,-4.665585,-4.641411,1000.5270076906709,7.343291735126081,0.0009961696847159167
COSMOS 1448,13949,12,-305.7743,2329.7527,-6956.2503,-3.641454,6.024362,2.181384,971.3881538602864,7.369637772415683,0.0010037112745859222
COSMOS 1448,13949,24,2309.5239,-2560.4492,-6490.7735,-2.778249,5.955839,-3.320655,978.8259420719696,7.363248965568596,0.0010018263049495894
COSMOS 1452,13991,1,4928.3504,-3444.5322,3879.7521,-1.734055,4.189943,5.928909,784.8309160761628,7.464216704822751,0.0010430957344246038
COSMOS 1452,13991,6,5028.1554,-3812.0114,3374.8214,-1.25838,3.872883,6.2566,784.6409302156208,7.465104588422657,0.0010432475107715767
COSMOS 1452,13991,12,-3747.7365,1485.0991,-5913.3041,3.66488,-5.368362,-3.659875,785.6901280780539,7.45958048371817,0.0010423226869152513
COSMOS 1452,13991,24,1121.4425,-3744.5114,-5988.6232,5.146912,-4.098446,3.526603,780.405927306494,7.464910680662495,0.0010438381986063654
COSMOS 1459,14057,1,-5141.3504,-5201.681,311.2499,0.864447,-0.413152,7.336304,949.3719619696358,7.398602541786455,0.0010106866946410973
COSMOS 1459,14057,6,-4068.5467,-3141.6739,-5227.7207,-3.301851,-4.176941,5.114283,960.5926551623552,7.382746558549264,0.001006977188421794
COSMOS 1459,14057,12,2666.324,1474.7035,6706.1193,4.551456,5.00043,-2.869982,994.8719885510327,7.345532559669176,0.0009972386936789738
COSMOS 1459,14057,24,-1176.2908,-2331.4149,6860.1473,5.172131,4.622707,2.491257,969.3526114079787,7.37066622016348,0.001004129721058412
COSMOS 1461,14064,1,-174.484,5655.9255,-3782.1533,-3.784486,-3.784553,-5.491624,435.21932591854875,7.668318580456931,0.0011266634548868341
COSMOS 1461,14064,6,-3294.5875,-1517.4514,-5787.8828,-1.024752,-7.169356,2.422447,459.5602151693274,7.636624357924711,0.0011180084967211436
COSMOS 1461,14064,12,-958.7642,4561.8536,-4961.9575,-3.730482,-5.264216,-4.135734,437.13919443785016,7.663730277465146,0.0011256717964471556
COSMOS 1461,14064,24,3491.4782,2268.3155,5416.414,0.752716,6.808676,-3.37438,460.77984481434305,7.636169892952357,0.0011177423843288195
COSMOS 1464,14084,1,-2287.1466,-4467.7588,-5406.0212,-1.236799,-5.324849,4.89975,1005.7861213212927,7.341065229358884,0.0009951576619716324
COSMOS 1464,14084,6,-542.2664,1153.5624,-7248.0816,-2.554049,-6.835646,-0.917218,988.3101537794482,7.354625170002955,0.0009993633936226907
COSMOS 1464,14084,12,-560.7101,-3850.3335,6260.781,2.567895,5.768157,3.752448,1000.3528342784721,7.344833960027824,0.0009964024413365035
COSMOS 1464,14084,24,-2308.9564,-6843.6667,1534.5945,1.358789,1.14602,7.119853,1012.9036990754485,7.33839056800127,0.000993836169466853
OPS 6432,14112,1,-6639.0674,2100.0052,-542.9741,-0.933868,-3.348076,-6.898466,613.4154125481828,7.724671869817902,0.0011059868884573756
OPS 6432,14112,6,-4331.8213,3639.3054,3781.4571,-5.642247,-0.843906,-5.485403,434.04499388088243,7.914339809374753,0.0011630106511406394
OPS 6432,14112,12,3747.7778,-4323.7572,-5338.7016,5.62701,-0.037655,3.958587,1454.7555249680045,6.880048726258703,0.000879154569077448
OPS 6432,14112,24,1503.2479,-4127.0105,-6436.5312,6.386709,-1.443163,2.207329,1421.3618887047405,6.909780937880086,0.0008867376844876799
OPS 3899,14139,1,-652.205,-1261.5816,7522.6021,-6.556239,-2.82536,-1.040854,1284.4883482641371,7.214589801508954,0.0009424075216762421
OPS 3899,14139,6,6760.2314,3269.4115,-1556.1127,1.67457,-0.141068,7.010921,1297.8504270835465,7.209514417335262,0.0009401036681943776
OPS 3899,14139,12,2473.6514,197.6416,7242.9385,-6.1447,-3.08975,2.178151,1285.2504899953983,7.2144462664366005,0.0009422949622486733
OPS 3899,14139,24,-3770.7574,-893.0156,-6620.9922,5.501725,3.007787,-3.541416,1300.6116914217546,7.201207391684398,0.0009386824674320582
GB 1,14143,1,-2479.541,1978.9412,6180.207,-3.666774,-6.849205,0.286352,575.8907006363252,7.774241967356368,0.0011190966293228508
GB 1,14143,6,1037.9894,6162.3907,3862.8806,-4.446707,-3.047915,5.02049,975.7222394626579,7.3667027109266465,0.0010027196443274614
GB 1,14143,12,-1285.2784,-6169.326,-3578.5474,4.312332,1.840448,-5.811915,875.9666312071095,7.467383215434507,0.0010304150129901567
GB 1,14143,24,-3776.794,-5746.9427,850.8182,2.278334,-2.950988,-6.851469,558.3156173586531,7.800113040825819,0.001125668604455789
GB 2,14144,1,731.973,-5074.5452,-5390.5151,4.162083,4.261619,-4.171707,1068.3848201917908,7.272377238145652,0.000977550888133539
GB 2,14144,6,-2551.1713,-6504.2144,-697.3407,3.31534,-1.049129,-6.873768,650.3648256580109,7.703300428521855,0.0010971229411654928
GB 2,14144,12,4312.4191,5891.5082,-2824.215,-1.520266,3.544008,5.722141,1457.3470624990205,6.900297025396878,0.0008814500647847
GB 2,14144,24,4550.4506,2431.3169,-5959.5601,1.151507,5.942107,3.19793,1511.5287260356981,6.845535790235706,0.0008684441285478805
COSMOS 1470,14147,1,800.1533,-515.1707,-6747.0036,1.706897,7.43599,-0.369519,442.78776687771096,7.638323699613025,0.001121009922959949
COSMOS 1470,14147,6,1678.7612,6382.7543,-1704.0359,-0.519881,2.091425,7.335532,445.2695053293437,7.645545402900305,0.0011216612542861732
COSMOS 1470,14147,12,1447.5989,2672.2652,-6100.5721,1.13732,6.817139,3.25181,444.68219782221513,7.638137809952174,0.0011206710624495893
COSMOS 1470,14147,24,-1305.1301,-6433.7058,-1807.566,1.418605,1.760464,-7.311974,438.05498165756126,7.653537575395903,0.0011240234652258258
HILAT,14154,1,310.3361,-1006.827,7029.5373,5.945525,4.555542,0.374612,737.0520365978964,7.499504289613615,0.0010550716639383352
HILAT,14154,6,145.4387,-1130.2107,7016.3885,5.96781,4.503486,0.585428,737.3216179900319,7.499257849379497,0.001054996981340865
HILAT,14154,12,-3336.0477,-1462.1459,-6184.0568,-4.822457,-4.331757,3.630332,806.0219029335803,7.429637989439458,0.0010351978982260904
HILAT,14154,24,-5593.6659,-4365.7187,884.2161,1.391641,-0.236753,7.32959,779.5549490827434,7.464288728605693,0.0010438754448790293
COSMOS 1473,14171,1,534.8474,-4335.4991,-6488.5223,2.855666,5.552449,-3.43979,1450.9905283108628,7.128581446911931,0.0009113513268918939
COSMOS 1473,14171,6,-2588.4428,-1170.5601,7281.197,-1.735699,-6.71531,-1.664318,1444.7582376499367,7.132881172417286,0.0009126281744561766
COSMOS 1473,14171,12,-3127.8291,-6529.7186,3005.2868,0.782033,-3.275113,-6.270187,1468.1510142519273,7.117105155245846,0.0009078923396559947
COSMOS 1473,14171,24,1589.4769,-1875.3498,-7411.7805,2.633722,6.550149,-1.060083,1437.8324266931158,7.138957869491457,0.0009142157853315163
COSMOS 1474,14172,1,1690.2258,1567.0182,-7500.9057,-6.264022,3.279398,-0.728576,1476.0373781707813,7.1079705856639555,0.0009058158185198922
COSMOS 1474,14172,6,3376.2877,-3589.4688,6032.9922,5.701156,-1.512104,-4.063842,1418.7753359519656,7.162712478113022,0.000919501804507137
COSMOS 1474,14172,12,6934.9209,-3586.5572,374.0552,1.222119,1.582656,-6.857343,1445.4210308027605,7.142935522888751,0.0009138370994525559
COSMOS 1474,14172,24,27.8121,2393.044,-7472.7989,-6.383406,2.98391,0.93659,1475.6653107344664,7.108360702513344,0.000905908487365824
COSMOS 1475,14173,1,-2370.0293,-5873.7696,4609.1924,3.731019,2.763031,5.409605,1462.4451409938656,7.128721438052338,0.0009100365560417883
COSMOS 1475,14173,6,-896.2344,2439.984,-7383.9305,-4.25497,-5.561738,-1.338126,1457.1024296332262,7.129395519496727,0.000910743770100459
COSMOS 1475,14173,12,-4119.8527,-2951.2918,-5983.4036,-2.235555,-5.331367,4.155825,1470.2006860516894,7.119835790054361,0.000908003260612813
COSMOS 1475,14173,24,-1987.6123,-5427.7236,5282.9805,4.036018,3.290234,4.871,1459.7515026648944,7.130338145633768,0.0009105560485742948
COSMOS 1476,14174,1,-3050.4966,129.7395,-7210.3845,4.432673,-5.228615,-1.96823,1459.198368005249,7.131685219922006,0.0009107924071326957
COSMOS 1476,14174,6,-681.0622,3522.021,6963.7603,-5.16955,4.158923,-2.608552,1462.417846672417,7.129195695107057,0.0009101002697226846
COSMOS 1476,14174,12,-4580.2214,5769.7382,2664.7895,-3.077344,0.519776,-6.415092,1462.8630348549914,7.133976349342349,0.0009106588049345954
COSMOS 1476,14174,24,-3060.7742,215.0611,-7203.942,4.306582,-5.325763,-1.987768,1459.157745504419,7.131733427205268,0.0009108032888992382
COSMOS 1477,14175,1,-1295.5105,1724.9216,7532.6565,-5.752639,-4.212754,-0.025089,1464.4716468601337,7.130272167789811,0.0009099991026892538
COSMOS 1477,14175,6,4888.8919,1427.2367,-5968.0648,3.864608,4.274225,4.188186,1474.7673980759546,7.123559244849797,0.000907949329035262
COSMOS 1477,14175,12,6489.971,4300.4966,-957.8054,-0.397215,2.10668,6.799351,1473.1943991541748,7.129309531772765,0.0009088644631935059
COSMOS 1477,14175,24,-421.7935,2314.9884,7473.9303,-5.943189,-3.845737,0.854074,1464.6056037829585,7.130261633374052,0.0009099822009841367
COSMOS 1478,14176,1,-4200.8493,6578.8772,873.99,-1.253315,-1.702045,6.803383,1483.4648814601196,7.124168436802923,0.0009070214896012831
COSMOS 1478,14176,6,4190.9445,-4249.3009,-5095.8541,-1.19437,4.884503,-5.050769,1476.8215416322937,7.127072101871145,0.0009081592979736339
COSMOS 1478,14176,12,2166.9244,558.4179,-7521.0186,-3.432874,6.220088,-0.528576,1475.8536808010977,7.12414985913379,0.0009078989043168285
COSMOS 1478,14176,24,-3550.4222,6920.8626,-1086.8229,-2.19485,-0.057792,6.777802,1482.9812160646288,7.124556574901206,0.0009071267652548685
COSMOS 1479,14177,1,7079.8548,3363.0681,-815.791,-1.474916,1.474605,-6.791827,1509.3607779086906,7.104839977860866,0.0009015881605037842
COSMOS 1479,14177,6,-4923.9139,-3657.3639,4882.5979,4.837682,0.465667,5.229013,1468.7066937941509,7.138808713096465,0.0009105964026367834
COSMOS 1479,14177,12,-205.7293,-2411.4408,7463.2526,6.599771,2.501851,1.005162,1474.8594588604428,7.129276704188581,0.0009086673985903974
COSMOS 1479,14177,24,7223.4159,2331.8877,2100.2051,1.119095,2.493258,-6.562297,1504.6776833393906,7.108618078768756,0.0009026039871853426
COSMOS 1480,14178,1,-1598.8256,-1656.4927,-7561.0209,3.28211,-6.239253,0.66828,1532.749010096757,7.0814632815901115,0.0008959625707425419
COSMOS 1480,14178,6,-599.1482,5108.7668,5914.2933,-3.547066,4.521073,-4.243346,1467.1976257791794,7.143372001751064,0.0009113539033842561
COSMOS 1480,14178,12,-2890.4281,7120.0571,1635.4389,-2.405144,0.592454,-6.686723,1485.4908263271864,7.130777228435972,0.0009076287856838907
COSMOS 1480,14178,24,-3184.3492,2164.3536,-6895.4373,1.967008,-6.176955,-2.866795,1526.56683362698,7.088187858410216,0.0008975154003419742
GB 3,14180,1,-4661.4022,-2331.5746,4363.8483,-1.638313,-6.016069,-4.904911,426.65272509142596,7.933177649381803,0.0011670466218580038
GB 3,14180,6,-1934.2446,2539.3147,6166.9561,-5.048267,-5.896065,0.398927,573.1175722760099,7.772240663981205,0.0011192553385057057
GB 3,14180,12,1735.5348,-3207.2444,-6730.6144,4.959389,4.791983,-1.481573,1284.041991055945,7.053630191606234,0.0009214358588558504
GB 3,14180,24,-1371.5133,-5322.7359,-4912.7223,5.138349,2.280028,-4.710557,1001.0693560317914,7.334201072839085,0.0009948632763252935
COSMOS 1486,14240,1,-4927.1104,-32.487,5171.7799,4.99307,-2.943537,4.718186,772.1631391842902,7.473716426642437,0.0010462754778264654
COSMOS 1486,14240,6,-5270.1711,214.013,4818.6097,4.573474,-2.968428,5.110979,773.1937563575566,7.473308207099517,0.0010460674027001416
COSMOS 1486,14240,12,2276.9788,1269.9548,-6678.109,-6.704779,2.701184,-1.776069,797.9997534923577,7.443445273088128,0.0010382822609893486
COSMOS 1486,14240,24,-4534.7822,2963.7861,-4691.2036,-5.278965,0.216196,5.253166,795.2869649940067,7.450501003637071,0.0010396598740786405
COSMOS 1503,14401,1,-625.7424,-3217.4326,6354.2573,5.410421,4.354781,2.742733,778.8260063657362,7.467218844020242,0.0010443916869266358
COSMOS 1503,14401,6,-1153.491,-3602.2906,6067.0406,5.347456,3.970898,3.377931,778.5468874592134,7.468181468008193,0.001044567101323286
COSMOS 1503,14401,12,-1469.9023,1318.5762,-6888.2096,-5.287942,-5.245324,0.134626,794.6602947867887,7.4494213614358,0.0010396001282471422
COSMOS 1503,14401,24,-5158.0567,-3528.2596,-3487.1906,-1.517675,-3.884687,6.192054,785.4420633535074,7.465632138841961,0.0010432044405238386
COSMOS 1506,14450,1,-4965.7676,4968.9075,2070.2323,-2.139719,0.799225,-7.033599,952.5750406976313,7.39517903044862,0.0010097771906962215
COSMOS 1506,14450,6,-1691.7561,2703.2711,6599.8864,-5.148435,4.288035,-3.098854,958.9531945904937,7.382176049361462,0.0010071245822974024
COSMOS 1506,14450,12,-258.216,-1000.6017,-7296.7448,5.374303,-4.97932,0.461858,998.5565633914457,7.340985847307772,0.0009961231431175113
COSMOS 1506,14450,24,-3877.7231,2735.5135,-5608.0842,3.686379,-4.318884,-4.694719,975.4534942545915,7.367668262486986,0.0010028877564186565
METEOR 2-10,14452,1,-1553.0726,-471.0761,6972.1444,-3.659509,-6.401175,-1.177305,787.543478062652,7.466799486040254,0.0010430612748141088
METEOR 2-10,14452,6,-904.3384,627.7699,7062.6601,-3.911174,-6.371813,0.129268,776.943108139053,7.477565993093542,0.0010461143688425781
METEOR 2-10,14452,12,2241.5993,1675.3561,-6616.233,3.264886,6.106091,2.726317,812.7402927623089,7.441547707148427,0.00103588763010348
METEOR 2-10,14452,24,3877.7408,5437.756,-2505.6863,0.481423,2.79427,6.944404,762.3391803227978,7.500963928259154,0.0010515361373745471
COSMOS 1508,14483,1,2549.0137,-5557.5947,-3245.2322,2.626426,-3.120752,6.599267,551.1284099742479,7.758062355786334,0.0011207625597652263
COSMOS 1508,14483,6,1168.922,-3653.7081,-5614.3887,3.616802,-5.622982,4.182151,428.803085147194,7.886036410411063,0.0011597448207929034
COSMOS 1508,14483,12,-1296.6807,4118.3055,6357.663,-3.125529,4.804981,-3.97847,1314.1610165728953,6.977463542083327,0.0009079137739647312
COSMOS 1508,14483,24,-1834.41,4974.2527,5492.4131,-2.829537,4.052214,-4.997697,1262.7966722076699,7.028776084068548,0.0009207444717067436
OPS 1294 (DMSP 5D-2 F7),14506,1,-1543.0291,-1811.0948,6748.4992,1.597083,6.944729,2.227234,784.6442498516153,7.465956488159169,0.0010433660796250442
OPS 1294 (DMSP 5D-2 F7),14506,6,-1738.1141,-2759.0361,6369.9482,1.325806,6.605664,3.217919,785.0855847596777,7.466428940336404,0.001043367753487698
OPS 1294 (DMSP 5D-2 F7),14506,12,1010.2381,-295.1011,-7107.1907,-1.947706,-7.175194,0.026258,813.6938225702634,7.434894557600397,0.0010348241332489554
OPS 1294 (DMSP 5D-2 F7),14506,24,-812.3693,-5647.1777,-4354.0984,-1.988403,-4.191973,5.827334,805.9584596709446,7.448772091472124,0.0010378730953130863
COSMOS 1510,14521,1,-1706.8765,1529.2202,7513.4037,-5.896832,-3.974691,-0.517904,1484.1369794239736,7.130148717587944,0.0009077052044114456
COSMOS 1510,14521,6,4758.3061,852.8875,-6241.3809,4.313679,4.094084,3.872276,1523.5379578439088,7.096750787104828,0.0008989444125800408
COSMOS 1510,14521,12,6696.1176,3360.0927,-2439.2042,0.914363,2.818676,6.468352,1507.954943069587,7.114813538291008,0.0009030148782040281
COSMOS 1510,14521,24,2898.9127,3901.3804,6168.2957,-5.586858,-2.067877,3.925243,1482.1736075528052,7.134187424531403,0.0009084464168307809
COSMOS 1513,14546,1,-1214.7978,2668.6754,-6792.3932,0.577876,-6.752914,-2.758197,1027.2543528089273,7.3173382355594985,0.0009890628094965798
COSMOS 1513,14546,6,-1213.9343,6909.4126,-2308.3674,-0.546297,-2.377959,-6.919366,1014.2677009799727,7.336944545234481,0.0009934568173149527
COSMOS 1513,14546,12,847.7703,-7263.6762,-806.6925,0.993625,-0.655934,7.268741,986.3404984114186,7.36560491596325,0.0010011232887146674
COSMOS 1513,14546,24,-187.0032,-4435.7989,-5899.3269,1.258123,-5.777936,4.338283,1012.314970331081,7.334038266283726,0.000993325937706116
COSMOS 1522,14611,1,3237.2264,-4412.7651,5645.7611,5.044875,-2.114862,-4.549501,1491.9987276425381,7.114869246421188,0.0009048544318605464
COSMOS 1522,14611,6,-5830.1834,4976.3075,-1714.9195,-2.447553,-0.555007,6.669438,1483.6561798510356,7.126005311091341,0.000907233257309359
COSMOS 1522,14611,12,-6120.0601,3322.5456,3646.5099,1.698137,-3.440767,5.996696,1489.7556470411537,7.119193053673569,0.0009056626835046432
COSMOS 1522,14611,24,1166.9782,-3436.7721,6975.8045,5.648761,-3.425894,-2.634356,1492.5290429192091,7.112319035946926,0.0009044690999585335
COSMOS 1523,14612,1,-4776.7187,-5459.9939,2956.4021,-0.090443,-3.320725,-6.300023,1462.8297341626794,7.1221965897048225,0.0009091589722260003
COSMOS 1523,14612,6,3511.6914,6418.9453,2697.2369,-2.968499,-1.049712,6.42504,1427.07169420413,7.155069573214854,0.0009175434458409529
COSMOS 1523,14612,12,-412.6333,3008.1261,7206.7601,-4.386907,-5.263699,1.967925,1449.26086602756,7.129109972140632,0.000911620480988122
COSMOS 1523,14612,24,-4642.9124,-6295.1426,307.0575,1.43203,-1.368435,-6.847771,1457.1377234125594,7.128484547122621,0.0009106232924086912
COSMOS 1524,14613,1,-4176.9016,5878.4182,-2991.5702,-3.240185,0.878864,6.31295,1436.1633626882585,7.150142548734326,0.0009158438496248273
COSMOS 1524,14613,6,5478.8929,-5023.2241,-2500.4828,-0.194858,2.985098,-6.459225,1471.4142967320377,7.11831211105505,0.0009076684604664761
COSMOS 1524,14613,12,3322.9663,-688.1206,-7069.5173,-3.926927,5.44044,-2.36246,1470.7912396390248,7.113393023623044,0.0009071132865238695
COSMOS 1524,14613,24,-4789.1248,6041.4857,-1188.252,-2.20025,-0.435039,6.796741,1429.462077901765,7.157237401057897,0.0009175401828224915
COSMOS 1525,14614,1,-886.3956,-2652.1946,7283.5565,6.570993,2.309718,1.627917,1430.9246756592547,7.152821821104032,0.0009168022146406619
COSMOS 1525,14614,6,-4050.1178,375.5807,-6708.7564,-5.479012,-3.28938,3.12592,1474.5036479903765,7.114138677798177,0.0009067790924576858
COSMOS 1525,14614,12,-7220.6046,-2437.8494,-1823.5071,-0.845668,-2.415561,6.652542,1465.1609625104002,7.127861135902481,0.0009096113734778353
COSMOS 1525,14614,24,73.0185,-2276.3223,7460.2439,6.67718,2.476323,0.681543,1429.1419193695929,7.154118339360763,0.0009171779710309371
COSMOS 1526,14615,1,2232.3882,-1625.6504,7324.6367,-0.088751,6.959101,1.560916,1456.9370900324875,7.132560706174046,0.0009111673515179521
COSMOS 1526,14615,6,-1677.271,-3623.7572,-6744.4795,1.330563,-6.301601,3.046004,1466.9115826802417,7.1245149609068825,0.0009089812873942363
COSMOS 1526,14615,12,-105.3461,-7551.4588,-2112.1801,2.012116,-1.867366,6.575957,1470.9979969213628,7.125929907125174,0.0009086880549985725
COSMOS 1526,14615,24,2196.6028,-1462.2794,7369.2102,0.011449,6.99917,1.374912,1456.4251115175957,7.132944327291851,0.0009112759592929408
COSMOS 1527,14616,1,-1999.1464,-1782.0284,-7371.8622,6.775288,-1.660729,-1.43676,1472.2495716270787,7.1222768544886685,0.0009080772949331454
COSMOS 1527,14616,6,-3002.7126,2541.6296,6773.3453,-6.465538,0.346086,-2.992141,1461.9030719668053,7.132731938936231,0.00091061154126413
COSMOS 1527,14616,12,-7168.4546,2089.4245,2382.35,-2.5753,-1.396802,-6.504103,1466.6034357424223,7.133483143024381,0.000910161275893727
COSMOS 1527,14616,24,-2693.0021,-1551.8332,-7201.0385,6.544555,-1.944944,-2.029333,1472.1755093016309,7.122653981210234,0.0009081339532391067
COSMOS 1528,14617,1,999.6231,-3061.7411,-7162.1265,3.056205,6.051276,-2.168904,1481.9969379521008,7.117757708114051,0.0009063746954637441
COSMOS 1528,14617,6,-2800.4445,-1463.2709,7170.2292,-1.964154,-6.527682,-2.102206,1464.5496236639137,7.133568762917759,0.0009104107695743355
COSMOS 1528,14617,12,-3549.8692,-6006.7771,3569.4073,0.3256,-3.789016,-6.039123,1466.3216687517906,7.1367824835415155,0.0009106149760314934
COSMOS 1528,14617,24,164.2507,-4411.8319,-6492.4294,3.296435,5.254108,-3.496915,1480.29788762931,7.120431805874837,0.0009069114314327517
COSMOS 1529,14618,1,5574.0965,5113.6782,2238.2615,0.052114,2.814625,-6.517222,1517.6038731102308,7.09922618014844,0.0008999344236750776
COSMOS 1529,14618,6,-4689.9327,-5929.0278,2082.0762,2.727101,0.159179,6.599194,1470.1657734235268,7.142253094638834,0.0009108662284435365
COSMOS 1529,14618,12,-1671.2095,-4407.2421,6273.7753,4.852986,3.569727,3.818188,1476.1001418226306,7.132529956058299,0.0009089383118795831
COSMOS 1529,14618,24,5030.432,3069.2869,5231.8449,2.393105,4.525978,-4.925058,1509.2264712882215,7.104056918470811,0.0009015041565562359
COSMOS 1531,14624,1,6352.6613,751.3473,-3660.9295,-3.720815,0.609045,-6.314042,999.4296456655238,7.354082298561391,0.000997782036069804
COSMOS 1531,14624,6,6883.4602,-25.7355,2649.4309,2.618294,0.958427,-6.800396,1004.7827201470018,7.349791258367887,0.0009964761079921567
COSMOS 1531,14624,12,-5079.3368,452.2084,-5313.6999,-5.322923,-0.838223,5.009364,993.7512783613274,7.357299419362651,0.0009989881723473037
COSMOS 1531,14624,24,962.5581,931.533,-7240.6689,-7.287536,-0.128715,-0.98195,992.5289057212103,7.35452067133005,0.000998776641674597
COSMOS 1535,14679,1,6591.2758,2079.0361,2435.3723,2.050283,1.653359,-6.907351,956.9155301065084,7.39247957049399,0.0010088106965919874
COSMOS 1535,14679,6,2750.2466,101.0823,6788.3451,6.37494,2.646867,-2.635626,954.0053371228914,7.388659508406446,0.0010086899829220544
COSMOS 1535,14679,12,-159.0342,904.4178,-7326.6867,-6.906475,-2.444517,-0.177726,1013.0098478864029,7.328481890541179,0.0009924799724690078
COSMOS 1535,14679,24,4844.3557,2352.5202,-5016.908,-4.963228,-1.040587,-5.329986,989.1290287599259,7.356983365806192,0.0009995726076348062
OPS 8737,14690,1,1045.4974,-4680.5536,-6004.2039,5.723879,-2.615912,2.986404,1313.472089132404,6.965945395249736,0.0009064962842536928
OPS 8737,14690,6,-898.7838,-3601.4517,-6687.7829,5.708778,-3.889745,1.125781,1277.8369563030783,6.999117464242902,0.0009150564333150322
OPS 8737,14690,12,36.8687,3684.797,5681.0846,-6.491262,3.744968,-2.515838,400.54417135455515,7.90510648352772,0.0011674008591671657
OPS 8737,14690,24,-2536.1953,4870.6094,3970.9548,-5.714268,1.488528,-5.252479,405.6956955992564,7.902981084884931,0.0011661997881972296
COSMOS 1536,14699,1,-152.7303,-2787.3946,-6289.4054,2.788461,6.433295,-2.931971,510.09842148740154,7.599950871577198,0.0011044676890313119
COSMOS 1536,14699,6,2180.1606,3857.344,-5274.0583,1.468391,5.712455,4.784477,517.2431670148844,7.594704366822648,0.001102560432708115
COSMOS 1536,14699,12,-461.1384,-3417.2898,-5953.6328,2.800259,6.027076,-3.690842,509.13529797012416,7.601934638354963,0.0011049106317135645
COSMOS 1536,14699,24,-1349.3692,-1072.1154,6634.8418,-2.498074,-7.016773,-1.645459,484.0240247465972,7.627778992844903,0.0011127282654748787
JD 1,14728,1,-3782.8919,-4576.2837,4223.1855,5.725029,0.513263,4.71477,915.1470886457919,7.434275493342306,0.0010203301419658885
JD 1,14728,6,-6910.6509,-3360.7878,-786.7503,1.172024,-2.94019,6.251011,1353.6984752059898,7.006675104127278,0.0009070483626793518
JD 1,14728,12,6227.0947,2246.3172,1914.7325,0.859313,4.205511,-6.568902,520.2154161903964,7.846987644229727,0.0011386942898046425
JD 1,14728,24,3269.7626,-1600.9364,5774.073,6.084045,4.44013,-2.419825,454.9991083014893,7.911125773842178,0.0011589696465417062
JD 2,14729,1,3666.4526,-1455.8352,5553.8395,5.989682,4.237238,-2.994145,441.3024000235082,7.924353639937644,0.001163241614158276
JD 2,14729,6,-2195.3168,-3928.2733,5498.0938,6.885972,1.273037,2.992071,733.9125543847167,7.615098322227625,0.0010718074661634016
JD 2,14729,12,2994.3284,4177.2943,-5440.8491,-5.933431,-0.17728,-4.1313,1113.5593834794217,7.232196852973583,0.0009662822462117309
JD 2,14729,24,6313.5858,2993.2921,-1102.5934,-2.001798,2.892656,-6.796159,702.6748197529978,7.652609432110135,0.0010818435434352285
COSMOS 1538,14759,1,-6159.551,-3588.3755,450.0081,0.643457,-2.00844,-7.176267,771.759588609074,7.479751078728356,0.0010471794529745477
COSMOS 1538,14759,6,-6211.6497,-3382.7321,994.5172,0.112743,-2.301913,-7.115874,771.5858704657057,7.479784570928096,0.001047209610997705
COSMOS 1538,14759,12,5353.7587,4003.3186,2591.0427,-3.383457,0.211998,6.634611,798.5742066147095,7.450556190256805,0.0010391908885443795
COSMOS 1538,14759,24,-207.8895,2126.857,6826.7622,-6.566403,-3.435686,0.85331,782.4202223837019,7.459874302232244,0.00104284021773104
LANDSAT 5,14780,1,4142.8979,961.207,5467.6074,-5.259653,-3.001297,4.568191,555.9223026686368,7.585519255469529,0.0010950778605596837
LANDSAT 5,14780,6,-735.3349,-1376.0422,6782.6545,-6.875873,-2.832821,-1.2819,588.7853140530924,7.546242239695861,0.0010842636517046874
LANDSAT 5,14780,12,6230.4441,2540.515,1545.9284,-1.120641,-1.64121,7.353044,532.8065417837688,7.616866979337173,0.0011032851128196834
LANDSAT 5,14780,24,-6148.4967,-2480.1675,-2124.0588,1.731261,1.89839,-7.102536,590.815013617108,7.552957491838345,0.0010849121209145862
OSCAR 11 (UOSAT 2),14781,1,-2190.6027,-6241.6885,-2243.1401,-0.228132,2.616,-7.07937,613.9189707903952,7.550693995012908,0.0010809995114601152
OSCAR 11 (UOSAT 2),14781,6,-1860.1892,-3514.4796,-5744.7505,1.227641,6.165534,-4.168225,615.7037310782725,7.542878202693054,0.0010796047024494262
OSCAR 11 (UOSAT 2),14781,12,-803.5315,-5074.5178,4712.9563,-2.162904,-4.755441,-5.466063,600.9689370879132,7.561098963620699,0.0010844998065609364
OSCAR 11 (UOSAT 2),14781,24,87.2746,3394.8202,-6100.1125,2.26874,6.272441,3.531691,610.6755552510067,7.547419334154026,0.0010810326653574608
JD 3,14795,1,4860.237,-1116.6248,-5559.8118,-2.452227,5.539719,-3.933685,1097.6184727540667,7.223280524644948,0.0009671508259520653
JD 3,14795,6,5296.1961,-4317.9635,-1998.8641,1.167839,3.614599,-6.560787,748.6881678382706,7.581101497809604,0.001064808081350483
JD 3,14795,12,-4789.5695,5911.6695,-693.2655,-2.572747,-1.874262,6.302591,1268.9233848285903,7.060774637667881,0.0009241944299715378
JD 3,14795,24,-3557.4815,6329.3796,-2728.1481,-3.823835,0.004628,5.801004,1385.2563649786634,6.947904931245461,0.0008957807225940725
COSMOS 1550,14965,1,-826.2895,-7140.8419,-1709.5036,0.722763,-1.779331,7.080396,1017.9633871754177,7.336239682463081,0.0009928645329595426
COSMOS 1550,14965,6,-1095.0633,-3143.8371,-6586.8799,-0.194766,-6.614862,3.170829,1009.3700557199236,7.338153011558221,0.0009942798201386957
COSMOS 1550,14965,12,903.0416,-24.6262,7305.4064,0.664432,7.325275,-0.07615,990.0497383333823,7.355740787354391,0.0009992787780048076
COSMOS 1550,14965,24,34.9577,-5638.5422,4759.4544,1.146958,4.697496,5.526252,1007.8065679789634,7.3431221215014535,0.0009951639271000318
COSMOS 1553,14973,1,-476.2995,-1043.9058,-7299.5154,3.451585,-6.420857,0.698128,1018.1491802379423,7.323129544877517,0.0009910653265010547
COSMOS 1553,14973,6,-2909.5046,4163.2533,-5359.8277,1.917854,-5.033814,-4.974214,1013.1484296477502,7.332138314960241,0.0009929565182521677
COSMOS 1553,14973,12,3402.1558,-5817.0269,2920.0413,-0.627724,3.031284,6.694181,973.3248319027207,7.375281646797836,0.0010042150661365961
COSMOS 1553,14973,24,2794.1597,-6257.774,-2706.4771,1.967859,-2.023154,6.788103,997.3161005079382,7.351459956376421,0.0009977123478551151
COSMOS 1559,14998,1,2268.6016,4228.5478,6227.4435,-0.456495,5.94813,-3.888392,1490.8205437480992,7.120971178679843,0.0009057661821526318
COSMOS 1559,14998,6,-1666.8357,-7142.9695,-2892.1208,1.479947,-2.911517,6.308979,1513.4604920385882,7.104251571174756,0.0009010447294838175
COSMOS 1559,14998,12,-300.5443,-7577.8516,2168.2025,2.106467,1.790965,6.541473,1516.6652964544146,7.101804549763602,0.0009003683958237851
COSMOS 1559,14998,24,2229.5259,365.6746,7538.1897,0.774215,7.045152,-0.587008,1498.4858539196866,7.111831969429044,0.0009037225685953466
COSMOS 1560,14999,1,3102.7534,2135.0647,-6913.4442,-6.519232,0.481531,-2.785803,1501.8197388808085,7.105839593502938,0.0009025787239113259
COSMOS 1560,14999,6,1467.5366,-2065.0327,7421.1318,7.00072,0.651683,-1.202991,1470.633816838178,7.133159089559829,0.0009096521536421331
COSMOS 1560,14999,12,6179.5742,-1114.6817,4705.7245,4.397465,1.700976,-5.351766,1475.8780833858236,7.132490245177837,0.0009089589731589486
COSMOS 1560,14999,24,5644.0094,1649.3144,-5229.391,-4.94444,1.285987,-4.947337,1498.0285504766543,7.111778460366858,0.000903768287883016
COSMOS 1561,15000,1,2250.8603,187.0771,-7523.5203,-2.502262,6.63803,-0.572698,1484.2356830315784,7.117073864780947,0.0009060293226026094
COSMOS 1561,15000,6,-220.8519,-4456.9911,6463.6941,3.19496,-5.295356,-3.527048,1483.481946353154,7.119594943719762,0.0009064372408450692
COSMOS 1561,15000,12,2191.6952,-7253.49,2100.676,2.475592,-1.162246,-6.569849,1492.1726858043148,7.116339466170862,0.0009050213890149279
COSMOS 1561,15000,24,2878.2509,-1884.727,-7064.9157,-1.708527,6.472507,-2.411508,1487.0886961134702,7.11532024640086,0.0009054772122793707
COSMOS 1562,15001,1,3988.4563,4789.7913,4775.0895,-4.501097,-1.545469,5.296635,1480.8382616795943,7.1205822062943,0.0009068681713740661
COSMOS 1562,15001,6,-170.0246,-2769.8413,-7332.8943,5.793529,3.833991,-1.590858,1469.425244000694,7.127081761709066,0.0009090172458646346
COSMOS 1562,15001,12,4362.046,964.2085,-6453.104,4.264722,4.472066,3.539017,1477.5472905757697,7.121226676067052,0.0009073305431462385
COSMOS 1562,15001,24,4829.4917,4891.7695,3797.1592,-3.894051,-0.756502,5.913101,1482.1405763327439,7.120441833398122,0.0009066999074048439
COSMOS 1563,15002,1,2310.7328,998.2018,7397.4744,-5.64618,4.220827,1.17942,1442.9951628583985,7.147430355920162,0.0009146960302577915
COSMOS 1563,15002,6,2052.1745,-3699.6921,-6624.9285,5.676751,-2.73517,3.285579,1489.586456706962,7.106453842117178,0.0009040615329729847
COSMOS 1563,15002,12,5910.5647,-4775.4361,-1983.2479,2.600747,0.502406,6.606909,1482.2055398368193,7.118113744604395,0.0009063959562113157
COSMOS 1563,15002,24,2605.8711,729.2987,7330.8918,-5.448444,4.380756,1.485278,1443.3723591177904,7.147210357192239,0.0009146237251994898
COSMOS 1564,15003,1,852.6676,7598.9377,-1795.8616,-2.171697,-1.311242,-6.645815,1483.6810941581589,7.113542047151896,0.0009056436489117964
COSMOS 1564,15003,6,845.8458,-4885.8791,6018.351,2.207428,5.437583,4.103833,1426.9368076687724,7.161109728873173,0.0009183339010686364
COSMOS 1564,15003,12,2366.0925,1140.2164,7354.035,0.940861,6.9555,-1.356677,1437.9895593866822,7.148760182972289,0.0009154526496170335
COSMOS 1564,15003,24,877.0858,7482.4879,-2226.5543,-2.251552,-1.667645,-6.537103,1484.8544236166026,7.112259970455101,0.0009053451842327835
COSMOS 1565,15004,1,1438.4614,-1959.7283,7453.1512,6.938585,1.234993,-0.992237,1468.589850188101,7.117141545342695,0.0009078461604942161
COSMOS 1565,15004,6,-6047.9984,612.6674,-4873.7386,-4.426203,-2.093666,5.231001,1420.4680215319686,7.165059788917745,0.0009196033108416637
COSMOS 1565,15004,12,-7594.3983,-1304.9606,1211.8542,1.373222,-1.788459,6.795368,1429.4101372077157,7.159703241852206,0.000917862409272641
COSMOS 1565,15004,24,2683.3221,-1759.4595,7157.3954,6.645898,1.371823,-2.134933,1472.7378931495296,7.11391576308168,0.0009069548039455458
COSMOS 1566,15005,1,1171.8649,-6001.8028,4848.6161,3.259382,-3.577006,-5.2633,1433.1003504003638,7.1498860016059,0.0009161704335643375
COSMOS 1566,15005,6,-3286.449,7110.5532,428.1476,-1.631724,-1.146501,6.830337,1473.9999494593376,7.115510613353479,0.0009070121936513034
COSMOS 1566,15005,12,-3446.4984,3520.4596,6107.3173,1.254735,-5.741365,4.000519,1475.7389162195277,7.109274523663508,0.0009060164483067417
COSMOS 1566,15005,24,1982.138,-6911.1146,3009.5864,2.775813,-1.923962,-6.314256,1423.2277593384533,7.160767865386296,0.0009187270485914151
COSMOS 1570,15031,1,-3101.4221,-318.6119,6430.336,-4.716872,-5.21222,-2.531235,775.2964994524282,7.471497133641223,0.0010455061771105793
COSMOS 1570,15031,6,-2614.8952,218.1552,6647.0148,-5.061212,-5.185031,-1.82112,775.1929969522316,7.471070300452608,0.0010454615910372043
COSMOS 1570,15031,12,4660.3694,2170.8837,-5006.0383,3.141945,4.609765,4.928409,804.806466485069,7.4438543114122675,0.001037354386044151
COSMOS 1570,15031,24,5124.9408,4829.4313,1326.7453,-2.404827,0.594831,7.035199,794.7991861338414,7.4586219764840616,0.0010408639403287837
COSMOS 1574,15055,1,3581.1242,-4381.5741,-4688.1147,-2.027318,4.3356,-5.605335,977.5414586822972,7.37070051591767,0.0010030154361052412
COSMOS 1574,15055,6,3838.3155,-6142.3566,1250.8191,1.434279,-0.564408,-7.209492,979.2216905361856,7.3724139559827355,0.001003019264776071
COSMOS 1574,15055,12,-2949.8654,5443.7592,-4004.2689,-2.829669,2.969821,6.09476,1002.6279760514781,7.346629354962859,0.0009963384888447984
COSMOS 1574,15055,24,80.779,1523.6442,-7200.02,-4.040873,6.024035,1.212163,988.9120168270119,7.354385863001954,0.000999249154906686
USA 3,15071,1,-4992.998,380.4984,4742.8832,-5.085919,1.465667,-5.459635,526.0826520528808,7.60410193005558,0.0011025099036318289
USA 3,15071,6,-6660.6427,1286.758,-1289.9346,1.528477,0.512879,-7.426626,534.348550211239,7.59960923679935,0.0011005395573503488
USA 3,15071,12,-2661.9697,-214.7126,6356.4773,-6.899888,1.465604,-2.836395,523.7072345192537,7.602735434919789,0.0011026915540163474
USA 3,15071,24,4881.2009,-281.8716,-4886.8571,5.233125,-1.404971,5.30993,541.8102925559724,7.586494406599533,0.0010974544484128278
COSMOS 1577,15077,1,-1417.0232,-5891.0196,4199.6144,2.038869,3.789936,5.953198,1001.1657459399103,7.345826577755631,0.0009964272143231743
COSMOS 1577,15077,6,-2491.7285,-6741.0208,-1714.2388,0.283832,-1.897183,7.076642,1017.4157305318386,7.332034229044283,0.0009923689321846678
COSMOS 1577,15077,12,2409.3343,5441.2635,4279.7913,0.705965,4.35056,-5.929195,958.9968497363234,7.387903101885541,0.0010078999013691664
COSMOS 1577,15077,24,1196.3112,729.5761,7203.4393,2.263193,6.931121,-1.100219,967.4589337081625,7.3738024600507845,0.0010048162055087992
COSMOS 1579,15085,1,-2896.7518,-6623.2617,1001.3418,3.2641,-0.401827,6.633884,927.044391336447,7.40433863848656,0.001014564757550159
COSMOS 1579,15085,6,-4344.785,-4730.3636,-3502.7349,0.531795,-4.664765,5.699641,944.9174588091109,7.384358195275403,0.00100935504492111
COSMOS 1579,15085,12,4403.5403,3659.6946,4560.132,0.454403,5.551433,-4.839951,948.7906798225622,7.379025418190332,0.0010080924087803567
COSMOS 1579,15085,24,3822.7661,904.2734,6159.9495,2.438227,6.53658,-2.437552,934.9037004197517,7.390093961015178,0.0010115235929800976
METEOR 2-11,15099,1,-898.2855,-4685.9161,5557.4208,0.413763,-5.662311,-4.705788,953.5923083829111,7.374103768040832,0.0010067596198632455
METEOR 2-11,15099,6,-944.4996,232.3403,7259.5504,-0.311359,-7.361451,0.193672,953.4203538262609,7.370577595810657,0.0010063018286437212
METEOR 2-11,15099,12,835.3011,-1984.8866,-6998.1739,0.55528,7.090932,-1.944401,951.017527783034,7.37362514343013,0.0010070482780806347
METEOR 2-11,15099,24,445.2504,-5050.7279,-5283.451,0.921004,5.330689,-5.014719,951.7696063674957,7.3764422475674545,0.0010073295548112407
COSMOS 1589,15171,1,-6282.3878,-835.2192,-4693.7558,-3.98549,-1.678063,5.636216,1515.5284562772695,7.104009907842542,0.0009007778196993782
COSMOS 1589,15171,6,7658.4445,1664.7727,739.9567,0.461421,1.042202,-7.027789,1501.1519434091479,7.119614636802051,0.000904405134451559
COSMOS 1589,15171,12,6389.8652,2006.1042,-4148.5854,-3.848586,-0.079372,-5.980347,1507.1718790923724,7.112135006746497,0.0009027646408199298
COSMOS 1589,15171,24,-2449.1605,452.4709,-7482.476,-6.57562,-1.730471,2.044593,1515.0994262488884,7.100258361629526,0.0009003511086857857
COSMOS 1598,15292,1,-2825.833,-1134.1968,-6718.4136,-5.119704,-4.408623,2.8728,1005.233173218171,7.341682752867015,0.0009953159804550916
COSMOS 1598,15292,6,2183.3094,2692.6239,-6489.2878,-5.432881,-3.653817,-3.36456,986.1679030866499,7.3611710089665765,0.001000544109626511
COSMOS 1598,15292,12,-4331.4744,-4001.936,4446.1643,3.981189,2.142731,5.77798,1014.4951904761165,7.336635119213849,0.0009933843202111518
COSMOS 1598,15292,24,-5886.7127,-4200.6869,-1529.7656,-0.694794,-1.625676,7.116868,1020.842776677292,7.333169252706227,0.0009920623955698583
COSMOS 1602,15331,1,-4835.7532,-111.4768,-4574.6823,5.252164,-1.266675,-5.531211,286.6763389475291,7.7320105642091566,0.0011613677461273916
COSMOS 1602,15331,6,6314.127,-922.3746,-1903.1353,2.310987,0.725209,7.345911,287.89620319766345,7.734920647800532,0.001161592013416
COSMOS 1602,15331,12,6300.7462,-955.7458,-1929.5506,2.345308,0.709272,7.336764,287.5297347832302,7.735091620436308,0.0011616816216993473
COSMOS 1602,15331,24,6286.9821,-1018.1654,-1939.7509,2.364254,0.684407,7.333518,286.73522014268565,7.735541104181982,0.0011618877663951612
COSMOS 1603,15333,1,-7092.5633,840.8774,-998.5918,-1.253899,-2.310524,6.96307,840.7067708944523,7.44279031557903,0.0010320428370184436
COSMOS 1603,15333,6,-6268.3565,1588.8606,-3193.7994,-3.636642,-1.860743,6.21883,841.2899154682464,7.4405225701635365,0.0010316449639948331
COSMOS 1603,15333,12,6906.8723,-1216.4293,1785.2529,2.132676,2.149693,-6.770215,865.8303232398775,7.416555673724158,0.001024834816135888
COSMOS 1603,15333,24,7127.7568,-333.6476,-1205.3901,-1.055091,2.496428,-6.904143,865.6568948727981,7.417045256833345,0.0010249270297847549
COSMOS 1605,15359,1,5370.9633,2268.0787,-4495.5579,-4.503969,-0.66346,-5.777733,991.1646675141001,7.35582181294857,0.0009991384524997767
COSMOS 1605,15359,6,6919.5232,1965.6835,1418.7662,1.139968,1.28517,-7.186725,960.8899656072936,7.389195165615061,0.0010078158838002995
COSMOS 1605,15359,12,-5963.108,-1289.1895,-4184.905,-3.761879,-1.928809,5.976196,1027.2495528063437,7.320311222860542,0.000989465301300057
COSMOS 1605,15359,24,-1497.9509,485.0757,-7226.6719,-6.857777,-2.219943,1.255444,1025.2113330941884,7.316651689271125,0.0009892431894871533
NOVA 3,15362,1,130.8016,1031.0277,-7478.5443,1.010273,7.117274,1.020661,1179.4140299583796,7.260715502106249,0.0009616314381300588
NOVA 3,15362,6,-1049.0199,-7388.7655,-1310.7197,0.161811,1.245211,-7.133424,1206.0894475751275,7.243098176748538,0.0009559209016684533
NOVA 3,15362,12,511.2012,3705.4267,-6549.2184,0.890929,6.241383,3.621183,1171.1333418902695,7.270597125079823,0.0009639974255954494
NOVA 3,15362,24,-993.937,-7062.7981,2550.78,-0.356703,-2.423343,-6.817947,1203.794147020275,7.244600031793819,0.0009564088331883784
COSMOS 1607,15378,1,-3961.6858,-5224.5794,3215.1174,4.507334,0.177318,5.869442,931.6135171326678,7.402557048212732,0.0010136859948627415
COSMOS 1607,15378,6,-5967.5039,-3909.0548,-1552.6187,0.572908,-3.453187,6.526217,929.8518032835,7.405689189030418,0.0010143596101621687
COSMOS 1607,15378,12,5998.6057,2895.041,3124.4998,1.00885,4.295511,-5.875516,986.1075658816853,7.34784875592013,0.0009987415149393095
COSMOS 1607,15378,24,4744.0506,312.9524,5598.5552,3.938854,5.075638,-3.583397,973.914950322649,7.356453357424962,0.0010015709381497747
COSMOS 1610,15398,1,-1925.3481,915.0258,-7034.6413,-7.103315,-0.076192,1.945076,979.5384660244408,7.365202635085134,0.001001994978888754
COSMOS 1610,15398,6,4225.8278,633.3146,-5998.6134,-6.031029,0.66895,-4.152975,993.9216357328323,7.353095011759742,0.0009983941955450401
COSMOS 1610,15398,12,-6282.4436,-290.4097,3819.9467,3.816199,-0.881528,6.235057,987.3577088828688,7.363178811874258,0.0010006551873641002
COSMOS 1610,15398,24,-7018.3054,511.5946,-2121.2518,-2.180646,-0.788054,6.999471,978.697199301585,7.373522927615604,0.001003241729239714
NOAA 9,15427,1,-4896.6437,4895.9129,-2076.5961,-0.616043,2.348458,7.011408,858.061765656129,7.419879116136395,0.0010263958666651323
NOAA 9,15427,6,-4495.4602,3948.4763,-4058.9667,-2.134428,3.761841,6.02482,859.1340356285664,7.416581869625994,0.001025787604085713
NOAA 9,15427,12,4880.5484,-4715.3759,2413.4407,0.906869,-2.614401,-6.913502,831.722997274007,7.446745186721915,0.0010338791578601958
NOAA 9,15427,24,4731.0895,-5309.1885,-1179.2387,-1.681855,0.094229,-7.248514,837.4182937118867,7.441671220476084,0.0010323584061385103
COSMOS 1617,15469,1,-628.0683,1391.6008,-7648.8429,-6.447354,2.880149,1.053918,1428.7320649433805,7.139634095262935,0.0009153691480445442
COSMOS 1617,15469,6,5530.3962,-3249.1537,4415.4963,4.02813,-1.071314,-5.817042,1416.0976281610738,7.156222649782496,0.0009189845808408646
COSMOS 1617,15469,12,6730.036,-2809.8978,-2755.4673,-1.925844,1.868436,-6.626704,1425.2497554343481,7.1493450121006195,0.0009170235993423882
COSMOS 1617,15469,24,-4384.911,2945.1401,-5737.3147,-5.037939,1.750143,4.753126,1427.5944024154187,7.143951053866901,0.0009160562385003945
COSMOS 1618,15470,1,4035.1586,-3353.4674,-5770.3276,-3.115014,4.366702,-4.71659,1428.033859481473,7.142661955118694,0.0009158393313596386
COSMOS 1618,15470,6,-286.4312,-1175.6343,7685.5204,4.823121,-5.250889,-0.61887,1409.191685201984,7.156628504251286,0.0009198524655714173
COSMOS 1618,15470,12,4188.1422,-5415.2264,3716.9864,2.900581,-2.037433,-6.213679,1418.813858396281,7.153622165175555,0.0009183303086844619
COSMOS 1618,15470,24,1348.4927,-19.4638,-7680.3831,-4.614583,5.386794,-0.820762,1426.8904816770382,7.140418483742322,0.0009156859153793452
COSMOS 1619,15471,1,-664.1011,2143.0908,7440.1652,-1.233358,-6.809538,1.834113,1400.0955888701365,7.159256262097132,0.0009212673014022258
COSMOS 1619,15471,6,1464.8791,4241.3886,-6369.7264,0.35028,5.905662,4.001709,1420.5763773888357,7.142353579691012,0.0009166763224471662
COSMOS 1619,15471,12,1104.547,7700.6931,446.053,-0.970623,-0.279806,7.075158,1421.2821801065202,7.146905703220731,0.0009171774761271586
COSMOS 1619,15471,24,-1469.8841,-3872.5418,6562.7273,-0.469989,-6.113053,-3.718359,1389.575292743788,7.170529986954311,0.0009239688704082062
COSMOS 1620,15472,1,531.8201,5348.3149,-5627.6465,-0.824858,5.195122,4.849741,1410.8834492228334,7.154695736516612,0.0009194041241045755
COSMOS 1620,15472,6,297.4026,-7771.1559,-187.6414,0.915212,0.209191,-7.099527,1408.1080223625595,7.161330707567833,0.0009205850705480879
COSMOS 1620,15472,12,990.7244,-3921.9019,-6641.5483,0.268927,6.177062,-3.606913,1405.4396204954783,7.158088995866285,0.0009204840962180846
COSMOS 1620,15472,24,-127.9181,7761.6387,-612.7721,-0.933352,0.54624,7.071964,1415.840694157273,7.154173530939825,0.0009187517520819246
COSMOS 1621,15473,1,-3419.7309,6187.4596,3256.6837,0.546953,-3.085036,6.434629,1412.6498156001762,7.156888644735644,0.0009194772136834364
COSMOS 1621,15473,6,1851.3866,-1670.7612,-7372.0238,-2.681826,6.290655,-2.095758,1411.4038855517801,7.152393488746617,0.0009190468130323084
COSMOS 1621,15473,12,-1450.4132,4876.2505,-5888.6865,-2.863932,4.687977,4.584786,1410.911467291744,7.155382415982321,0.0009194890543354553
COSMOS 1621,15473,24,-2197.4476,2574.2868,7008.9678,2.383891,-6.053642,2.970474,1412.4027330491408,7.152148876297319,0.0009188974439069621
COSMOS 1622,15474,1,-3676.2871,6186.7334,-2967.7659,-2.235531,1.812039,6.553665,1413.496865019908,7.157625941728654,0.0009194718767107305
COSMOS 1622,15474,6,4270.2371,-5652.1067,-3249.0394,-0.97172,2.965016,-6.432379,1422.4262081034467,7.149199901967842,0.0009173372161443255
COSMOS 1622,15474,12,1453.1422,-397.4271,-7642.1912,-3.791683,5.970489,-1.026694,1418.2654910840401,7.146866407121795,0.0009175276430495834
COSMOS 1622,15474,24,-4329.0311,6135.1747,2046.5138,0.297274,-2.077344,6.845523,1411.615087351921,7.159952169459025,0.0009199930986045
COSMOS 1624,15482,1,-1633.1614,-1101.8823,-6882.4147,4.316916,-6.077686,-0.061696,787.8401898826705,7.45505447747151,0.0010413774130630083
COSMOS 1624,15482,6,-1989.5029,-579.7606,-6851.5741,4.112844,-6.1815,-0.681295,787.0941451067529,7.455909796621804,0.0010416054393079808
COSMOS 1624,15482,12,-205.8489,3446.3661,6261.8377,-4.565346,5.106974,-2.967462,779.5541355898922,7.46521253936122,0.0010440047579257114
COSMOS 1624,15482,24,-3802.8386,6019.5207,645.444,-2.091091,-0.550962,-7.154135,778.3222638593124,7.473812166086996,0.0010453875053119397
COSMOS 1627,15505,1,-685.6297,-3053.3798,6630.6282,0.683003,-6.697824,-3.031289,961.0151810539355,7.383498658123126,0.0010070217362891207
COSMOS 1627,15505,6,-954.3567,3136.0836,6585.2516,-0.100933,-6.665374,3.118672,985.0421214350317,7.359586474384889,0.001000481828800236
COSMOS 1627,15505,12,823.3972,-5442.382,-4878.3924,0.482351,4.92173,-5.456192,984.0130653364304,7.363838660709847,0.001001199942854624
COSMOS 1627,15505,24,157.1903,-7299.9818,688.9359,0.929557,-0.68746,-7.297667,963.1036088300607,7.388681960318633,0.00100744172081546
METEOR 2-12,15516,1,-5783.3482,-2681.2892,-3624.7489,3.718121,0.51055,-6.339921,962.159807649844,7.367474693501295,0.0010046794133431614
METEOR 2-12,15516,6,-6792.4528,-2332.1508,1417.1143,-1.041762,-1.390694,-7.175071,949.1472207485676,7.382475311257126,0.001008514595216322
METEOR 2-12,15516,12,6361.8527,1911.1724,-3103.5453,2.638982,1.895709,6.614241,960.9672086126484,7.36926879785817,0.001005087528105923
METEOR 2-12,15516,24,4501.0259,824.0087,-5736.1522,5.252916,2.520562,4.496346,966.6880931061214,7.359584679220424,0.0010029841260403088
GEOSAT,15595,1,-4694.9246,2641.9117,4676.2503,-2.395068,4.867373,-5.143842,762.6758616110492,7.475746194642847,0.0010479514824709942
GEOSAT,15595,6,-4698.0005,2573.0097,4711.3632,-2.46719,4.868559,-5.108505,762.6197555384588,7.475741874062132,0.0010479591189673453
GEOSAT,15595,12,5238.9169,-4743.5268,-1020.2696,-0.82134,-2.410486,7.025136,769.6054956220632,7.47245461480309,0.0010464735265636065
GEOSAT,15595,24,1025.8128,-3700.6407,6010.1036,-5.523212,3.816518,3.285942,761.2071460294319,7.47456321590981,0.001048001419878974
COSMOS 1634,15597,1,1143.6871,1611.0567,7086.3376,0.894869,7.0823,-1.777447,985.609576054384,7.356567246683062,0.0009999942460761461
COSMOS 1634,15597,6,61.5408,-4301.6074,5991.1182,1.463997,5.861143,4.168677,1004.7108660908498,7.339901389854431,0.000995144945770441
COSMOS 1634,15597,12,523.5744,6190.0864,-3908.1019,-1.395157,-3.777651,-6.184147,968.247935080537,7.379755026425945,0.0010055192428030384
COSMOS 1634,15597,24,1409.098,6994.2487,1718.9576,-0.577363,1.85937,-7.120763,967.9295732861101,7.382131842011358,0.001005886726162696
COSMOS 1635,15617,1,-6677.957,1608.5134,-3822.7979,2.680331,-2.949086,-5.907525,1490.05647073426,7.126018111861771,0.0009064962372921571
COSMOS 1635,15617,6,4092.7215,354.4091,6729.6314,-5.455338,3.286097,3.141249,1513.4095445753592,7.101168317090787,0.0009006594947844308
COSMOS 1635,15617,12,-543.4453,2548.217,7437.1344,-6.551083,2.412531,-1.313137,1509.336969752274,7.10361338190776,0.0009014352316625704
COSMOS 1635,15617,24,-7156.2347,3256.5409,248.9234,-0.998548,-1.695124,-6.845975,1495.3025986752154,7.123055326494734,0.0009055150418055806
COSMOS 1636,15618,1,-2181.1242,-6817.0259,-3289.1326,1.185401,-3.345639,6.15838,1506.0259716138562,7.108032081632862,0.0009023750978158268
COSMOS 1636,15618,6,1107.5297,7702.9202,-1085.2752,-2.089015,-0.64408,-6.783398,1486.4438530405778,7.1269426224033126,0.0009070306776223944
COSMOS 1636,15618,12,-624.6335,5400.9536,-5684.7254,-2.268509,-5.004631,-4.520365,1495.1661355504284,7.115206550934906,0.0009045329615882853
COSMOS 1636,15618,24,-2632.8609,-4567.9808,-5853.1999,0.122902,-5.627621,4.334657,1506.7124964850964,7.104538994818313,0.0009018530440135051
COSMOS 1637,15619,1,3873.2286,-1254.8955,6710.9364,6.086202,1.995764,-3.121484,1478.4158934676898,7.125208143679454,0.0009077373705741693
COSMOS 1637,15619,6,-6998.4654,-187.8004,-3554.5155,-2.999292,-2.276337,6.051397,1480.6474312705586,7.127192174372878,0.0009077320698313056
COSMOS 1637,15619,12,-7411.7767,-1781.967,1845.0202,2.045022,-1.581731,6.651328,1472.0822881160657,7.136116037483486,0.0009098611713275298
COSMOS 1637,15619,24,1508.1106,-1920.8669,7454.965,6.916809,1.380092,-1.030948,1473.7836414124877,7.128096130780575,0.0009086415198440234
COSMOS 1638,15620,1,3280.1705,-7032.4445,1158.5039,2.219969,-0.075709,-6.775313,1474.82216475531,7.130137478450959,0.0009087814289853114
COSMOS 1638,15620,6,-4068.5264,5713.0371,3532.7029,-0.016296,-3.753292,6.052856,1482.1324802999325,7.122115707682374,0.0009069139894874613
COSMOS 1638,15620,12,-2939.7409,1269.02,7169.4605,2.507372,-6.308504,2.141602,1480.9839646163991,7.1183281879106985,0.0009065642798034493
COSMOS 1638,15620,24,2565.3255,-6928.873,2641.3018,2.745682,-1.427114,-6.422259,1475.4419433117891,7.1288733105029305,0.0009085485321891019
COSMOS 1639,15621,1,2419.9785,5118.5877,5430.2207,-4.407028,-2.977803,4.739293,1473.9686317895512,7.123910768632774,0.0009080865842809249
COSMOS 1639,15621,6,1122.0714,-1972.1648,-7511.7345,4.835038,5.183306,-0.6575,1475.9505811842118,7.1187470668004496,0.0009071991715954115
COSMOS 1639,15621,12,4603.1457,2663.317,-5787.6259,2.701024,4.897783,4.389267,1488.9504665276545,7.1098153113111175,0.0009045623559065596
COSMOS 1639,15621,24,2976.7662,5334.1572,4925.1871,-4.241288,-2.442972,5.174883,1475.7724583920926,7.122924269948194,0.0009077521118036568
COSMOS 1640,15622,1,4846.1128,305.0844,6108.1101,-5.227322,2.836918,3.982524,1432.0054950108297,7.157757780267784,0.0009173077969564918
COSMOS 1640,15622,6,-135.3914,-2219.9946,-7542.4282,6.787449,-2.028435,0.479415,1492.5189328555925,7.100271207429403,0.000902938146147628
COSMOS 1640,15622,12,5363.7755,-3184.2605,-4767.3209,4.726687,0.054394,5.319029,1479.9203988982918,7.115939727544493,0.000906382865446332
COSMOS 1640,15622,24,4766.4079,245.309,6172.4045,-5.228616,2.949847,3.898717,1431.3969449319648,7.158213243886633,0.0009174377174614577
COSMOS 1641,15623,1,-1983.0946,-1234.399,-7476.1714,1.238688,-6.9645,0.854064,1461.5949650117955,7.125169017464779,0.0009096817911934564
COSMOS 1641,15623,6,615.0368,6011.8699,4996.1018,-2.091295,4.500069,-5.107833,1470.038397804432,7.121382852906801,0.0009082193571327056
COSMOS 1641,15623,12,-1274.9143,7703.6394,-906.1246,-1.810912,-1.090019,-6.784795,1489.822365904347,7.106404638361792,0.0009040281420408661
COSMOS 1641,15623,24,-1855.7069,-2086.8564,-7312.5656,1.290747,-6.815032,1.650962,1456.6582313762228,7.129962447620394,0.0009108678786001157
COSMOS 1642,15624,1,1330.6638,3065.466,-7035.3497,-6.189688,-2.738617,-2.343066,1417.7029309812897,7.162556728598315,0.0009196084113193817
COSMOS 1642,15624,6,3557.4934,-297.2341,6990.371,5.38282,3.85948,-2.578036,1478.1651861129394,7.107503544852862,0.0009055107615046432
COSMOS 1642,15624,12,6847.5654,3030.2634,2307.5026,0.988058,2.676007,-6.529401,1464.5737779478204,7.125331535740214,0.0009093567028611882
COSMOS 1642,15624,24,-189.2221,2309.8146,-7431.5365,-6.377679,-3.164781,-0.809874,1413.5220303069236,7.165648896009209,0.0009204995333190271
COSMOS 1655,15751,1,-2444.475,4319.8792,5462.8377,1.462727,-5.307794,4.856753,1010.016872000695,7.341682172770352,0.000994670829248534
COSMOS 1655,15751,6,-2651.0578,6868.028,-426.3248,-0.999492,0.078673,7.284625,1003.2571763412134,7.353294165856416,0.0009971572715754948
COSMOS 1655,15751,12,1915.203,-6136.0001,3619.8962,2.05003,-3.092629,-6.342748,1006.1368604075287,7.348294313923811,0.0009960902790568365
COSMOS 1655,15751,24,-444.238,-1347.6372,7243.7418,2.721519,-6.726893,-1.087296,1010.4137323777668,7.337572329621426,0.0009940605682941148
COSMOS 1656,15755,1,-5329.7192,-4567.1477,1603.0797,0.395924,-2.914015,-6.83812,828.6256422828001,7.4436633701693555,0.0010338958912604209
COSMOS 1656,15755,6,-5282.9236,-3668.9745,3217.1081,-1.037902,-4.002929,-6.197455,820.6924414335754,7.4504449274972835,0.0010359793592636074
COSMOS 1656,15755,12,5382.7421,4617.6625,-1260.0871,-0.681751,2.636394,6.924014,832.0923205665695,7.440250507975723,0.0010329244964321794
COSMOS 1656,15755,24,3991.2156,5148.4256,3028.3554,-3.918656,-0.710503,6.306614,812.8029311171867,7.458824270911669,0.0010382835306635718
COSMOS 1660,15821,1,1120.3472,7336.1781,2588.0845,-1.765253,2.545696,-6.425205,1488.5717658538942,7.1330179847277835,0.0009075580956862507
COSMOS 1660,15821,6,-37.4301,-7793.2398,1294.8685,2.033078,1.12264,6.706227,1529.1691136951176,7.096985789700653,0.0008983334011670549
COSMOS 1660,15821,12,1274.9871,-5551.6798,5451.2062,1.687001,5.048339,4.710639,1513.3128896444032,7.107870202897842,0.0009015205639839111
COSMOS 1660,15821,24,2204.4743,3668.6521,6590.2581,-0.531757,6.283333,-3.327337,1487.1306297878828,7.129811400556609,0.0009073164772203674
COSMOS 1670,15930,1,4128.6962,-2057.4331,5640.1935,-1.608587,6.345761,3.482283,915.3534082771685,7.4150205460119265,0.0010176586463111431
COSMOS 1670,15930,6,4060.4763,-5784.6189,1838.2324,1.669179,3.259361,6.434385,931.6284280051286,7.403438592342547,0.001013804641072907
COSMOS 1670,15930,12,-3509.1683,6449.7584,-307.0972,-2.623411,-1.701183,-6.65983,978.0104276931934,7.35728513130421,0.0010011259616097203
COSMOS 1670,15930,24,-1646.1393,6498.602,2958.6906,-3.968308,1.760691,-5.964574,956.7181042898237,7.377238248953398,0.0010067579216283694
OSCAR 30,15935,1,593.2145,-2747.5761,6820.7352,1.398798,-6.723883,-2.77427,1006.2289199143397,7.407011035187743,0.0010040370328204143
OSCAR 30,15935,6,-1289.0416,6211.7189,3869.9486,0.820777,-3.842419,6.222129,1060.2571013113075,7.358855070452943,0.0009902570951494077
OSCAR 30,15935,12,1410.6085,-6702.1487,2935.7287,0.598094,-2.944768,-6.696581,1080.6519334431896,7.339861858115655,0.0009849979472570615
OSCAR 30,15935,24,-1204.1151,5807.6758,4453.2772,0.93944,-4.410346,5.832254,1045.9177689922844,7.372169699201992,0.000993966756652289
OSCAR 24,15936,1,335.2673,-4085.6642,6139.8723,0.467401,-6.174547,-4.057852,1011.6206714091859,7.40335445618498,0.0010028084586353042
OSCAR 24,15936,6,-408.9045,5453.3586,5016.7053,0.407581,-5.04324,5.355242,1050.1626432360508,7.3674289170459595,0.0009927593924600121
OSCAR 24,15936,12,570.1594,-7272.0429,1577.5773,0.108871,-1.670044,-7.136338,1092.00474462693,7.329953608776866,0.0009821719079107036
OSCAR 24,15936,24,-371.4446,4974.7005,5477.0155,0.443153,-5.503041,4.896311,1037.3274052116285,7.379275454799814,0.0009960784737468031
COSMOS 1677,15986,1,-3005.7783,-855.0521,6600.0297,2.121222,-7.080205,0.093498,931.4796694922325,7.391726962713991,0.0010122215051956405
COSMOS 1677,15986,6,-3610.5882,3895.6621,4980.5063,-0.404805,-5.959782,4.395289,910.3441995070762,7.416295164640496,0.001018533798353133
COSMOS 1677,15986,12,3417.576,-5171.5543,-3968.8132,1.222137,4.908418,-5.316241,989.4536415983712,7.33816083767411,0.0009969712731022079
COSMOS 1677,15986,24,2474.13,-6775.4872,-1476.5663,2.554839,2.338182,-6.469556,991.6621606970066,7.338218599781626,0.0009966800648485727
COSMOS 1680,16011,1,-2478.481,-2971.6056,6024.1439,-0.547582,-6.576317,-3.469912,788.861565506666,7.455741453333599,0.0010413248056711547
COSMOS 1680,16011,6,-2441.7112,-2414.2638,6282.7545,-0.807496,-6.807351,-2.93037,788.8622464029386,7.455142236343784,0.0010412410155082512
COSMOS 1680,16011,12,2540.3751,5361.8261,-4000.8449,-0.546509,4.622073,5.834517,785.0774652876171,7.463499147698686,0.0010429595241111204
COSMOS 1680,16011,24,898.7582,6487.9609,2895.0281,-2.613398,-2.540775,6.508481,790.1863990393149,7.45960532698547,0.0010416717162935723
COSMOS 1690,16138,1,-809.3051,-7063.1165,3120.8695,1.328418,2.739796,6.493434,1393.1751573163592,7.171879922077335,0.0009237143388398585
COSMOS 1690,16138,6,-562.4859,2367.3477,-7411.6931,-1.438363,-6.685174,-2.027097,1429.892264925963,7.132290079452321,0.0009142915755317142
COSMOS 1690,16138,12,-1648.078,-4996.0368,-5747.9686,-0.323657,-5.328893,4.745934,1421.0271962836605,7.143230641065288,0.0009167358456438897
COSMOS 1690,16138,24,444.3174,-2772.7094,7225.1971,1.529857,6.579988,2.425874,1380.697136926825,7.177852686177741,0.0009259717658452552
COSMOS 1691,16139,1,5806.3663,-4020.1632,-3302.1964,3.038326,-0.869875,6.412662,1425.1594922489166,7.149149692386151,0.0009170091632288905
COSMOS 1691,16139,6,-6392.1182,3467.4806,-2811.1727,1.770492,-2.081141,-6.606489,1425.4920793503597,7.149229797052687,0.0009169803193910759
COSMOS 1691,16139,12,-2018.377,91.2715,-7532.5404,5.820458,-3.812464,-1.605996,1427.803823566368,7.140856827655628,0.0009156348831441867
COSMOS 1691,16139,24,6628.9384,-3948.9773,1085.7375,-0.380704,1.307471,7.023369,1421.0518443999135,7.154168579340159,0.0009181366759619039
COSMOS 1692,16140,1,-979.8664,1327.0823,-7618.0717,-0.213144,-7.033375,-1.210002,1423.6328982937448,7.139880888037629,0.0009159996347744046
COSMOS 1692,16140,6,835.0782,4799.558,6043.2381,-0.513788,5.638623,-4.402764,1391.3346570971062,7.172334228462098,0.0009239918845684435
COSMOS 1692,16140,12,-10.1522,7726.9933,-855.2907,-0.927508,-0.767739,-7.064176,1403.191321733484,7.166050294350508,0.0009217743682635053
COSMOS 1692,16140,24,-931.1267,-4097.5756,-6572.8937,0.371095,-6.072253,3.729363,1430.2854274579604,7.135693125464618,0.0009146817139069574
COSMOS 1693,16141,1,2996.5495,-6855.8978,2182.6861,0.078272,2.212421,6.796905,1423.0209238318248,7.1483460161249885,0.0009171576630321132
COSMOS 1693,16141,6,-2057.7712,2783.9078,-6975.3417,1.975719,-6.155431,-3.052081,1416.1661586362188,7.14898557791824,0.0009180471345137261
COSMOS 1693,16141,12,686.2197,-4139.6675,-6572.7413,2.640978,-5.488804,3.724853,1426.9915801410061,7.139766384028892,0.0009155904197449503
COSMOS 1693,16141,24,2316.752,-3747.8122,6414.7198,-1.641024,5.74792,3.931423,1411.1633385893974,7.154553158646947,0.0009193527361690905
COSMOS 1694,16142,1,-3136.8628,3642.2108,-6124.2855,2.459217,-5.14055,-4.323996,1414.4017637608613,7.153316990292336,0.0009188115407979682
COSMOS 1694,16142,6,180.6422,1614.0783,7608.983,-3.773652,5.963413,-1.181277,1409.3921917369134,7.155288909359426,0.0009196565845303567
COSMOS 1694,16142,12,-3319.1216,6321.3476,3088.5055,-2.198973,2.028325,-6.508033,1408.1304076447113,7.162686513414014,0.0009207567090500367
COSMOS 1694,16142,24,-863.0131,-511.3355,-7725.5303,3.637212,-6.150975,-0.006655,1419.3834321906106,7.145897345511898,0.0009172715833195534
COSMOS 1695,16143,1,462.6077,-2208.5584,-7458.3229,4.368029,-5.344119,1.851927,1421.1958760656335,7.146252083738091,0.0009171037532165212
COSMOS 1695,16143,6,-3770.0432,5762.5594,3640.0911,-2.684775,2.200599,-6.255901,1418.1321586357626,7.154505579089794,0.0009185240965718676
COSMOS 1695,16143,12,-4515.7264,5216.1019,-3620.9124,1.365772,-3.166451,-6.265922,1420.6949734518175,7.152169153583338,0.0009179221180952927
COSMOS 1695,16143,24,3043.0286,-5171.6434,-4972.996,3.311904,-3.270809,5.426171,1422.3694723910994,7.149142000333886,0.0009173364647551406
COSMOS 1697,16181,1,-4250.8033,4942.9693,-3144.8322,-3.986693,0.518343,6.230995,867.2486667832991,7.415369123106617,0.001024470070658961
COSMOS 1697,16181,6,-2628.3413,4492.1709,-5034.8754,-5.218408,2.2597,4.749823,870.3912805218351,7.409375457877203,0.0010231977766216303
COSMOS 1697,16181,12,3593.7586,-4873.5964,3919.8352,4.544974,-1.293249,-5.746672,842.3314592028801,7.439994671521009,0.001031422819483631
COSMOS 1697,16181,24,4982.3973,-5055.6379,1322.797,2.670845,0.802808,-6.892359,849.3565932835127,7.435222006353946,0.001029758282751617
METEOR 3-1,16191,1,55.2149,-4151.2426,-6342.2724,1.63835,5.902622,-3.868446,1209.2561305696345,7.24499907883362,0.0009557723319685741
METEOR 3-1,16191,6,-1724.9882,-5954.3537,4318.8754,-0.039708,-4.268752,-5.887188,1184.302574719829,7.27205630548279,0.0009625102679296014
METEOR 3-1,16191,12,406.8046,-2730.3346,-7063.8675,1.626044,6.606246,-2.475904,1213.091314593633,7.239931347717877,0.0009546208039170746
METEOR 3-1,16191,24,-1194.4572,-1023.315,7389.415,-1.27058,-7.055352,-1.191035,1183.9557003388072,7.267112889692096,0.0009619001325667862
COSMOS 1703,16262,1,-786.7899,-605.2135,-6721.0933,1.5714,-7.470122,0.4855,422.99859248065786,7.649034638755664,0.00112585166667849
COSMOS 1703,16262,6,1271.0838,-6665.3925,-341.0078,1.058727,-0.179675,7.584027,423.0707624618926,7.6596769842391526,0.0011274061239632423
COSMOS 1703,16262,12,247.4782,-4708.6524,-4893.6884,1.730234,-5.328289,5.212675,424.64853710045554,7.652212361003973,0.0011260459276590242
COSMOS 1703,16262,24,-1481.847,4515.9451,-4851.5733,0.309118,-5.550087,-5.265578,420.71511202405327,7.65671805146154,0.0011273614875138217
COSMOS 1704,16291,1,7178.0704,-1118.0768,-1095.8585,-0.944292,1.074652,-7.235225,975.8153815157657,7.375299661911575,0.0010038770921707758
COSMOS 1704,16291,6,5366.9708,-1556.2504,4783.2882,4.859956,-0.168657,-5.528413,984.6873832302072,7.362809776447711,0.0010009682838389438
COSMOS 1704,16291,12,-3062.7078,1379.6873,-6549.1014,-6.568331,0.784963,3.214795,989.3291544226531,7.354865459609373,0.0009992576833591747
COSMOS 1704,16291,24,2672.4249,360.2874,-6835.0541,-6.724633,1.584829,-2.556743,976.763360823863,7.3667704397503115,0.0010025867843033416
COSMOS 1707,16326,1,-4079.6785,-4835.0282,-2327.9305,-0.874478,-2.696336,7.14612,369.95948444935675,7.687780606376589,0.0011404579161336666
COSMOS 1707,16326,6,-220.0724,-1693.2355,6506.4095,4.755274,5.815168,1.667955,355.7260165248481,7.694860854188658,0.0011439236316873162
COSMOS 1707,16326,12,-2091.2699,-3796.6212,5148.6686,4.152833,4.301082,4.843887,359.2697333436354,7.694710492629466,0.0011432989757465028
COSMOS 1707,16326,24,-4217.0384,-5244.6908,-353.4486,0.538676,-0.935906,7.614926,368.0741476497469,7.691111093937468,0.0011412711784184397
COSMOS 1709,16368,1,-1672.7412,1591.0269,-6971.5007,-6.651059,2.35049,2.136905,972.7900112136604,7.370736193936533,0.0010036692474433128
COSMOS 1709,16368,6,3977.5714,-769.7158,-6138.4351,-5.578921,2.751536,-3.936545,983.8570435991214,7.361500962477829,0.0010009033375957307
COSMOS 1709,16368,12,-5829.7921,1799.2578,4121.3386,3.557953,-2.238831,6.037833,991.6921989129223,7.357093252953845,0.0009992395518096078
COSMOS 1709,16368,24,-6559.2529,2906.8454,-1599.8468,-1.843155,-0.197047,7.134601,979.7182349162194,7.37147063369549,0.0010028231797378244
METEOR 2-13,16408,1,-3533.2021,6013.3125,2254.8999,-2.006231,1.428112,-6.949128,958.9398265688833,7.372573951496791,0.0010058164358694149
METEOR 2-13,16408,6,-1323.8793,3580.1833,6254.5545,-3.838168,5.078305,-3.713197,956.3338163371291,7.369433304539638,0.0010057455398181318
METEOR 2-13,16408,12,369.5454,-2275.2295,-6946.3834,4.027606,-5.805618,2.11772,947.8438581600421,7.3764184026911055,0.0010078666174121028
METEOR 2-13,16408,24,-1504.3943,637.2779,-7135.8709,3.705543,-6.234899,-1.332306,949.5176615569826,7.374283269761611,0.001007344509048448
COSMOS 1716,16449,1,4374.3436,-4926.9443,-4261.7451,-0.675938,4.289975,-5.656676,1475.7912781937475,7.1315328681458805,0.0009088470197957766
COSMOS 1716,16449,6,-3173.9596,1383.2112,7058.1451,2.785981,-6.077298,2.432425,1490.596849170759,7.114206385380593,0.0009049314689967852
COSMOS 1716,16449,12,-335.1827,-3441.3012,7051.5605,3.960639,-5.387379,-2.450356,1482.6238053946136,7.121429512724113,0.0009067698796360019
COSMOS 1716,16449,24,4230.9166,-6321.0603,-1926.1097,0.752454,2.524088,-6.629622,1475.4232086235152,7.133659307588498,0.0009091606605858753
COSMOS 1717,16450,1,2306.7707,3620.1836,6575.362,-0.260558,6.288849,-3.351055,1481.5349913980926,7.130713977519362,0.0009080779627636891
COSMOS 1717,16450,6,-1856.4197,-6706.5334,-3702.0773,1.298513,-3.631534,5.970132,1511.2116619029557,7.1075066867185575,0.0009017147713846895
COSMOS 1717,16450,12,-608.5384,-7750.939,1192.8236,2.064072,0.901034,6.758512,1494.7614066733886,7.123885172045096,0.0009056828454014792
COSMOS 1717,16450,24,2070.3902,-814.3665,7524.3462,1.082756,7.03657,0.466272,1475.3682117290882,7.134639969782638,0.0009092920160332868
COSMOS 1718,16451,1,-7428.0505,-192.4739,-2553.8015,-2.158531,-2.134494,6.448213,1486.1548625525838,7.127045082456403,0.0009070770790612893
COSMOS 1718,16451,6,7530.0064,1430.2494,-1807.5396,-1.915296,1.686627,-6.637687,1503.8847061915449,7.111396354775481,0.0009030476788040111
COSMOS 1718,16451,12,4402.1395,2272.3306,-6116.0541,-5.847434,0.488934,-4.016741,1499.7328939104154,7.110959787665305,0.0009034685693840599
COSMOS 1718,16451,24,-5623.4444,979.737,-5401.9294,-4.922735,-1.887933,4.788898,1487.9982028019786,7.122580638161845,0.0009062962548613922
COSMOS 1719,16452,1,-5291.2774,-4836.9785,3167.3703,-0.590568,-3.454603,-6.217524,1466.4876172492359,7.137272388021141,0.0009106582028037891
COSMOS 1719,16452,6,4699.3119,6121.6549,1428.6746,-2.355787,0.213089,6.72433,1477.5222915438535,7.12823633588211,0.0009082265515843928
COSMOS 1719,16452,12,1635.1818,4580.6753,6139.1831,-4.674934,-3.664213,3.959344,1461.3671299554735,7.138478109797705,0.0009114074955061877
COSMOS 1719,16452,24,-5100.4163,-3760.9225,4604.9422,-1.741653,-4.308064,-5.420268,1462.5354182931205,7.139473075257655,0.0009113985823802278
COSMOS 1720,16453,1,6847.3398,-2623.2844,-2741.3915,2.968942,1.113695,6.400108,1457.340228695968,7.142570655167018,0.0009123991097097239
COSMOS 1720,16453,6,-7436.1137,1356.5733,-2176.1576,1.481801,-2.343211,-6.545917,1494.8591379224645,7.108825596750211,0.0009037570432042848
COSMOS 1720,16453,12,-4107.43,-848.0149,-6650.7391,5.78823,-2.55773,-3.234302,1491.7247854538837,7.106778363858268,0.000903856939900259
COSMOS 1720,16453,24,6353.0189,-2891.3164,-3548.6131,3.700789,0.742022,6.060992,1459.2755125319682,7.140172259481489,0.0009118673088902169
COSMOS 1721,16454,1,-904.7508,-4616.366,-6235.1162,2.238939,-5.610169,3.828365,1439.6390957180374,7.151448987967893,0.0009156035633356139
COSMOS 1721,16454,6,-796.9493,7482.363,2249.062,-2.242287,1.714122,-6.532956,1482.6083509673117,7.11657075558088,0.0009061529984117871
COSMOS 1721,16454,12,-2305.7553,6520.9163,-3686.8845,-1.032102,-3.765054,-5.966045,1466.855204800866,7.129835839859498,0.0009096666949770022
COSMOS 1721,16454,24,-1036.2499,-4518.3472,-6286.2982,2.101229,-5.710483,3.757216,1439.6862908659377,7.151325155129363,0.0009155821766254199
COSMOS 1722,16455,1,-4589.6443,-5233.165,3645.349,3.727264,0.893959,5.987065,1486.4436077867267,7.108910390038828,0.0009047357823852401
COSMOS 1722,16455,6,842.779,3321.2172,-7004.9774,-5.586776,-3.740502,-2.457662,1427.106725797461,7.158458199390704,0.0009179738686711364
COSMOS 1722,16455,12,-4015.4757,-832.3263,-6656.1703,-4.315766,-4.730345,3.160768,1447.0186255575181,7.1409001068216185,0.0009133900095195011
COSMOS 1722,16455,24,-4331.4469,-5032.7999,4202.2477,4.100921,1.208992,5.678157,1487.0781882795563,7.1077902065940295,0.0009045201684548528
COSMOS 1723,16456,1,7062.7104,-3275.8927,82.0282,0.92152,1.752532,-6.893834,1414.8897886995992,7.172552874742716,0.0009212245574234717
COSMOS 1723,16456,6,-6031.374,1284.0012,4821.0478,3.5373,-3.305765,5.236378,1456.4282685542557,7.131635722897588,0.0009111084098398027
COSMOS 1723,16456,12,-939.3612,-1933.6149,7486.5322,6.475375,-3.06119,-0.010809,1418.0583787261658,7.162505318755861,0.0009195598454260434
COSMOS 1723,16456,24,7058.1582,-3004.4793,-1371.1882,-0.299239,2.308745,-6.777459,1421.6022688300327,7.166156428018231,0.0009196101867899059
COSMOS 1725,16493,1,3837.6582,3348.3517,5321.1085,3.089276,4.431298,-4.986997,994.6822654586713,7.351881884727814,0.0009981263947814348
COSMOS 1725,16493,6,149.7273,-1185.9495,7251.2069,4.934495,5.408296,0.797427,978.0744987054768,7.364427767923996,0.0010020891432276572
COSMOS 1725,16493,12,1855.9812,3258.9272,-6352.3095,-4.581052,-4.454517,-3.60962,1005.795286128221,7.33880887299792,0.0009948505534372448
COSMOS 1725,16493,24,4648.144,5457.848,-1755.8594,-1.828678,-0.714011,-7.073584,1009.812263457753,7.340944458369169,0.0009945984528984745
COSMOS 1727,16510,1,-5597.1813,-1240.747,4617.2451,-4.226988,-2.124165,-5.635631,990.1713698672102,7.357978069247693,0.0009995661966745416
COSMOS 1727,16510,6,-404.4714,815.0015,7277.3499,-7.011142,-2.300881,-0.11042,963.0061443559089,7.379861658373076,0.001006252450995348
COSMOS 1727,16510,12,-2484.2679,-1679.8765,-6758.9737,6.528175,1.739682,-2.819781,1023.409883926799,7.320841972048707,0.0009900508745075106
COSMOS 1727,16510,24,-6507.7975,-2386.3876,-2570.7495,2.688648,-0.035119,-6.817654,1021.9038320669542,7.328742557613891,0.0009913212350775129
USA 15,16591,1,1685.712,7031.1388,1027.1452,-3.565073,-0.593999,6.401654,931.9832968241462,7.351445724688852,0.001006635976818649
USA 15,16591,6,2849.8262,6796.6948,-1162.8189,-2.789979,1.790467,6.3825,1090.1471885193832,7.192083227308344,0.0009639379904440092
USA 15,16591,12,-1359.8472,-6781.5901,-1812.6707,3.646556,0.488445,-6.544745,779.1694915858006,7.507971516607266,0.0010500410550326842
USA 15,16591,24,53.8007,-5999.9237,-4250.0389,3.98257,3.159815,-5.23553,981.8776389013437,7.297675590215353,0.0009924924565052004
COSMOS 1732,16593,1,5284.2228,4109.9356,4173.6669,-4.263976,-0.324734,5.673774,1517.8577518131733,7.104833207219435,0.0009006162147601738
COSMOS 1732,16593,6,-2096.0032,-3327.1988,-6836.7865,6.10177,2.143654,-2.936738,1516.0229437801145,7.102906425207924,0.0009005814330500252
COSMOS 1732,16593,12,2337.7409,-1273.862,-7437.6237,6.048999,3.466205,1.291972,1528.7470347713352,7.090427184084891,0.0008975511687748783
COSMOS 1732,16593,24,7166.1687,3228.9961,-823.3716,-0.191312,2.119814,6.767242,1532.0582967836863,7.094066250219546,0.0008976355714226002
SPOT 1,16613,1,5323.4498,4266.3016,-1868.637,2.182907,0.251931,7.159311,702.347959280075,7.488944264322642,0.0010587552467989808
SPOT 1,16613,6,5686.0002,4047.0551,876.0234,-0.179102,-1.529486,7.372455,662.965471494982,7.531566747870261,0.0010707426384721106
SPOT 1,16613,12,-2295.3392,-435.668,-6732.7276,5.471436,4.511518,-2.197563,755.5706749517612,7.4242635800050225,0.0010417722518489267
SPOT 1,16613,24,5509.959,3802.7864,2086.8741,-1.232616,-2.297514,7.089573,641.5513256557897,7.553804214167918,0.0010771834477035377
USA 16,16624,1,-2072.7327,-4662.0706,-6114.9787,2.855411,-5.289464,3.141711,1592.9241349028016,6.7824884366829545,0.000851651562947207
USA 16,16624,6,-3733.8532,1047.3999,-6788.8472,0.573523,-6.662432,-1.768436,1447.3855478364649,6.9169570384851315,0.0008847040090519992
USA 16,16624,12,3061.3801,-5334.406,3770.8884,1.518128,5.28459,5.11987,843.3977444251414,7.512966984446558,0.0010413851925827257
USA 16,16624,24,545.1828,-7515.746,-1659.7912,3.277212,-0.650242,6.174101,1345.1239654070669,7.020146459277684,0.0009098021870501835
USA 17,16625,1,-2894.7612,3872.2661,-5965.1194,-1.907919,-5.829322,-3.469315,1307.3290246310098,7.0467933458751295,0.0009177508964867224
USA 17,16625,6,-407.9411,7057.9456,-1342.1587,-3.386986,-0.876634,-6.66727,824.9990279053163,7.529452210290732,0.0010463386919720694
USA 17,16625,12,-1901.2654,-6905.3151,-3088.6751,2.721891,-2.875464,5.693696,1428.878244234661,6.935067265109474,0.0008891250668221112
USA 17,16625,24,-3509.1367,-2869.7552,-6533.2648,0.726342,-6.319972,2.368517,1580.92330409021,6.788187649221035,0.0008536535614886291
USA 18,16631,1,282.9434,-3143.5408,6021.9339,7.460256,2.548278,0.671802,427.94062518841383,7.912045138775689,0.001163717345826421
USA 18,16631,6,-4155.7915,-3846.7422,4225.4554,5.980548,-0.280686,4.73238,694.5857423232965,7.631589577230945,0.0010801071355651733
USA 18,16631,12,3642.0397,4100.4039,-5176.2716,-5.611497,0.319132,-4.41728,1170.323026928223,7.148643676448911,0.000947929647214799
USA 18,16631,24,5102.2082,3751.5829,-3828.1277,-4.460367,1.457871,-5.579144,1029.0989492862145,7.290206403118227,0.0009851498544923394
COSMOS 1736,16647,1,-1009.3703,6793.0484,2690.7826,-2.946346,-2.832963,6.092791,1004.9505128306964,7.336806954034296,0.0009946930827791876
COSMOS 1736,16647,6,1447.6968,6787.2535,-2431.9158,-2.762354,2.849625,6.197446,982.6963872791302,7.3593001830919365,0.001000762037962636
COSMOS 1736,16647,12,-2351.6388,-5421.1169,4367.0046,2.080539,-4.930752,-5.057014,976.7508576129749,7.363039346100291,0.0010020807031680282
COSMOS 1736,16647,24,-3160.2544,-1310.7568,6524.6601,0.095359,-7.198523,-1.429068,996.2573378427342,7.339622747051377,0.000996248998843924
COSMOS 1741,16681,1,-996.3759,-1724.624,6853.4616,6.970573,-2.686764,0.334291,766.0181993708948,7.477923455927186,0.001047765782156243
COSMOS 1741,16681,6,-1584.5225,-1483.1579,6799.3406,6.834123,-2.879455,0.959195,766.3315394583587,7.4777371793998615,0.0010476936846858785
COSMOS 1741,16681,12,-1873.804,2687.7194,-6384.0414,-6.69813,1.763312,2.71327,804.7202844360036,7.438820390300064,0.0010366653235403726
COSMOS 1741,16681,24,-6470.9793,2921.3521,-950.3619,-1.700898,-1.503589,7.105478,792.1738031527975,7.459333180372693,0.0010413447146974911
COSMOS 1743,16719,1,-298.8818,-1243.4919,-6649.3515,6.402947,4.069164,-1.052492,400.2242472310054,7.659214408395224,0.001131141744644973
COSMOS 1743,16719,6,5673.3065,3582.9476,-878.2782,0.288284,1.371107,7.545277,396.2219369460063,7.674258731423771,0.001134033847704292
COSMOS 1743,16719,12,4503.4128,2212.7112,-4546.9872,3.952091,3.439751,5.594304,400.4038646925437,7.664668776842088,0.0011319172405012212
COSMOS 1743,16719,24,-1768.2107,-2087.9886,-6192.8051,6.168234,3.46874,-2.93607,399.31022035995466,7.661577834314287,0.0011316435414250408
COSMOS 1745,16727,1,-3941.4786,2989.7412,-5447.9975,-5.066472,2.15858,4.881563,987.9729417386534,7.359229814739651,0.001000034906093966
COSMOS 1745,16727,6,1325.1607,280.0798,-7253.6549,-6.265806,3.685969,-0.980984,1008.0246634285313,7.335463305535173,0.000994096596788834
COSMOS 1745,16727,12,-3677.0349,1209.9192,6235.1592,5.249929,-3.533131,3.792697,968.0530980291524,7.377622903212863,0.0010052554198298508
COSMOS 1745,16727,24,-6320.1982,3458.2929,1403.3053,0.794755,-1.485388,7.188178,968.8883393742262,7.382947648483835,0.0010058664801313967
METEOR 2-14,16735,1,5011.6497,-3224.794,-4254.7744,4.187369,-1.2945,5.934981,951.5019121091009,7.37792578320777,0.0010075689800786553
METEOR 2-14,16735,6,1003.6286,-1571.9524,-7089.9404,6.463623,-3.133326,1.621523,960.1363096150299,7.36379596050393,0.0010044549234265452
METEOR 2-14,16735,12,511.0059,804.7706,7248.7368,-6.52817,3.448389,0.087818,940.1536671125577,7.38350203124134,0.001009895615305451
METEOR 2-14,16735,24,3432.4581,-886.7532,6391.0858,-5.530972,3.472857,3.454378,937.4935211661432,7.3881739539697495,0.0010109024428321437
COSMOS 1748,16758,1,-7472.2908,-2251.9678,-680.815,1.134223,-1.717133,-6.835021,1462.9005505703526,7.138103363209236,0.0009111812585736158
COSMOS 1748,16758,6,5183.0365,2912.2313,5114.7324,-5.050999,0.130324,5.026444,1471.5407890964589,7.127041078043047,0.000908766848615161
COSMOS 1748,16758,12,-293.1868,2152.2661,7526.061,-6.909887,-1.75055,0.223125,1462.2497751970377,7.131672203690661,0.0009104359503857734
COSMOS 1748,16758,24,-7606.7293,-1864.8531,137.9324,0.344876,-1.938022,-6.862037,1462.2006916092641,7.138796853618192,0.0009113512004441683
COSMOS 1749,16759,1,-3252.7895,4733.0154,5341.5562,0.341323,-5.219363,4.819394,1472.1050576736416,7.112299912358449,0.0009068219614628039
COSMOS 1749,16759,6,2080.4555,547.1881,-7486.8965,-2.257996,6.790099,-0.158011,1418.8221485457616,7.157440732687767,0.0009188195309470512
COSMOS 1749,16759,12,-626.1353,6185.1416,-4745.6747,-2.869976,3.815773,5.299499,1450.0901020367191,7.133132234797418,0.0009120381099995067
COSMOS 1749,16759,24,-2896.6699,2685.9257,6769.4897,1.136293,-6.356953,2.986759,1466.7856677694745,7.114966096204465,0.0009077775787442892
COSMOS 1750,16760,1,-5375.5887,1566.3854,-5418.7571,-5.184171,-1.347921,4.755082,1420.8833154572621,7.162633929373048,0.0009192429659674278
COSMOS 1750,16760,6,7813.673,-234.2716,614.9715,0.582671,1.949114,-6.824369,1470.3365492948842,7.121134960622359,0.0009081532103430393
COSMOS 1750,16760,12,5518.6061,1458.7034,-5346.2392,-5.07435,1.44317,-4.805732,1449.8121368400998,7.136303498816737,0.0009124760157837099
COSMOS 1750,16760,24,-6433.8638,1359.436,-4180.747,-4.041479,-1.534404,5.712308,1421.3882804346604,7.163686957811668,0.0009193185323937782
COSMOS 1751,16761,1,-5341.1154,-5800.4232,12.549,1.446961,-1.314324,6.828805,1513.9591306877683,7.103078307362379,0.0009008389504160703
COSMOS 1751,16761,6,3572.9318,5600.2798,-4185.7483,-3.885233,-1.775973,-5.709818,1480.7172845621599,7.130998328014248,0.0009082087484269243
COSMOS 1751,16761,12,-10.7317,3022.6213,-7257.2706,-5.082881,-4.596288,-1.923724,1490.5730775858674,7.117742385565876,0.0009053839880798504
COSMOS 1751,16761,24,-5595.6971,-4420.4021,-3362.3873,-0.929251,-3.488502,6.116639,1512.9982950171998,7.10256476783746,0.0009008836001811902
COSMOS 1752,16762,1,6285.4511,-2114.7762,-4224.3426,-2.675987,3.351391,-5.679491,1491.839455867861,7.116835397712315,0.0009051228169743667
COSMOS 1752,16762,6,-3480.2941,-348.3875,7018.8122,5.438064,-3.882244,2.493641,1471.0370804734084,7.131802295388803,0.0009094323607761199
COSMOS 1752,16762,12,1404.5223,-3128.3234,7050.1872,6.140222,-2.707464,-2.420041,1468.9126105607002,7.13367268398691,0.000909917372596417
COSMOS 1752,16762,24,6834.6076,-3367.0307,-1925.999,-0.596569,2.547997,-6.624214,1487.6403995043092,7.122386847227971,0.0009063128588600672
COSMOS 1753,16763,1,1731.5396,7065.0555,-2935.5496,-1.450032,2.976793,6.316021,1473.1500532886657,7.131340031040029,0.0009091284565687533
COSMOS 1753,16763,6,-481.8661,-7639.5265,-1768.3642,2.104523,1.408219,-6.655541,1485.3141501834752,7.12097772866697,0.0009064018562064079
COSMOS 1753,16763,12,1226.2197,-4470.186,-6339.3222,1.858249,5.783845,-3.711715,1482.2275901489647,7.119183982118386,0.0009065296911869257
COSMOS 1753,16763,24,2177.2875,6123.1265,-4394.1106,-0.971524,4.340368,5.571849,1473.836961829791,7.129386687282504,0.0009087998542189703
COSMOS 1754,16764,1,378.7212,2832.1867,7267.4506,-4.754963,5.056295,-1.719736,1438.0043843262565,7.150754097861988,0.0009157062470363742
COSMOS 1754,16764,6,2953.081,-5713.9947,-4499.6445,3.884379,-2.307246,5.500157,1478.6639068541872,7.1178305223435885,0.0009067688256217474
COSMOS 1754,16764,12,5105.7717,-5787.5446,1342.5493,0.7038,2.214861,6.745543,1462.7102175431883,7.134654445323193,0.0009107631310315135
COSMOS 1754,16764,24,436.097,2829.4757,7265.2977,-4.641243,5.158448,-1.726998,1438.0117172357204,7.150751320368861,0.0009157050314812596
COSMOS 1755,16765,1,-1028.2729,-5927.6004,4963.2309,3.245771,3.758068,5.158235,1428.1956396585783,7.159992513424159,0.0009180424295315662
COSMOS 1755,16765,6,-1494.6652,1908.9867,-7459.8742,-3.098204,-6.329738,-0.981178,1472.9771392255834,7.115276624414823,0.0009071006325137373
COSMOS 1755,16765,12,-3563.6136,-3916.629,-5760.9758,-1.071902,-5.492609,4.426909,1453.8429237864957,7.135492331911372,0.0009119023092745303
COSMOS 1755,16765,24,-769.9693,-5444.8985,5530.8723,3.422687,4.235062,4.647765,1428.3795135992723,7.159068091521269,0.000917902261204044
COSMOS 1758,16791,1,-1739.1189,3696.2224,5519.8704,1.024392,-6.125626,4.405501,495.9908847613251,7.614532941851456,0.0011088602081515816
COSMOS 1758,16791,6,51.6616,-3332.8911,5991.6201,2.159233,-6.381356,-3.571682,485.40893092716396,7.62501828562719,0.0011121008624840132
COSMOS 1758,16791,12,-1758.1304,4030.6762,5275.1231,0.861356,-5.880483,4.75998,496.6267263738355,7.614422110208035,0.0011087414056687548
COSMOS 1758,16791,24,683.5443,971.7839,-6769.1892,-1.925563,7.30832,0.844408,501.6646348965942,7.604758967898523,0.001106522633053365
COSMOS 1759,16798,1,422.762,-950.9853,7259.6387,4.391765,5.906759,0.523562,962.8567482599346,7.379127242916333,0.0010061728086885717
COSMOS 1759,16798,6,-3060.9157,-5078.4386,4326.1481,3.190151,3.112576,5.880454,968.9796266481608,7.378680912242581,0.001005272669348279
COSMOS 1759,16798,12,4076.7702,5886.2166,-1769.4717,-1.750183,-0.889999,-7.078414,1004.5427747945769,7.345691492901537,0.0009959526664267944
COSMOS 1759,16798,24,4124.2834,4703.588,3868.8745,1.740153,3.602713,-6.182166,984.3819434486068,7.363888230774147,0.0010011564711922426
COSMOS 1763,16860,1,-4631.8837,2077.7864,-5040.2873,3.24725,-4.624172,-4.86338,782.7430063493293,7.45520383842615,0.001042140293802735
COSMOS 1763,16860,6,-4668.379,2182.6004,-4961.92,3.135762,-4.608805,-4.950342,782.8910447476874,7.455197701311012,0.001042117870495741
COSMOS 1763,16860,12,2069.0528,763.4831,6787.0588,-5.327503,5.125093,1.069063,765.3893593210623,7.469388339859362,0.0010466621093345137
COSMOS 1763,16860,24,-3983.3519,4932.7849,3324.8076,-3.873757,1.113855,-6.268117,788.1762658785947,7.452245096731789,0.0010409361105201435
COSMOS 1766,16881,1,931.3912,4276.2091,5173.9116,-2.740144,-5.280551,4.845135,405.63744632799535,7.67254463477157,0.001132205270761391
COSMOS 1766,16881,6,-2327.22,-4181.5049,4805.8235,-1.360415,-5.365945,-5.304962,411.09965057107274,7.667249607042541,0.0011305126733720191
COSMOS 1766,16881,12,-856.9137,244.0374,6715.8922,-2.829262,-7.12872,-0.097705,403.73714500181177,7.670261962284536,0.0011321859133595188
COSMOS 1766,16881,24,2515.4434,6288.4407,416.2009,-1.110397,-0.072971,7.587493,414.65878343295844,7.66866065812662,0.0011301276564111198
EGS (AJISAI),16908,1,-5855.3378,4753.378,2248.2274,-4.187193,-2.746465,-5.057078,1498.8227175142638,7.1168597789726045,0.0009043227572501801
EGS (AJISAI),16908,6,7396.3439,-2348.6585,1223.9742,0.592007,4.677224,5.348311,1485.2212722755648,7.129609188934973,0.000907511250236193
EGS (AJISAI),16908,12,6047.5888,1510.2595,4775.7154,-3.86896,4.984078,3.321463,1481.4946120976647,7.130357736611327,0.0009080372657150501
EGS (AJISAI),16908,24,-3178.3397,5748.247,4323.5325,-6.009767,-0.452803,-3.792481,1492.6581881565362,7.120761341770906,0.0009055278308631842
JAS 1 (FUJI 1),16909,1,-2314.0429,-4535.4293,-6003.8356,6.572027,-2.667737,-0.507877,1501.1633233925131,7.110998427578719,0.0009033093109803811
JAS 1 (FUJI 1),16909,6,-2106.8073,5431.8151,5280.7825,-6.621317,-0.006859,-2.618008,1492.2001177782286,7.120101947896112,0.0009054967241388127
JAS 1 (FUJI 1),16909,12,-6311.5764,4199.0427,2120.5057,-3.825578,-3.155544,-5.102365,1500.7533417398654,7.1152395295762885,0.0009038951324665913
JAS 1 (FUJI 1),16909,24,-5221.3681,-2674.2379,-5254.4007,4.933775,-4.364016,-2.674291,1504.4656940180057,7.109050833378673,0.0009026832329138985
COSMOS 1771,16917,1,-3396.4466,-1481.3701,6349.7558,5.612738,-4.282818,2.04337,980.8504881056451,7.349878831291575,0.0009997318148924192
COSMOS 1771,16917,6,-6282.656,1887.9788,3255.6438,1.735674,-4.160319,5.847304,952.6225268690541,7.383209497532425,0.0010081362700555302
COSMOS 1771,16917,12,6514.7712,-3094.8332,-1443.3301,0.15195,3.436907,-6.498139,984.503932548585,7.352634153313356,0.0009996098460062634
COSMOS 1771,16917,24,5388.8252,-4552.4856,2135.4994,3.535209,1.255733,-6.30549,999.5440682328717,7.337150140284033,0.0009954692723305506
COSMOS 1777,16952,1,-3966.6868,-5917.8415,526.4995,2.021223,-0.694233,7.167663,772.7142938331981,7.479484925821229,0.0010470022481551206
COSMOS 1777,16952,6,-4155.8594,-5811.9932,-59.3058,1.651991,-1.230485,7.18867,774.204649786333,7.477977264488439,0.0010465728598427278
COSMOS 1777,16952,12,2836.1855,5613.8348,-3462.1485,-3.621224,-1.979382,-6.190464,808.5237716824604,7.439963769763668,0.0010362753862740084
COSMOS 1777,16952,24,-1586.692,1181.3772,-6896.2595,-4.452111,-5.959204,0.018798,803.3737484803569,7.438666415073403,0.0010368384302043125
NOAA 10,16969,1,-889.4193,6765.1937,2236.5265,1.475548,-2.129133,6.983756,809.5963035763561,7.448711103239875,0.001037338793092989
NOAA 10,16969,6,-1120.5857,6994.1659,1188.7277,1.322076,-1.033516,7.255961,811.4189861434979,7.447483488102072,0.0010369046281579984
NOAA 10,16969,12,476.7835,-5852.9108,-4119.1784,-1.713802,4.07323,-6.003308,801.9713529091587,7.454396479324667,0.0010392341071181568
NOAA 10,16969,24,-977.6149,-644.9897,-7085.3085,-1.526895,7.266499,-0.459931,810.4580097623875,7.439418833671552,0.001035920397161481
COSMOS 1782,16986,1,-6302.7532,-1998.2201,-1776.4502,-1.549351,-1.568338,7.304819,475.41196403154663,7.630239395078375,0.0011144873307602232
COSMOS 1782,16986,6,-3465.8946,-1991.4868,5540.5207,6.08896,1.539912,4.350035,460.9700438462032,7.639997863256835,0.0011182715694338342
COSMOS 1782,16986,12,-6465.124,-2157.7644,-626.1843,-0.329431,-1.160029,7.537249,473.40518371391045,7.6331064811518905,0.0011152329934111258
COSMOS 1782,16986,24,3501.5321,1951.0454,-5558.0052,-6.0843,-1.451326,-4.346522,481.6437966246731,7.6169092908318135,0.0011115285599090363
COSMOS 1791,17066,1,2136.6906,-1439.2805,6851.8818,-3.933993,5.761894,2.443319,949.1953033358241,7.392261570524003,0.0010098448557998635
COSMOS 1791,17066,6,4333.9402,-5269.5596,2675.9688,-0.960577,2.702177,6.811126,957.8542797426144,7.390257512437168,0.0010083782853841528
COSMOS 1791,17066,12,-4387.4981,5932.5206,-19.927,-0.731293,-0.526683,-7.286002,1007.7083783177777,7.341526379326169,0.0009949609068301347
COSMOS 1791,17066,24,-2590.7925,4623.9651,5092.8821,-3.566142,3.798247,-5.206212,979.5582855028551,7.3653711668942385,0.0010020152049430855
POLAR BEAR,17070,1,-6411.8803,109.4063,3587.9249,3.630884,-0.117343,6.413841,977.2912168780967,7.371190159966435,0.001003116226944809
POLAR BEAR,17070,6,-6936.7169,161.3393,-2513.3645,-2.471201,0.006279,6.912335,1008.7745785579627,7.340793483028044,0.0009947178473929028
POLAR BEAR,17070,12,5443.7006,-146.8249,4908.0841,4.965035,-0.068674,-5.468552,960.0792729565528,7.386565483782365,0.0010075686278595423
POLAR BEAR,17070,24,195.0844,-52.2158,7318.2929,7.387225,-0.156751,-0.201764,950.078840108431,7.3916420901124535,0.00100963836772491
COSMOS 1794,17138,1,877.3073,2381.0985,-7460.2161,-6.903329,-1.167902,-1.174604,1508.982387292166,7.099270449888566,0.0009009246595953523
COSMOS 1794,17138,6,3579.1709,-1248.9527,6874.591,6.18768,2.147093,-2.809994,1479.499894626144,7.126952954319609,0.0009078342844381388
COSMOS 1794,17138,12,7173.4249,560.9702,3180.9563,2.587667,2.350972,-6.198518,1496.095737547481,7.116510046644844,0.0009045917685582117
COSMOS 1794,17138,24,3948.1161,2614.6123,-6301.9523,-6.00375,-0.072079,-3.786974,1511.7927164086832,7.0986887184477245,0.0009005296693481763
COSMOS 1795,17139,1,103.9453,-4474.4369,6454.4204,3.560803,-5.042466,-3.548154,1483.3575738191257,7.12005464681845,0.0009065101225530752
COSMOS 1795,17139,6,-2332.8396,6879.9312,-2976.7617,-2.837541,1.763358,6.29576,1479.904669822994,7.127248020129859,0.0009078250621900049
COSMOS 1795,17139,12,-3798.4087,6394.7634,2515.11,-0.665553,-2.936071,6.45991,1480.5403524604808,7.126984700485192,0.0009077180248142989
COSMOS 1795,17139,24,-1073.5593,-2691.8437,7298.8914,3.307881,-6.058489,-1.744293,1482.1756471404706,7.119685649179393,0.0009065995680068408
COSMOS 1796,17140,1,5265.0397,5330.8405,-2376.5176,-0.016265,2.907855,6.494216,1489.428702184513,7.115527155868777,0.0009052339796544788
COSMOS 1796,17140,6,-4202.848,-6152.2494,-2431.2235,2.896549,0.576658,-6.496593,1466.407205055547,7.136403237346808,0.0009105566484721434
COSMOS 1796,17140,12,-800.9918,-3952.3176,-6730.8839,4.765386,4.291723,-3.100485,1475.476938742394,7.123257490288415,0.0009078287677259275
COSMOS 1796,17140,24,5288.9119,4565.3616,-3602.1693,0.90681,3.693877,6.012252,1489.7085743321295,7.114366154390214,0.0009050540529668056
COSMOS 1797,17141,1,-7116.111,3052.1197,1252.2345,-1.804392,-1.38836,-6.754089,1472.6319183423784,7.127488491690814,0.0009086974715148401
COSMOS 1797,17141,6,6794.1275,-1488.9479,3576.7146,-2.57316,2.828658,6.037477,1450.1266237687141,7.1465786913804425,0.0009137530991585926
COSMOS 1797,17141,12,2669.0441,1194.014,7248.3327,-6.241236,2.972917,1.810897,1444.8680112851252,7.1463704242919,0.0009143412368240412
COSMOS 1797,17141,24,-6919.718,3289.7538,1674.5471,-2.197758,-1.178786,-6.677602,1471.7728039422918,7.1281165205658645,0.000908877089615908
COSMOS 1798,17142,1,373.4778,7309.0285,2838.2281,-1.973578,2.567994,-6.338174,1478.6447071529738,7.117728075755354,0.0009067579924056101
COSMOS 1798,17142,6,1068.9541,-7391.71,2293.0039,1.751902,2.277458,6.54918,1441.6760125722622,7.151764413888925,0.0009154052212558425
COSMOS 1798,17142,12,2122.1374,-3121.2361,6852.9533,0.489884,6.528793,2.839941,1452.5893852120635,7.136553037271285,0.0009121839971254887
COSMOS 1798,17142,24,424.8666,7440.2913,2466.0602,-1.938733,2.257864,-6.465792,1478.834340078477,7.11780174457318,0.000906745472096424
COSMOS 1799,17143,1,2290.9202,-1159.1658,7407.4724,5.944108,3.702981,-1.269857,1468.8104614473577,7.117374867356221,0.0009078503750002952
COSMOS 1799,17143,6,-6055.2318,-1808.088,-4599.24,-3.108379,-3.467034,5.417209,1444.882736138973,7.143423416995383,0.0009139624605632475
COSMOS 1799,17143,12,-6550.9464,-4024.4347,1512.9913,2.158546,-1.020697,6.715771,1464.822615661532,7.12760291573303,0.000909617696231028
COSMOS 1799,17143,24,3296.1188,-566.1571,7087.9405,5.619349,3.698899,-2.332032,1466.3358698689244,7.120204368206434,0.0009084980516887707
COSMOS 1800,17144,1,-3193.2527,-256.5248,7133.2318,5.198267,-4.395318,2.130287,1448.5692778824823,7.132946293557944,0.0009121917128777617
COSMOS 1800,17144,6,-1577.0516,3516.4597,-6821.0255,-5.746193,3.067386,2.875007,1463.4731438965882,7.119919670634915,0.0009087936788936033
COSMOS 1800,17144,12,-5865.2617,4874.5272,-1873.0884,-2.541628,-0.508008,6.619006,1482.073945102089,7.108388386018591,0.0009051727305397457
COSMOS 1800,17144,24,-1607.6473,-1484.6457,7495.4266,5.688593,-4.306485,0.33113,1437.336737853545,7.142517094958472,0.0009147296453459432
COSMOS 1801,17145,1,2295.3308,6530.2394,-3673.7302,-1.052266,3.698886,5.990789,1465.3807771912816,7.118888552173928,0.0009084408676125463
COSMOS 1801,17145,6,-839.8067,-7491.5238,-2063.0821,2.221655,1.526364,-6.61056,1444.6581226837025,7.138980425321322,0.0009134202537085864
COSMOS 1801,17145,12,1400.296,-3255.9285,-7003.518,2.00153,6.316414,-2.55829,1478.2779069830522,7.1026794862499605,0.000904883171473788
COSMOS 1801,17145,24,1882.4228,7521.7834,-1010.0854,-1.717329,1.298515,6.80356,1448.2719373205427,7.13609058049756,0.000912628520621948
COSMOS 1802,17159,1,-648.4509,631.0034,-7290.8883,-5.105502,-5.315238,0.006681,975.8160493916857,7.370071255042857,0.0010031653447554465
COSMOS 1802,17159,6,3570.245,4516.6828,-4593.8255,-3.731241,-2.852628,-5.662354,994.4806767984319,7.356758710721794,0.0009988158320604775
COSMOS 1802,17159,12,-4802.0271,-5268.0006,1846.0375,1.910695,0.70747,7.074216,992.3653340127721,7.361779757543756,0.000999784666874847
COSMOS 1802,17159,24,-4566.9062,-3886.3137,-4246.1046,-2.496076,-3.584219,5.942495,976.7527645224491,7.374975800825519,0.0010037049472369991
COSMOS 1803,17177,1,-5319.6349,-5747.7963,854.9139,0.151132,-1.191789,-7.013299,1507.2330221950724,7.115445507158776,0.0009031778429392324
COSMOS 1803,17177,6,4508.1049,5610.2186,3207.3442,-2.581019,-1.612989,6.42922,1508.379375716314,7.113245560282732,0.0009027672385220146
COSMOS 1803,17177,12,1900.7877,3412.2057,6836.6743,-4.516866,-4.316061,3.40242,1502.770196282354,7.113854291034995,0.0009034876702896209
COSMOS 1803,17177,24,-4288.8627,-3609.8492,5528.4789,-2.935013,-4.151104,-4.979424,1502.3368690750904,7.116222951872785,0.0009038382416766518
COSMOS 1805,17191,1,3927.812,5503.7608,-712.7318,-0.36564,1.226387,7.551103,428.04968872061363,7.658777591755619,0.0011264482453277646
COSMOS 1805,17191,6,269.8085,1893.0053,6512.0363,-4.453796,-5.936255,1.907173,415.9641567506478,7.662423316847614,0.001128991275020392
COSMOS 1805,17191,12,3072.1421,5105.8404,3261.1385,-2.86271,-2.534761,6.641302,421.8409070908483,7.663355278624696,0.0011281517384906135
COSMOS 1805,17191,24,2409.2486,1978.2192,-6048.5397,3.639518,5.823031,3.357973,433.6059784771296,7.643936418365475,0.0011233473977101886
COSMOS 1808,17239,1,5650.9755,3847.3151,2788.4198,1.74573,2.36771,-6.727628,1012.1323001365954,7.34265635743523,0.0009945177817414139
COSMOS 1808,17239,6,2163.033,541.4287,7009.6348,5.503159,4.458127,-2.014018,984.7349616230549,7.363146326926691,0.0010010075628529716
COSMOS 1808,17239,12,504.0416,1495.7186,-7222.9827,-5.869507,-4.197371,-1.260427,1022.423506699437,7.32514245301885,0.0009907646229627297
COSMOS 1808,17239,24,4950.5375,4202.0896,-3548.9209,-3.312763,-1.465909,-6.366573,1029.014736457707,7.325062433507239,0.0009898713305824649
COSMOS 1809,17241,1,-1965.1927,86.9333,-7062.9118,6.044646,-3.841297,-1.718206,960.7298669114516,7.365157144688836,0.0010045592620546815
COSMOS 1809,17241,6,-5488.725,2647.5469,-4088.2236,3.153483,-2.800724,-6.036872,967.1999779865346,7.364260553500874,0.0010035513580431874
COSMOS 1809,17241,12,6074.5883,-3277.6771,2431.7441,-1.657215,2.050383,6.899606,947.2764059747087,7.386135319512499,0.0010092725267226022
COSMOS 1809,17241,24,6071.5052,-3896.0572,-1238.8216,1.565819,0.152005,7.216008,948.6390659598392,7.385503782197258,0.0010089983557445782
METEOR 2-15,17290,1,-5251.7345,3003.1395,4110.9314,2.979177,-3.052188,6.031135,943.3228729976399,7.386875968425217,0.0010099193181224502
METEOR 2-15,17290,6,-5871.0444,4272.0572,-911.7524,-1.306389,-0.255734,7.265099,946.8499236967791,7.386048712124636,0.0010093195117608267
METEOR 2-15,17290,12,5391.2036,-4236.9733,2597.6516,2.678857,-0.791634,-6.820484,961.4493067834028,7.370343357718215,0.0010051679935788654
METEOR 2-15,17290,24,3494.3598,-3401.2,5467.9083,4.885149,-2.728104,-4.800636,955.4406794203232,7.372471647386174,0.0010062828554792166
COSMOS 1814,17303,1,1779.4356,-1651.9094,-6748.9838,7.104686,1.643224,1.463815,801.4457511380424,7.437708156885225,0.0010369835360142102
COSMOS 1814,17303,6,1355.7477,-1752.6411,-6821.2152,7.212193,1.489896,1.04252,801.0833414131166,7.437900638652347,0.0010370627730584704
COSMOS 1814,17303,12,-4786.493,762.9037,5227.069,-5.441959,-2.195486,-4.649762,757.449173928625,7.487012968502258,0.0010503003929501291
COSMOS 1814,17303,24,-6791.8541,-1442.9263,-1699.8148,2.084059,-1.715761,-6.965935,777.4745769441979,7.470701985009642,0.001045076387220389
COSMOS 1816,17359,1,-2424.0135,-4776.521,5058.3999,-1.150161,-5.019318,-5.246208,996.3878586608471,7.351130653872845,0.0009977933556506204
COSMOS 1816,17359,6,-693.2591,730.2058,7273.9405,-2.608795,-6.877923,0.463392,972.2975622418226,7.3706423255790945,0.0010037237716578277
COSMOS 1816,17359,12,-439.3865,-3479.7826,-6500.6458,2.668851,5.948992,-3.347528,1015.497360501975,7.329339341785792,0.0009922618237133848
COSMOS 1816,17359,24,-2303.5013,-6733.2089,-1993.2166,1.519858,1.545648,-7.004159,1019.2051896179755,7.331932854121687,0.0009921149231988645
COSMOS 1818,17369,1,-1600.9245,-5935.5198,-3680.167,4.415018,2.269896,-5.566555,793.9831610954461,7.458642393838506,0.0010409853346672992
COSMOS 1818,17369,6,-2110.5678,-6114.3255,-3083.5917,4.226309,1.549126,-5.947199,794.7526143913155,7.45859605240544,0.0010408670873490655
COSMOS 1818,17369,12,-45.4657,4649.6157,5452.087,-4.811943,-4.350574,3.673393,794.6294868721752,7.454938342949189,0.0010403745207042932
COSMOS 1818,17369,24,-3934.2508,-891.5915,5925.6449,-2.731752,-6.356252,-2.766434,797.4400144709934,7.4510110423595535,0.0010394187615880347
COSMOS 1821,17525,1,4331.7255,2021.011,5559.3589,4.401685,3.59595,-4.718431,960.7666798992223,7.387102161435565,0.001007547359859125
COSMOS 1821,17525,6,-620.4558,-1469.2085,7158.3577,6.168537,3.839197,1.302956,962.868281976107,7.381597162072311,0.0010065080089062281
COSMOS 1821,17525,12,3034.6854,2872.6247,-6088.6977,-5.373917,-2.88546,-4.070797,1013.6819718934776,7.3332292715895635,0.0009930325096598953
COSMOS 1821,17525,24,6070.6565,4034.6704,-1014.2898,-1.318508,0.224202,-7.241975,988.3627017570243,7.36443696310132,0.0010006894973858382
MOS 1A (MOMO 1),17527,1,-101.9284,-1162.945,-7174.9622,-6.877516,2.696347,-0.33319,898.3131066958731,7.39469600800229,0.0010172482460813147
MOS 1A (MOMO 1),17527,6,3104.0445,-2263.775,-6173.9691,-6.123215,1.800416,-3.734308,900.7029612299257,7.394613982362094,0.0010169026460221885
MOS 1A (MOMO 1),17527,12,-2869.6535,2175.2651,6294.2111,6.264942,-1.866039,3.500003,880.4676332935169,7.414959259017813,0.0010225460050285076
MOS 1A (MOMO 1),17527,24,-2410.8189,2009.3457,6537.2427,6.486656,-1.974811,2.999253,880.5556971872584,7.414317440335692,0.0010224450793657374
COSMOS 1823,17535,1,3846.4837,-6576.4292,2093.6827,2.701793,-0.506092,-6.540506,1530.1622642025022,7.094648212797376,0.0008979246312837834
COSMOS 1823,17535,6,-4792.4243,5928.4192,1925.5583,-0.567792,-2.598974,6.614571,1491.649658280472,7.1294882791109915,0.0009067539047225182
COSMOS 1823,17535,12,-4188.0308,3030.8037,5934.008,2.124508,-5.315257,4.232455,1499.0587033227603,7.1189301545343175,0.0009045587107919139
COSMOS 1823,17535,24,1032.7135,-4822.8824,6163.4987,4.173559,-4.170674,-3.943914,1523.0108970164029,7.097011623222341,0.0008990374748411744
COSMOS 1827,17582,1,-4354.8314,-5955.2764,2467.5916,2.116073,1.240259,6.727191,1408.3882681875111,7.160384492392221,0.0009204302762048012
COSMOS 1827,17582,6,1194.4893,2962.4492,-7096.2329,-4.406159,-4.899452,-2.781397,1410.9940453226727,7.152274904196147,0.0009190799764868729
COSMOS 1827,17582,12,-3435.831,-2933.2702,-6332.643,-3.284535,-4.899866,4.051876,1407.9058415832524,7.156434594374282,0.000919979588404135
COSMOS 1827,17582,24,-1723.0747,-3493.3493,6734.3803,4.304483,4.547906,3.46148,1408.739955719514,7.15498893587719,0.000919695128192168
COSMOS 1828,17583,1,1550.6739,-364.4358,7607.5613,6.320561,3.156537,-1.148147,1401.5408927660546,7.157615435373641,0.0009208848861812065
COSMOS 1828,17583,6,-6246.2968,-2359.7014,-4010.086,-3.028649,-2.296545,6.05379,1417.7870774754265,7.148091148434385,0.0009177412448603345
COSMOS 1828,17583,12,-6055.8652,-3343.1171,3579.2688,3.354948,0.663454,6.277647,1417.5236346522624,7.148755076894787,0.00091785753144395
COSMOS 1828,17583,24,6067.7956,2169.3641,4333.6807,3.342431,2.381285,-5.878167,1394.6340662756356,7.1690453005177055,0.0009231757818271688
COSMOS 1829,17584,1,-966.9213,4336.6755,-6408.2912,-0.339407,-5.931864,-3.965216,1426.9412216745632,7.143188752427099,0.0009160352135730949
COSMOS 1829,17584,6,936.4477,1710.4974,7533.4094,-0.392941,6.978959,-1.532603,1410.708863626961,7.156056407601255,0.0009195996063345273
COSMOS 1829,17584,12,189.8883,7252.5545,2835.3617,-0.925383,2.612923,-6.596513,1418.408213193993,7.1552556949271215,0.0009185878437860376
COSMOS 1829,17584,24,-1008.9357,-33.7565,-7732.732,0.139402,-7.139044,0.013305,1427.348218170996,7.140417296948757,0.0009156320155479607
COSMOS 1830,17585,1,-3066.4356,-7038.2465,1283.1495,1.33191,0.704838,6.999222,1412.7274954265877,7.159601208141972,0.0009198165290792454
COSMOS 1830,17585,6,1023.832,4212.0421,-6480.2044,-2.980755,-5.21775,-3.861421,1425.318341510676,7.142855701452046,0.0009161831762847167
COSMOS 1830,17585,12,-2156.675,-2422.9682,-7085.8972,-2.442546,-6.088621,2.830279,1422.0713510658998,7.144775424154212,0.0009168112419729075
COSMOS 1830,17585,24,-1612.8842,-5112.1475,5636.5475,2.817698,4.458791,4.842724,1407.5676846140595,7.160461922324634,0.0009205373293193767
COSMOS 1831,17586,1,-6728.2079,-3910.438,80.5784,0.526077,-0.765305,7.096831,1411.4674606459475,7.157336026449715,0.0009196743915271898
COSMOS 1831,17586,6,4019.7481,3196.5855,-5838.2919,-5.00081,-2.184016,-4.634107,1404.7434342877768,7.1591182579843595,0.0009206988783111904
COSMOS 1831,17586,12,-2527.0497,-341.2918,-7345.589,-5.778584,-3.632103,2.152599,1404.6117467333934,7.156667360054259,0.0009203992680139721
COSMOS 1831,17586,24,-4483.69,-3345.6604,5411.5138,4.691721,1.89366,5.05597,1412.4054973268994,7.1526936728998125,0.0009189671121922537
COSMOS 1832,17587,1,2820.4743,3332.7167,6443.8071,2.465932,5.468093,-3.89709,1412.6190696506847,7.153193143860509,0.0009190060664391599
COSMOS 1832,17587,6,-3894.5976,-6627.6748,-1205.1909,0.252749,-1.419717,7.013912,1410.159863794318,7.160617289091354,0.0009202506328664002
COSMOS 1832,17587,12,-1878.2641,-4863.2006,5772.0757,3.167663,4.36606,4.70767,1406.8823590820439,7.159519930419148,0.0009204973281781707
COSMOS 1832,17587,24,3953.0913,6329.1723,2234.6219,0.261276,2.240783,-6.787241,1418.6654527124965,7.152343251924226,0.0009181836235898495
COSMOS 1833,17589,1,3573.6081,3477.6917,5204.6198,0.941055,5.825625,-4.538583,836.8486162784066,7.444610587635796,0.00103284780021915
COSMOS 1833,17589,6,3033.7196,1242.9956,6420.5184,2.22781,6.696386,-2.357914,838.1295728251462,7.440731233453605,0.0010321261614580327
COSMOS 1833,17589,12,-3447.1176,-2503.5893,-5862.5707,-1.610252,-6.25948,3.609841,876.0900604175431,7.403036770081924,0.0010215185279007551
COSMOS 1833,17589,24,-3872.0246,-4595.115,-4054.2966,-0.219424,-4.791819,5.64065,877.791436301759,7.404499216222324,0.0010214805159299775
COSMOS 1842,17911,1,3552.6944,5370.6572,2120.2843,0.43852,2.57154,-7.214965,408.4691364833043,7.672081706631193,0.0011316640805021662
COSMOS 1842,17911,6,705.6292,2732.9628,-6175.2126,-3.977518,-5.795781,-3.024599,418.7164071318357,7.652445749633642,0.0011270641203210794
COSMOS 1842,17911,12,2910.3775,5457.1121,-2792.2797,-2.432803,-2.23179,-6.916567,414.80839602067954,7.664092647300005,0.0011294295683023363
COSMOS 1842,17911,24,2457.1437,2490.8669,5800.1706,3.085725,5.887664,-3.829507,402.76941333772174,7.671467266147331,0.0011325255995638145
COSMOS 1844,17973,1,-4071.3699,5510.84,2350.9424,-3.40181,0.293077,-6.575233,872.7794373064517,7.408906424589124,0.0010227956950804224
COSMOS 1844,17973,6,-2703.8771,5127.3822,4341.409,-4.572337,2.178543,-5.406375,871.1565643157874,7.408185060123903,0.001022925283972206
COSMOS 1844,17973,12,3545.9074,-5471.4161,-3064.2052,3.866452,-1.01563,6.285434,833.1104195050348,7.449002344848604,0.0010339933608847149
COSMOS 1844,17973,24,4716.406,-5446.7448,-135.9473,1.933929,1.488424,7.037376,835.2470219622865,7.448499737946763,0.0010336170429970232
USA 22,17997,1,4054.5971,3330.7701,4561.1811,-6.31162,0.752047,4.376022,581.5650036069155,7.71697416472888,0.0011099463522779573
USA 22,17997,6,6043.1758,2734.315,2626.3813,-4.139229,2.110413,5.923661,763.0262826765875,7.528400851969228,0.0010552807844639279
USA 22,17997,12,-4259.1626,-3512.2793,-5045.124,5.482498,-1.130556,-4.488051,1107.6260843702594,7.174854909176979,0.0009593814195593842
USA 22,17997,24,-2313.5059,-3644.9065,-6264.8963,6.502285,-0.160273,-2.706992,1237.3229816320736,7.0450836292990875,0.0009259706306248102
USA 23,18009,1,-5585.0875,3288.7232,-4268.8301,-4.406236,-1.737755,5.082403,1389.9157379487442,6.947339662210997,0.0008951700929106106
USA 23,18009,6,-1586.5787,3796.6784,-6745.1961,-6.550589,0.425128,1.816467,1530.2447925485421,6.811057364711738,0.0008620233322140669
USA 23,18009,12,-210.3955,-3051.6827,6010.1597,7.8306,-1.430542,-0.56829,372.81592182079294,7.980457399038228,0.0011833741447799702
USA 23,18009,24,-3444.3684,-2034.187,5557.1705,6.770253,-3.02676,2.632163,476.1698089033698,7.869300085787681,0.0011492777754036764
USA 24,18010,1,-6616.6289,2600.7652,-2829.6421,-2.961975,-2.492751,5.897649,1280.838474506546,7.054740758938418,0.0009219667642544384
USA 24,18010,6,-3263.8396,3738.0906,-6122.6934,-6.048973,-0.485615,3.139115,1510.20198565803,6.832271896388419,0.0008669073459634175
USA 24,18010,12,1759.3942,-3241.6955,5640.1729,7.604547,-0.257891,-2.430487,368.1103276032136,7.987672370613295,0.0011852710494879427
USA 24,18010,24,-1789.5343,-2675.5641,5962.3445,7.565977,-2.209866,1.012538,404.7382033816466,7.946870384241145,0.0011728420056540863
USA 25,18025,1,-399.9515,-3021.929,6003.6011,7.761837,-1.81591,-0.497077,362.145049032767,7.986909808342523,0.0011862078939603215
USA 25,18025,6,-4937.2073,-1098.621,4731.1606,5.453648,-3.684278,4.151282,554.8114793724098,7.781344558153944,0.0011235282076807352
USA 25,18025,12,5070.8777,1444.6878,-5573.7867,-4.675086,3.43664,-3.958378,1301.549880249917,7.023936217526466,0.0009154630894752393
USA 25,18025,24,6331.6788,121.5444,-4045.4198,-2.885788,3.763653,-5.390333,1143.6756966467183,7.179731620070627,0.0009554280064639977
COSMOS 1850,18095,1,-2220.2841,2311.9823,-6405.4264,-6.948096,0.621573,2.62088,791.7097530224592,7.4519395457790045,0.0010403799403758472
COSMOS 1850,18095,6,-1634.5003,2264.4175,-6594.9976,-7.112027,0.869252,2.049422,790.9251035606412,7.452292105273183,0.0010405431497137805
COSMOS 1850,18095,12,4800.678,-2410.7348,4715.389,5.324293,0.385022,-5.2266,776.9399099975681,7.470855737486369,0.0010451760691268753
COSMOS 1850,18095,24,6784.5438,-971.9817,-2035.8428,-1.70942,2.409203,-6.863636,778.785934247624,7.472340662209199,0.0010451139000423118
COSMOS 1852,18113,1,-4674.3528,-137.9313,-6331.2338,-4.95969,-3.446414,3.753209,1500.0304644722328,7.110757495033634,0.0009034087121285743
COSMOS 1852,18113,6,6954.8587,2207.1881,2949.3498,1.802838,2.790116,-6.292315,1499.2225564787768,7.11534961944422,0.0009040849313196175
COSMOS 1852,18113,12,6631.3479,3637.8872,-2212.999,-2.649786,0.872527,-6.535795,1509.7590259288636,7.106284929099734,0.0009017259512337587
COSMOS 1852,18113,24,-1695.7314,1618.4345,-7520.0243,-6.38838,-2.999575,0.806223,1505.9029881246288,7.103438936934278,0.000901806071198739
COSMOS 1853,18114,1,1651.3043,1402.7696,-7551.8636,-4.544523,5.477986,0.02423,1485.5394592586117,7.117696748711973,0.0009059582511641378
COSMOS 1853,18114,6,1499.6005,-4621.6057,6171.551,4.565508,-3.787164,-3.941117,1483.6853948120506,7.121718729959012,0.0009066841473578106
COSMOS 1853,18114,12,4447.1207,-6255.3652,1682.8343,2.487112,-0.030818,-6.675292,1486.3791805535275,7.1236366509622036,0.0009066173958605325
COSMOS 1853,18114,24,3193.8619,-734.8924,-7140.639,-3.67616,5.67411,-2.226884,1485.815258370937,7.11819422235415,0.0009059897666258815
COSMOS 1854,18115,1,3644.4369,4362.3142,-5433.9956,0.832828,5.225515,4.750495,1492.8421702385795,7.111034540616013,0.0009042697432977947
COSMOS 1854,18115,6,-3498.9958,-6902.0623,1244.6286,1.279974,-1.879557,-6.766274,1466.7634535265788,7.138174262372767,0.0009107412216122657
COSMOS 1854,18115,12,-1595.5312,-6410.7446,-4234.3749,3.139163,2.954098,-5.676738,1475.8654206856763,7.127860384071576,0.0009083704131437402
COSMOS 1854,18115,24,3410.9405,2883.0962,-6471.6335,1.682216,5.940001,3.527154,1492.1290814355161,7.1101531551980655,0.0009042396584821185
COSMOS 1855,18116,1,-7421.5011,782.9337,2422.2505,-2.329529,-1.829154,-6.481943,1474.9519014997259,7.12657665171757,0.0009083125592900142
COSMOS 1855,18116,6,7431.2611,560.7673,2389.0614,-2.250408,1.902368,6.50881,1454.964213698684,7.14478465665607,0.0009129590247997471
COSMOS 1855,18116,12,3467.668,1859.9021,6757.0476,-6.40292,1.006484,3.008736,1448.3125943700552,7.145830034807153,0.0009138693393524371
COSMOS 1855,18116,24,-7064.8789,1160.8344,3203.9659,-3.106227,-1.66926,-6.194586,1472.8158994364076,7.127971018075551,0.0009087376742980045
COSMOS 1856,18117,1,3820.8952,-4768.0034,4880.7183,-0.636741,4.824209,5.231069,1449.134760715412,7.144404416011386,0.0009135909590588426
COSMOS 1856,18117,6,-2552.7969,446.6043,-7390.8368,2.646476,-6.494339,-1.285515,1461.0301338581648,7.129714095300176,0.0009103277149660277
COSMOS 1856,18117,12,349.9238,-4904.5756,-6077.5586,3.478227,-4.750775,4.047806,1446.5460995350559,7.145114385213857,0.0009139842981723905
COSMOS 1856,18117,24,3715.6562,-4871.7966,4860.2227,-0.516278,4.820687,5.246984,1449.6309081790387,7.1439769891503015,0.000913478346315887
COSMOS 1857,18118,1,1334.6051,4776.3508,-6025.3242,-4.329679,-3.965064,-4.088794,1432.7958361756419,7.154445411181288,0.0009167904390855288
COSMOS 1857,18118,6,2051.3021,-853.5245,7525.7129,4.092357,5.7989,-0.464596,1475.8273226056835,7.112698255139535,0.0009064425611417218
COSMOS 1857,18118,12,4753.1122,4170.5094,4626.5191,1.357897,4.428965,-5.417059,1464.170912235547,7.127702536113232,0.0009097060697147629
COSMOS 1857,18118,24,944.03,4291.8903,-6447.3113,-4.528433,-4.287221,-3.508023,1431.5212583652592,7.15494197788207,0.0009170038428554226
COSMOS 1858,18119,1,1450.4074,1929.7423,-7429.7487,-6.929804,1.384309,-1.028166,1441.0901630444423,7.141121775285239,0.000914111540732945
COSMOS 1858,18119,6,3829.8307,-2459.0197,6331.1765,6.123036,0.084572,-3.703668,1426.3185743435433,7.156527016277099,0.0009178189845705525
COSMOS 1858,18119,12,7570.6851,-1542.0897,934.856,1.205885,1.785965,-6.843857,1411.4976239600674,7.175110330224825,0.0009219547087473215
COSMOS 1858,18119,24,-94.3021,2203.6439,-7503.28,-7.028835,1.150698,0.39034,1449.7512479602374,7.133091381724266,0.0009120724027099925
COSMOS 1859,18120,1,2309.9501,-452.4147,-7496.7601,-1.335232,6.917885,-0.84402,1486.6052663784358,7.0959387770364115,0.0009030663333775386
COSMOS 1859,18120,6,-683.9536,-4854.2466,6020.4619,2.404702,-5.414077,-4.064034,1392.8562628320306,7.184093110747452,0.0009253253624928525
COSMOS 1859,18120,12,1599.6282,-7631.7906,206.3129,1.976616,0.181811,-6.874386,1429.3591682171927,7.15522528842894,0.0009172943365971056
COSMOS 1859,18120,24,1774.6375,1928.4453,-7410.6868,-1.771789,6.738892,1.329002,1489.4400881370875,7.093528597545019,0.0009024340263403972
COSMOS 1860,18122,1,6818.5673,-274.3165,2615.1302,2.461717,3.248295,-6.171026,937.0103673813692,7.39547381090556,0.0010119681608436923
COSMOS 1860,18122,6,3476.5581,-2370.4946,6006.6124,6.4093,2.194922,-2.887783,962.8321084640693,7.364516259142415,0.0010041839177969364
COSMOS 1860,18122,12,-1973.6291,2796.3599,-6455.0207,-7.08194,-1.530361,1.461164,935.3077372995531,7.391270471902446,0.0010116286827297387
COSMOS 1860,18122,24,1534.9213,3145.4959,-6397.4987,-7.206107,0.102452,-1.703736,921.33278660623,7.405483837363296,0.001015516440906933
DMSP 5D-2 F8 (USA 26),18123,1,-2105.0651,2276.6134,6503.1819,-2.339327,6.394861,-2.982521,833.5570629140811,7.433850249883367,0.0010318261324002258
DMSP 5D-2 F8 (USA 26),18123,6,-1403.2604,481.6153,7047.1517,-2.86934,6.782615,-1.024682,830.6276028558395,7.435519583388171,0.0010324776555288113
DMSP 5D-2 F8 (USA 26),18123,12,2148.598,-2327.8973,-6472.4544,2.359349,-6.342823,3.072647,835.1255307571937,7.432300511937,0.0010313864892048364
DMSP 5D-2 F8 (USA 26),18123,24,3102.7753,-5325.104,-3727.0446,0.764884,-3.934847,6.269285,831.4168598808037,7.441236648440231,0.0010331582846710402
COSMOS 1861,18129,1,-6925.4405,-1259.8094,-2179.6548,2.278636,-0.548303,-6.972206,997.8357893585635,7.3555743967919325,0.0009982003408753142
COSMOS 1861,18129,6,-6151.4812,-356.0865,4017.1651,-3.921546,-1.310953,-6.097059,984.6192118742601,7.366902283036337,0.0010015339389978022
COSMOS 1861,18129,12,3939.5167,-243.9368,-6238.7121,6.125066,1.313295,3.818514,1011.4674505655312,7.33636329727318,0.0009937549127576825
COSMOS 1861,18129,24,-2111.7362,-1147.412,-6977.6827,6.965544,0.627196,-2.218745,1008.9756055161679,7.337234316374052,0.0009942084782624257
COSMOS 1862,18152,1,4459.7609,-19.0223,-5207.785,5.677501,1.506904,4.851898,485.44614500041826,7.618772307440419,0.0011111838620647336
COSMOS 1862,18152,6,6426.9822,1222.8733,2047.6035,-2.417897,0.602405,7.206735,484.23153512570934,7.62536209283592,0.0011123420199250918
COSMOS 1862,18152,12,4866.0482,53.3823,-4830.6005,5.262419,1.46101,5.312708,485.81966696491054,7.619217167460513,0.0011111882093339446
COSMOS 1862,18152,24,-6686.666,-1040.1262,-1069.1981,1.318063,-0.816172,-7.471588,480.0254184702926,7.63073089862937,0.0011138085808376948
COSMOS 1864,18160,1,-4200.1643,-1738.191,-5778.328,-4.66762,-3.51698,4.47878,980.9903818666344,7.363103630480832,0.001001511597273251
COSMOS 1864,18160,6,739.5742,1494.4964,-7180.3966,-6.242278,-3.610723,-1.371831,1000.4710078932112,7.340659064728044,0.0009958201092926805
COSMOS 1864,18160,12,-3019.8644,-2715.553,6110.0313,5.5461,2.782257,3.991483,965.640346723836,7.377812396865212,0.0010056118397789202
COSMOS 1864,18160,24,-6069.2772,-3839.1337,1491.652,1.759574,0.015909,7.172792,963.8550760065827,7.385478916970856,0.001006901818841639
COSMOS 1867,18187,1,6487.2959,2830.8643,-1131.5038,-2.25579,2.495293,-6.656883,796.921709155712,7.458496293197309,0.0010405381916588794
COSMOS 1867,18187,6,6715.2093,2475.3056,-406.6182,-1.45484,2.825283,-6.747255,797.4386107972705,7.458165558011836,0.0010404170228615994
COSMOS 1867,18187,12,-5283.6489,-3406.0607,3441.2017,4.582042,-1.318564,5.734682,795.5936350987968,7.4579016856609215,0.001040648049184124
COSMOS 1867,18187,24,684.5963,-2956.3993,6494.1382,7.160907,2.049425,0.180179,797.1796765785257,7.450583625818517,0.001039396884841311
COSMOS 1869,18214,1,-4653.6392,753.9071,4952.3171,5.127151,-2.291997,5.167806,466.41020987913726,7.631981818534816,0.0011162094395781065
COSMOS 1869,18214,6,2863.4933,-1717.568,5969.2386,6.549892,-1.553754,-3.585225,468.6961319563643,7.626865345920629,0.0011150883312325032
COSMOS 1869,18214,12,-3478.103,292.6172,5879.8002,6.156889,-2.473283,3.765811,466.7537025155325,7.629268866944656,0.0011157566064624314
COSMOS 1869,18214,24,-3364.2102,1881.5936,-5641.411,-6.216553,1.455411,4.188086,461.556096825404,7.635693598103972,0.0011175456871333597
METEOR 2-16,18312,1,-3732.7275,1962.2102,5981.122,-5.973551,1.265827,-4.145158,947.2883133369578,7.380241485784459,0.0010084655277019623
METEOR 2-16,18312,6,1184.0157,618.1531,7199.1513,-6.94907,2.281036,0.938035,951.0069566463671,7.373778458797158,0.001007070670986429
METEOR 2-16,18312,12,-2818.4518,-42.1955,-6761.4259,6.440408,-2.385925,-2.676791,954.4577474949847,7.371343389760783,0.001006263860068197
METEOR 2-16,18312,24,-5523.1128,1132.7913,-4672.7379,4.293253,-2.147292,-5.603026,951.7365522034142,7.378128801528813,0.0010075644192482566
COSMOS 1875,18334,1,103.9414,-2308.9329,-7423.2684,3.389795,-6.005448,1.910319,1403.7597191022523,7.155797265468748,0.0009203882208587437
COSMOS 1875,18334,6,-2840.1913,6452.4661,3277.5944,-2.138781,2.323018,-6.428037,1403.5501762581898,7.161735576496384,0.0009211768416347469
COSMOS 1875,18334,12,-3433.4895,5478.6043,-4314.6375,1.142198,-3.920282,-5.8841,1402.033640670481,7.162112819603444,0.0009214050975065199
COSMOS 1875,18334,24,2684.4527,-6363.5084,-3581.6268,2.229395,-2.601714,6.282955,1409.0113103957692,7.1564405493126255,0.0009198496330911603
COSMOS 1876,18335,1,-5587.2177,515.7424,5400.104,-4.981435,-0.828202,-5.067703,1416.4331497077428,7.154175487660196,0.0009186821061736739
COSMOS 1876,18335,6,7782.0394,282.5704,292.4461,-0.303731,0.913726,7.088009,1421.6573115666852,7.153112560803024,0.0009179298248090055
COSMOS 1876,18335,12,4081.6922,972.1392,6559.7351,-6.090648,0.312498,3.737703,1415.872955294024,7.152906526449021,0.0009185852353717944
COSMOS 1876,18335,24,-7678.6872,-5.335,1316.4544,-1.202522,-0.938037,-6.990242,1419.7199773158454,7.154680691157154,0.0009183593701210362
COSMOS 1877,18336,1,-6478.1768,3178.6666,2919.2877,-2.833617,0.277963,-6.567635,1413.146496654922,7.158245471153039,0.0009195928512174262
COSMOS 1877,18336,6,6659.4923,-2399.441,3241.8247,-2.437986,1.960544,6.436627,1414.6009525129384,7.156652544958502,0.000919216459796667
COSMOS 1877,18336,12,1432.9485,465.2713,7630.4162,-6.446297,2.936011,1.028693,1406.7291140459747,7.157731127429908,0.0009202854743942678
COSMOS 1877,18336,24,-6986.8488,2780.2965,-2033.4818,1.359261,-1.572322,-6.845014,1418.8108457718618,7.153600743541745,0.0009183279138831159
COSMOS 1878,18337,1,-6448.5489,3767.0372,2200.2067,-2.224498,0.182914,-6.799051,1414.5803704412392,7.156042438666851,0.0009191405262266003
COSMOS 1878,18337,6,6117.3895,-2694.3211,3977.7377,-2.885189,2.447754,6.080032,1407.4457120055004,7.161187354849822,0.0009206450260104044
COSMOS 1878,18337,12,652.1316,790.4228,7706.6432,-6.28517,3.423081,0.182833,1403.47060825267,7.159208990338946,0.0009208612844634568
COSMOS 1878,18337,24,-6465.3441,3084.5461,-3063.5878,2.076106,-2.104154,-6.510819,1420.0634179641265,7.150415668316982,0.0009177714626003454
COSMOS 1879,18338,1,-6170.7699,4483.4753,-1578.1639,0.603949,-1.605488,-6.943116,1418.130453376636,7.15186730177518,0.0009181855849743538
COSMOS 1879,18338,6,3606.5765,-1685.0678,6676.0675,-4.627221,4.158096,3.547554,1401.8196174557752,7.161429739302969,0.0009213425876010579
COSMOS 1879,18338,12,-2344.4522,2945.5937,6805.4454,-5.257187,3.534398,-3.330671,1406.3430846238025,7.157049230347239,0.0009202434754996322
COSMOS 1879,18338,24,-4113.9644,2197.8544,-6238.636,4.203475,-3.995642,-4.17652,1418.470212316286,7.146864793613281,0.0009175033216396473
COSMOS 1880,18339,1,-1850.8084,1108.8355,-7477.4438,3.493602,-5.988746,-1.747523,1411.4914829204436,7.150116797818691,0.0009187439284078151
COSMOS 1880,18339,6,-1631.5874,4177.4377,6356.8854,-3.571664,4.725589,-4.012744,1408.6564943417152,7.154724979714664,0.0009196710658007104
COSMOS 1880,18339,12,-4146.3674,6578.8815,-387.5016,-0.597262,-0.791265,-7.084922,1415.1544999330426,7.1539459001975265,0.0009188034864012841
COSMOS 1880,18339,24,1260.4789,-3731.3112,-6708.1754,3.642886,-5.063588,3.50444,1407.8885790809354,7.1548334401535865,0.0009197757966857163
OSCAR 27,18361,1,343.7845,3600.6679,-6518.3952,0.707384,6.391946,3.487305,1083.6947014558345,7.315645012806253,0.0009813473664290469
OSCAR 27,18361,6,-579.2177,-5090.5568,-5339.0252,0.533157,5.289323,-5.107237,1028.6251097102595,7.371910468741939,0.0009962545885017944
OSCAR 27,18361,12,795.0778,7468.0852,-455.4113,0.09782,0.479106,7.238006,1153.0843107104793,7.254504956761144,0.0009641711412556089
OSCAR 27,18361,24,-237.129,-1790.6702,-7189.2976,0.742942,7.084621,-1.83218,1041.7410523486378,7.355317877658654,0.0009922534492592602
OSCAR 29,18362,1,-113.8534,-1631.2225,7347.8769,-0.705325,-7.026971,-1.611039,1156.6254143488986,7.243704263012606,0.0009622827736891513
OSCAR 29,18362,6,655.919,6383.7975,3940.8248,-0.330076,-3.746865,6.193808,1159.8167126721573,7.246461552707293,0.0009622411259211265
OSCAR 29,18362,12,-667.8407,-6947.4001,2656.1562,-0.292766,-2.520756,-6.854482,1096.7670764998375,7.309161800823402,0.0009787613520813273
OSCAR 29,18362,24,421.7662,3867.053,6461.2137,-0.581961,-6.166855,3.732354,1170.8345320842946,7.231821732997986,0.0009588942454561341
COSMOS 1891,18402,1,1510.4837,6602.2958,2979.6011,-0.308271,3.073097,-6.640208,1028.3171005022177,7.323340662847387,0.0009897319662581193
COSMOS 1891,18402,6,1217.5642,1891.053,7032.2325,0.965744,6.983968,-2.015203,1012.1455331712705,7.332769847047499,0.0009931769344248408
COSMOS 1891,18402,12,-686.06,1263.3443,-7215.1958,-1.407426,-7.140937,-1.082401,986.0216512037086,7.358357228909589,0.0010001815378245708
COSMOS 1891,18402,24,637.2856,6181.6418,-3989.4605,-1.473425,-3.814651,-6.091339,1013.7561476689843,7.336685511547227,0.0009934905587726237
COSMOS 1898,18585,1,1449.3529,3722.866,-5924.8833,-5.386134,-3.684006,-3.635198,774.9497060442081,7.469739230602096,0.0010453109156763334
COSMOS 1898,18585,6,1877.8213,3976.7203,-5632.2364,-5.272737,-3.331399,-4.112024,774.8102440976372,7.470523150686704,0.0010454410200518936
COSMOS 1898,18585,12,918.461,-1830.5605,6861.4269,5.567444,4.922215,0.558216,789.5657218354518,7.452263971573806,0.0010407367603440672
COSMOS 1898,18585,24,5174.7755,3170.427,3783.676,1.914786,4.016234,-5.997516,780.65106186713,7.467713113049268,0.0010441942774399877
COSMOS 1900,18665,1,-3735.2804,1551.7666,-5846.3132,-6.029086,-3.262379,2.972821,738.1263373212005,7.471991664414382,0.001051042182945635
COSMOS 1900,18665,6,-4796.384,948.74,-5163.1381,-5.15744,-3.471067,4.144735,739.7947588668039,7.4717013920735615,0.0010507547532231506
COSMOS 1900,18665,12,6820.8131,1835.8208,275.8961,-0.515872,3.01938,-6.869163,697.9354228794209,7.521182076333015,0.0010639766282189884
COSMOS 1900,18665,24,-1605.4201,2534.2605,-6440.5381,-7.077222,-2.246207,0.861668,733.9546794399657,7.47495744913354,0.0010520767248191284
COSMOS 1904,18709,1,3117.6624,-5238.9258,-4102.6271,-1.13707,4.054783,-6.050726,977.3135139931128,7.371938584189711,0.001003215032966627
COSMOS 1904,18709,6,2856.9381,-6475.5626,1976.2209,1.655928,-1.413628,-7.045139,977.5002102025683,7.373901626200949,0.0010034566803118702
COSMOS 1904,18709,12,-1955.9861,5409.3373,-4616.5326,-2.64028,3.884361,5.645752,1004.5803090622812,7.343967218215575,0.0009957138164697543
COSMOS 1904,18709,24,621.9705,808.2934,-7290.2511,-3.179545,6.615114,0.444127,990.2462684252741,7.352991801447218,0.0009988786590371984
COSMOS 1909,18788,1,1675.4923,-2864.4642,-7057.0642,4.973678,-4.226527,2.898016,1427.3706454209114,7.141393426052719,0.0009157545531958064
COSMOS 1909,18788,6,-5090.5787,5331.6927,2513.761,-2.289564,0.990425,-6.707188,1417.4486846385516,7.156075450836513,0.0009188062656111106
COSMOS 1909,18788,12,-4901.443,3885.8153,-4654.2588,2.585397,-3.511576,-5.66213,1425.5267270330405,7.14668872893489,0.000916650321245619
COSMOS 1909,18788,24,4412.7338,-5026.8354,-4005.0132,3.197167,-2.0183,6.065785,1425.2442535191158,7.14766810799956,0.0009168091552253769
COSMOS 1910,18789,1,311.5123,-3158.9329,-7115.9736,2.857076,-5.937736,2.764599,1420.8532619429297,7.145809940536692,0.0009170873347215545
COSMOS 1910,18789,6,-2489.119,6910.1012,2593.1217,-1.721537,1.896397,-6.679818,1418.0623403214158,7.15401843281816,0.0009184697875358061
COSMOS 1910,18789,12,-2919.0185,5528.1304,-4655.5665,0.951977,-4.26112,-5.658345,1423.5618323718918,7.147046383083994,0.0009169272804279162
COSMOS 1910,18789,24,2067.4416,-6458.6083,-3831.4809,2.067414,-2.987739,6.161624,1417.9782275536154,7.153068942551371,0.0009183578042685103
COSMOS 1911,18790,1,-891.2338,5259.5322,5666.7612,-2.180284,4.823685,-4.814149,1411.6190416160498,7.155250232806816,0.0009193884725110531
COSMOS 1911,18790,6,2338.5268,-7425.7689,69.0505,0.858625,0.338799,7.096874,1414.5969149497905,7.156650209763084,0.0009192166365588472
COSMOS 1911,18790,12,2037.0541,-3695.9546,6537.9206,-1.331952,5.935571,3.76638,1410.6499268145144,7.154768866339779,0.000919441112569895
COSMOS 1911,18790,24,-2127.8638,7424.6745,979.5221,-1.13894,0.60531,-7.039487,1414.4389296101417,7.156672532879299,0.0009192381569728236
COSMOS 1912,18791,1,-738.7697,-1853.5277,-7521.9766,1.123005,-6.883243,1.581188,1411.1255178294914,7.15124673874549,0.0009189323305517746
COSMOS 1912,18791,6,-404.4197,6819.6419,3719.0126,-1.247741,3.319547,-6.22039,1407.3112342553159,7.160272455737282,0.0009205433210494046
COSMOS 1912,18791,12,-1346.4892,6671.3761,-3767.7474,-0.353711,-3.569963,-6.195736,1408.2167152981801,7.159391864857378,0.0009203229742627058
COSMOS 1912,18791,24,207.5053,-6415.3038,-4407.3825,1.245333,-3.963912,5.821728,1415.1544935307293,7.1523401436604646,0.0009185972548583667
COSMOS 1913,18792,1,-2143.4762,-6795.9753,-3146.6392,0.099292,-3.03175,6.473473,1418.8080048967304,7.1489313638818075,0.0009177288271274384
COSMOS 1913,18792,6,1338.3745,6934.7468,-3244.7409,-1.557549,-2.710701,-6.446807,1401.4065121745462,7.164857241707681,0.00092183254060178
COSMOS 1913,18792,12,-745.538,1097.2548,-7665.8615,-1.881415,-6.852605,-0.806603,1408.7961119009597,7.151819774565002,0.0009192811317541695
COSMOS 1913,18792,24,-1526.9554,-7141.6379,2704.2648,1.476375,2.207311,6.639906,1416.6590061984998,7.151241618081576,0.0009182787295116062
COSMOS 1914,18793,1,-813.2184,737.3217,-7710.6475,-2.257763,-6.763221,-0.420151,1417.3921527261127,7.142491086575537,0.0009170687539244546
COSMOS 1914,18793,6,2396.5206,5076.7637,5353.1987,0.927413,4.954246,-5.106761,1386.162946177149,7.175211231190758,0.0009249787945639087
COSMOS 1914,18793,12,2102.4042,7195.3786,-2042.8939,-1.437206,-1.510915,-6.856828,1398.6198172222566,7.16690417441485,0.0009224266235689656
COSMOS 1914,18793,24,-2406.0495,-4858.2102,-5600.6044,-1.05351,-5.104986,4.879844,1423.7450368266473,7.140283106756483,0.0009160380580791126
METEOR 2-17,18820,1,-7027.9501,-1333.9458,1561.8816,-1.348052,-1.252867,-7.147829,950.9511155050886,7.380947048152696,0.0010080574059723884
METEOR 2-17,18820,6,-4390.9487,-166.1774,5858.5314,-5.694073,-1.811246,-4.321541,952.2803837548381,7.3741979914107265,0.0010069528414846493
METEOR 2-17,18820,12,2951.8124,-267.4945,-6694.346,6.577395,1.777702,2.82171,950.1350294909871,7.374577731024943,0.0010072997836153381
METEOR 2-17,18820,24,-369.2401,-1042.8679,-7234.6847,7.217241,1.407673,-0.574715,947.7823042301588,7.375663241921705,0.0010077719127755268
DMSP 5D-2 F9 (USA 29),18822,1,687.1213,-7120.5574,591.0555,-1.139307,0.504804,7.347963,807.0094714125789,7.4528791596291155,0.0010382933025250584
DMSP 5D-2 F9 (USA 29),18822,6,875.4736,-7105.7395,-524.8178,-1.011049,-0.664078,7.353369,807.6782620029744,7.4521980194199084,0.0010381016877249792
DMSP 5D-2 F9 (USA 29),18822,12,-402.3168,6694.4196,-2553.9996,1.312903,-2.543983,-6.881744,805.3518966969959,7.453453177771629,0.0010386131122140446
DMSP 5D-2 F9 (USA 29),18822,24,697.6752,2391.0089,-6731.395,1.217029,-6.959837,-2.347237,806.4196540678358,7.4451334566667775,0.0010372994495935896
COSMOS 1924,18937,1,4025.9255,61.7783,6718.7899,5.113869,3.910007,-3.100606,1461.8813606643598,7.145177986337779,0.0009122030141066439
COSMOS 1924,18937,6,-6490.7406,-2372.3854,-3818.6783,-2.2816,-3.210459,5.898044,1524.582941209117,7.092225925378929,0.0008982523492170214
COSMOS 1924,18937,12,-6637.4341,-4062.8224,1233.2527,1.970063,-1.118115,6.737961,1508.2746815834435,7.1085475179332525,0.0009021829806934331
COSMOS 1924,18937,24,918.1995,-1958.7515,7532.288,6.303561,3.352602,0.087491,1465.782520620085,7.140201406557521,0.0009111138898866053
COSMOS 1925,18938,1,5402.4912,-5719.2233,-137.4775,1.356533,1.418134,-6.838078,1497.629257014628,7.114112492512963,0.0009041107745889746
COSMOS 1925,18938,6,-5259.6901,3838.3313,4359.745,1.64085,-4.129125,5.590679,1465.102576001842,7.141271152194545,0.0009113294629481719
COSMOS 1925,18938,12,-2707.2142,-164.0651,7347.116,4.388586,-5.429857,1.49972,1460.7328605600214,7.140881892192659,0.0009117882363114768
COSMOS 1925,18938,24,4444.4141,-6012.4024,2426.5058,2.922331,-0.483856,-6.475275,1489.6443571273603,7.1206264772084475,0.0009058578602086319
COSMOS 1926,18939,1,-3339.1449,-7104.1156,-365.8819,1.911495,-0.547993,-6.83635,1487.2578658445009,7.119676311853932,0.0009060120491590414
COSMOS 1926,18939,6,1462.8436,6058.9174,4757.019,-3.355634,-3.364805,5.319064,1469.8941597527464,7.132645656842698,0.0009096724826939403
COSMOS 1926,18939,12,-1479.3899,1839.2303,7480.4816,-3.381272,-6.212277,0.865682,1473.0402561816736,7.125643212218599,0.0009084149213287215
COSMOS 1926,18939,24,-3874.9911,-6706.4244,1322.166,1.145106,-1.994778,-6.738452,1486.4682429870863,7.120192580037705,0.000906168801432012
COSMOS 1927,18940,1,7564.8683,-1358.3839,-1532.7086,1.669503,1.73557,6.715901,1466.195599743448,7.134617700599661,0.0009103534050921499
COSMOS 1927,18940,6,-7103.3875,-68.0735,-3331.6386,2.903854,-2.139755,-6.144898,1475.181474932151,7.125355495955623,0.0009081303457892858
COSMOS 1927,18940,12,-2722.0885,-1710.1376,-7154.1674,6.621651,-1.496367,-2.156891,1472.2421612486742,7.123029899584235,0.0009081741648596786
COSMOS 1927,18940,24,7305.8548,-1706.7062,-2266.9257,2.388864,1.549456,6.541071,1466.5578174021766,7.1339396502544785,0.0009102248195751214
COSMOS 1928,18941,1,2785.8285,-3152.148,6600.8917,-0.677527,6.292498,3.293609,1456.4292510660962,7.134594183316525,0.0009114862561478654
COSMOS 1928,18941,6,-1699.2443,-1913.0265,-7400.2325,2.096634,-6.698997,1.255084,1459.104892965419,7.130755274374588,0.0009106845146839439
COSMOS 1928,18941,12,497.6735,-6702.3979,-4012.8352,2.54077,-3.285475,5.805039,1456.68566467035,7.1378103056922155,0.0009118672633864396
COSMOS 1928,18941,24,2703.6038,-3088.1008,6665.3405,-0.581172,6.357763,3.184134,1456.6819071341506,7.134256834997532,0.0009114137390400815
COSMOS 1929,18942,1,-5026.8062,-1908.2377,-5678.314,-3.431463,-4.363012,4.489532,1449.0640390380267,7.139097254663015,0.0009129205616506972
COSMOS 1929,18942,6,6281.3719,4525.3845,1114.9837,-0.374215,2.17954,-6.790553,1450.6319569649622,7.141571362356746,0.0009130538743896484
COSMOS 1929,18942,12,3836.9578,4747.6225,-4879.579,-4.586689,-1.665876,-5.21886,1443.8868052408852,7.144883381112459,0.0009142657544727196
COSMOS 1929,18942,24,-5537.6589,-2403.571,-4974.0165,-2.882674,-4.029263,5.139092,1450.9984522539035,7.138279645538483,0.0009125902656605093
COSMOS 1930,18943,1,6058.9755,-3848.8422,3041.1187,3.394501,0.381754,-6.293532,1424.7150626219518,7.160790332815296,0.0009185546515353127
COSMOS 1930,18943,6,-7000.5468,2623.2822,2354.9137,1.205003,-2.648218,6.501247,1467.0407969258986,7.122591056669055,0.0009087208450691601
COSMOS 1930,18943,12,-3443.8566,-550.9933,7001.0083,5.660652,-3.559653,2.4804,1450.6276512422492,7.13207506308739,0.0009118402691995517
COSMOS 1930,18943,24,6691.2939,-3784.4636,1288.4483,1.97364,1.181949,-6.783306,1423.5928577235545,7.162785671639003,0.0009189428880228808
COSMOS 1931,18944,1,-2004.6919,-4092.1422,6295.3091,0.768833,-6.097677,-3.703406,1400.4434993435589,7.175512872196245,0.0009233178974797088
COSMOS 1931,18944,6,939.7594,7540.3957,-1878.9591,-1.807741,1.850487,6.642746,1456.5923719838438,7.1286958190657845,0.0009107137265579238
COSMOS 1931,18944,12,-954.1516,6219.9812,4597.4975,-1.808273,-4.320793,5.412537,1422.3019103998695,7.157839071098693,0.0009184603847499896
COSMOS 1931,18944,24,-1717.1254,-6138.0491,4459.9063,1.273882,-4.397449,-5.519308,1408.1343090420833,7.170989740362832,0.0009218236188604722
COSMOS 1932,18957,1,-1804.9575,-3406.9424,-6212.204,3.461912,-6.110519,2.318352,940.402507818867,7.395811864900904,0.001011544892651139
COSMOS 1932,18957,6,-3692.6508,1962.7667,-5990.4725,1.063369,-6.746079,-2.854597,934.7432080949693,7.40196322179535,0.0010131704620542597
COSMOS 1932,18957,12,3827.3245,-3989.6447,4882.7846,0.209715,5.744746,4.553354,1005.1279212426562,7.333424823031665,0.0009942106348117946
COSMOS 1932,18957,24,2809.6759,-6690.2254,1232.9084,2.481636,2.214139,6.557866,989.2620665732093,7.352994983118987,0.0009990126596867758
COSMOS 1933,18958,1,3929.426,1703.7617,5386.9672,4.717778,3.782359,-4.622625,511.049711658492,7.611329105536694,0.0011059683414728566
COSMOS 1933,18958,6,5716.3549,3788.2239,-709.0854,-1.186772,0.407386,-7.500034,523.2117579733786,7.604268612702737,0.0011029931890194924
COSMOS 1933,18958,12,2573.7768,650.6245,6346.6978,5.780771,4.112881,-2.757303,508.55029204259336,7.611558533468096,0.0011064035017335652
COSMOS 1933,18958,24,-4930.9425,-2437.511,-4160.2138,-3.498667,-3.113513,5.982745,525.5957308760453,7.597886002901268,0.001101686440584816
IRS 1A,18960,1,-4857.3918,2197.1197,4940.1373,5.131542,-0.61381,5.311976,897.1872992986791,7.411246523928346,0.0010196829303839585
IRS 1A,18960,6,-6820.1755,2148.8029,1326.3966,1.631602,0.701902,7.194655,901.6525899660728,7.410658005402287,0.0010189759394841186
IRS 1A,18960,12,6923.856,-2088.0864,-965.292,-1.246814,-0.821742,-7.234574,925.004068520313,7.38707425349414,0.001012482200409778
IRS 1A,18960,24,7034.9341,-1924.1543,-154.3708,-0.438592,-1.058881,-7.298849,923.9638727990941,7.388287260213019,0.0010127928512109433
COSMOS 1934,18985,1,1441.0221,1463.9115,-7047.1246,-6.767655,-2.270929,-1.834437,969.4050774085908,7.370443122976733,0.0010040921509441745
COSMOS 1934,18985,6,6001.9765,2649.3078,-3337.4439,-3.451308,-0.417995,-6.483179,989.7802243607512,7.356483988763246,0.000999416334210973
COSMOS 1934,18985,12,-6827.5654,-2591.4338,780.7828,1.032103,-0.580025,7.278936,973.4400883821927,7.37458981200514,0.0010041051085256504
COSMOS 1934,18985,24,-5667.1073,-1443.6404,-4425.042,-3.992447,-2.187792,5.811429,962.566625864215,7.3823284880255775,0.0010066491333138488
COSMOS 1937,19038,1,345.2083,2630.6494,-6637.1017,-6.08875,-3.901435,-1.846204,776.7691633300619,7.463413483878607,0.0010441598369135762
COSMOS 1937,19038,6,702.5601,2838.7094,-6523.0072,-6.082561,-3.695147,-2.245727,777.5302463521975,7.462904892122035,0.0010439775219430957
COSMOS 1937,19038,12,2525.8558,-525.813,6676.3168,5.563454,4.649992,-1.724998,786.4878866348681,7.453191538541325,0.0010413138878598205
COSMOS 1937,19038,24,5970.7721,3684.0038,1454.5746,0.136578,2.54133,-7.005346,794.039478992283,7.453313645533777,0.001040233437287639
OSCAR 23,19070,1,2973.2699,1144.4807,-6868.1904,6.210147,2.283485,2.922725,1200.1431991193158,7.233432859469907,0.0009553950664030908
OSCAR 23,19070,6,-6086.6091,-2234.4562,-3573.9107,3.298766,1.263253,-6.503921,1032.5425667376112,7.401260273697042,0.000999691729598365
OSCAR 23,19070,12,5776.9614,2170.5858,-4498.0364,4.046329,1.465291,5.740969,1265.560560093566,7.174857570006738,0.0009395404532637962
OSCAR 23,19070,24,-6801.5641,-2515.9515,-1449.6053,1.336054,0.540968,-7.269366,1024.4473618942857,7.410895270471443,0.0010020888403123188
OSCAR 32,19071,1,-3029.3843,-1172.7533,6714.2792,-6.150506,-2.275902,-3.300758,1087.8246202267028,7.341897394012259,0.000984323639156582
OSCAR 32,19071,6,6099.7192,2253.2474,4023.2212,-3.587333,-1.377373,6.048127,1275.56831451762,7.165609160577138,0.0009371013068663308
OSCAR 32,19071,12,-5782.1852,-2185.9138,4082.4726,-3.783528,-1.375263,-6.204355,1037.000226638781,7.395975487518736,0.000998376790125248
OSCAR 32,19071,24,6918.1125,2574.4011,2066.4972,-1.841291,-0.73122,6.869436,1294.391853254816,7.149418591268594,0.0009326879470920806
COSMOS 1943,19119,1,-5170.1031,2843.4478,-4175.3755,-4.873459,-0.696415,5.55236,857.3415817153173,7.420532194290785,0.0010265884795845328
COSMOS 1943,19119,6,-3378.5798,2938.3012,-5672.1961,-6.300876,0.312531,3.905671,855.4945861561873,7.419769535071692,0.001026745325359513
COSMOS 1943,19119,12,4696.0405,-2962.4243,4599.6277,5.315133,0.364627,-5.19131,839.0852345501462,7.438635034259847,0.0010316986266146353
COSMOS 1943,19119,24,6506.0466,-2578.7047,1737.7015,2.492846,1.695294,-6.802978,839.9615720981274,7.441022281557555,0.0010319043039072094
COSMOS 1950,19195,1,-6234.1063,632.4845,-4763.8239,-4.269522,-2.104802,5.295081,1500.3490681490657,7.120175023428075,0.0009045685767182438
COSMOS 1950,19195,6,7778.6648,586.7015,1178.9084,0.853553,2.098398,-6.735801,1518.3389923650666,7.106535161512536,0.0009007770065895138
COSMOS 1950,19195,12,6828.8899,1815.989,-3490.1916,-3.475911,1.392576,-6.047119,1510.1795258802204,7.112585563341787,0.0009024772928957494
COSMOS 1950,19195,24,-1660.7973,2025.8888,-7419.6767,-6.923207,-1.081603,1.255321,1497.5497668995913,7.11874223634337,0.0009047082940606901
COSMOS 1953,19210,1,-2852.9991,5689.7275,-2546.1285,-2.211473,2.020549,7.015316,484.3171500208,7.628098693054909,0.001112727321890828
COSMOS 1953,19210,6,-2953.914,3964.6179,4738.1524,1.999128,-4.991287,5.417422,476.9114464208851,7.632687587137115,0.0011146008015518948
COSMOS 1953,19210,12,-2854.5396,5755.6154,-2390.8782,-2.118076,1.882189,7.082796,484.05678517111573,7.628556911442229,0.0011128364287141066
COSMOS 1953,19210,24,3244.5036,-4989.5226,-3428.7965,-1.08771,3.774133,-6.520427,497.68144731839857,7.612040541675931,0.0011082244241575284
NOVA 2,19223,1,-1301.4475,-6154.8988,-4231.3806,0.837809,3.948984,-6.005967,1210.6308677984352,7.236576411385843,0.0009544880959744233
NOVA 2,19223,6,-918.5998,-4330.3585,6114.3779,-1.221012,-5.774717,-4.236501,1177.6056616497526,7.265408966963525,0.0009624835754601685
NOVA 2,19223,12,-890.3049,-4215.2794,-6236.9315,1.235018,5.828017,-4.105043,1209.2729351073249,7.234806814591665,0.0009544256356633723
NOVA 2,19223,24,-158.0863,-735.3671,7497.1898,-1.499617,-7.08475,-0.703992,1163.826537302245,7.275859979772356,0.0009656307207275658
COSMOS 1954,19256,1,-6228.2055,3300.1246,-1303.2012,-2.122404,-1.231518,7.036797,796.9634132323008,7.452365218019645,0.0010396767935871895
COSMOS 1954,19256,6,-6039.5978,3418.3192,-1794.4647,-2.597507,-0.95954,6.918347,797.1065350899717,7.451931617980535,0.0010395955447231647
COSMOS 1954,19256,12,6423.0783,-2491.8263,-1898.6147,-0.997687,2.671682,-6.909136,775.318698208097,7.474585227662402,0.0010459350531815236
COSMOS 1954,19256,24,2191.9925,1054.3269,-6730.4344,-6.324856,3.652329,-1.500173,785.478431800324,7.456126982214425,0.0010418709499748634
OKEAN 1,19274,1,-1497.1344,-2573.8424,6148.9532,5.284984,4.514708,3.17403,460.96176566375016,7.64121133371012,0.00111845054111888
OKEAN 1,19274,6,3884.9243,2827.0297,4872.4567,3.489791,4.301068,-5.251035,471.9210162610725,7.632247096074,0.0011153492898627975
OKEAN 1,19274,12,-919.2258,-2048.7196,6452.4117,5.489268,4.789235,2.303359,460.9722494391526,7.640307437788744,0.0011183165210332856
OKEAN 1,19274,24,-3620.091,-2417.3276,-5293.3161,-3.909833,-4.501243,4.744646,482.30043909662345,7.619688202167724,0.001111827544973663
COSMOS 1959,19324,1,-3907.5222,20.4507,6241.3849,6.044742,-1.731333,3.805143,992.6969957061201,7.349526042807251,0.0009980755654520911
COSMOS 1959,19324,6,-7111.5178,1326.5031,1310.0499,1.097485,-1.138635,7.195844,980.8383166740314,7.3675731323676725,0.0010021402559490398
COSMOS 1959,19324,12,7007.5892,-1687.8381,1532.9691,1.679403,0.543274,-7.135014,998.1992854938499,7.3500997173971045,0.0009974081894983703
COSMOS 1959,19324,24,3875.8171,-1619.9549,6059.1911,6.045573,-0.813237,-4.083569,1001.9240371107608,7.340697725302343,0.0009956291002530054
METEOR 3-2,19336,1,-7362.5357,-1839.9704,52.643,0.171327,-0.924868,-7.181075,1218.1497739931092,7.242414784723255,0.000954311747745701
METEOR 3-2,19336,6,135.0601,1043.6068,7490.6772,-7.046664,-1.697978,0.375636,1193.2317057463342,7.258078617780052,0.000959526214971217
METEOR 3-2,19336,12,-7165.3703,-1964.0097,-1554.3673,1.667167,-0.537345,-7.025696,1219.5153541196041,7.240758920122254,0.0009539219120599596
METEOR 3-2,19336,24,5335.7828,1943.11,4990.3162,-4.869075,-0.437897,5.376713,1188.7295147947116,7.266958636362463,0.0009612723077116339
OSCAR 25,19419,1,-6557.3548,-2480.9691,2594.8649,-2.320893,-0.871512,-6.871107,1104.7898243255786,7.30466897874517,0.0009771099977926617
OSCAR 25,19419,6,407.4666,147.658,7524.2712,-6.760095,-2.555868,0.393518,1165.7425991756545,7.2378313090851325,0.0009603394588368699
OSCAR 25,19419,12,-5742.5305,-2167.4512,-4177.5548,3.894635,1.477516,-6.0594,1053.7198839292741,7.353064916990805,0.0009903491353130283
OSCAR 25,19419,24,-2330.083,-887.0197,7096.4508,-6.388257,-2.41333,-2.444789,1150.6823046375557,7.253342845989703,0.0009643245423324506
OSCAR 31,19420,1,6321.2294,2433.4309,3294.0646,-2.929884,-1.134991,6.533184,1160.9578239307966,7.249477084686385,0.0009624957088385566
OSCAR 31,19420,6,4716.5449,1822.7841,-5486.1922,5.059504,1.945813,4.912582,1090.00814396216,7.315615549200833,0.0009805130095081069
OSCAR 31,19420,12,1338.8465,509.5549,7398.9036,-6.634682,-2.558623,1.353544,1165.3074929815075,7.238621295328897,0.0009604997277605985
OSCAR 31,19420,24,6362.4729,2455.5324,-3095.2501,2.866672,1.099311,6.613108,1118.410788054971,7.291055510004639,0.0009735152358892246
USA 32,19460,1,-2762.9373,2320.854,-6185.8585,-5.68577,3.08732,3.700333,790.35679847538,7.453320708663287,0.001040769356757935
USA 32,19460,6,-2287.9427,2067.2597,-6463.664,-5.900675,3.292241,3.143721,790.5079955707215,7.452502799969081,0.0010406331745462457
USA 32,19460,12,4826.6422,-3391.5665,4047.6263,3.897506,-1.772014,-6.115079,783.1929604389888,7.4649030678551345,0.0010434304902222095
USA 32,19460,24,5617.9271,-3180.5944,-3100.5777,-2.437814,2.210685,-6.692971,790.7642876572709,7.458279029016144,0.001041402471437086
FENGYUN 1A,19467,1,-4482.6508,600.1443,-5700.2299,-5.305824,2.593849,4.442385,905.465645381496,7.390169513752848,0.001015626249598735
FENGYUN 1A,19467,6,-1525.5128,-666.2481,-7080.8606,-6.825977,2.553411,1.222077,902.9028499389378,7.38967806696469,0.0010159165195651086
FENGYUN 1A,19467,12,1781.6785,571.319,6999.4909,6.794096,-2.560218,-1.525752,874.2506192888904,7.419054914896101,0.001023988720989788
FENGYUN 1A,19467,24,2349.0995,371.9254,6843.1981,6.632941,-2.544006,-2.142018,873.7192630155805,7.419980724357779,0.0010241916152965251
NOAA 11,19531,1,-1002.0444,-3109.0729,6419.4817,-4.261968,-5.206987,-3.179906,831.7892218029447,7.44237106169996,0.0010332623699679838
NOAA 11,19531,6,385.3583,-1318.3437,7069.6231,-4.346415,-5.976437,-0.878042,830.8124043022799,7.441779378680748,0.0010333203589467444
NOAA 11,19531,12,598.9457,2646.4808,-6705.3501,4.277395,5.487861,2.548835,862.5549033574862,7.410080039957126,0.0010244036492372106
NOAA 11,19531,24,2385.1411,4805.8121,-4849.1197,3.503969,3.69215,5.392932,860.7833120430059,7.415759295721848,0.001025439919275854
COSMOS 1975,19573,1,-744.219,832.6765,6752.4851,-1.525549,-7.440243,0.754348,473.2141330714703,7.632401755381722,0.0011151611575829726
COSMOS 1975,19573,6,-1576.9577,-5754.2719,3384.4886,0.112976,-3.904578,-6.546333,488.53378665407945,7.623186255205168,0.0011113271677496294
COSMOS 1975,19573,12,-750.1374,779.3666,6758.3941,-1.577939,-7.435522,0.687714,473.41445464761,7.632157587864719,0.0011150928451859315
COSMOS 1975,19573,24,1606.2531,4548.1664,-4883.9955,0.439433,5.482359,5.266769,493.3483789336351,7.614999492168795,0.0011093550431587756
COSMOS 1980,19649,1,1485.2108,-4346.099,5561.3135,5.192827,-3.437087,-4.062314,841.6718685602145,7.4351472300213395,0.0010308450690001423
COSMOS 1980,19649,6,-253.9549,-3027.0588,6539.5868,5.371267,-4.743358,-1.982454,839.6708137749356,7.435057374598329,0.0010311186804415943
COSMOS 1980,19649,12,-907.6852,4015.0286,-5941.5861,-5.240858,3.942421,3.467482,857.1942741482962,7.418403287617155,0.0010263148728789904
COSMOS 1980,19649,24,-2998.0796,5363.9841,-3802.8087,-4.239386,1.759884,5.834799,855.4902076862081,7.423911685954582,0.0010273191373121068
COSMOS 1992,19769,1,-6174.4062,931.3842,3470.9538,-3.752567,-1.809793,-6.204906,773.1086730495999,7.473818853917588,0.0010461513389503417
COSMOS 1992,19769,6,-5931.735,1077.0514,3833.7273,-4.158811,-1.717916,-5.966438,773.4373353842393,7.472973084698017,0.0010459848318196648
COSMOS 1992,19769,12,7160.4193,-101.5122,-236.7546,0.270524,2.044852,7.163163,794.0514317192783,7.454227465073024,0.0010403592404199054
COSMOS 1992,19769,24,3477.1044,1654.7873,6036.3186,-6.518967,1.116433,3.434896,789.0082581968163,7.452641405662425,0.001040870504182813
COSMOS 1994,19785,1,-4887.0477,-2047.729,5684.6071,-4.235669,-3.237509,-4.788184,1400.1766908806485,7.165826011040039,0.0009221030863252693
COSMOS 1994,19785,6,6703.8375,3958.7062,-26.6579,-0.460444,0.794409,7.097704,1414.4674007381918,7.15684961474202,0.0009192575405380841
COSMOS 1994,19785,12,3195.8538,2850.5635,6481.2093,-5.455482,-2.629294,3.833347,1397.2216606449374,7.167288191022389,0.0009226420800185229
COSMOS 1994,19785,24,-6740.6889,-3755.3263,1027.2341,-0.382471,-1.273557,-7.033231,1413.251560828293,7.1578327584158465,0.0009195274205211077
COSMOS 1995,19786,1,2261.9772,3181.6485,-6750.1542,1.969106,5.933439,3.456913,1426.6925916997861,7.143761214901153,0.000916137835762504
COSMOS 1995,19786,6,-3130.2202,-6870.2783,1930.9896,0.131537,-1.997497,-6.867812,1421.799449186864,7.15361013158545,0.0009179769321962841
COSMOS 1995,19786,12,-1671.448,-5683.4632,-5069.4735,2.450714,4.051722,-5.353013,1426.1183093281652,7.146831357549232,0.0009165990657085508
COSMOS 1995,19786,24,3127.2756,6129.9527,-3665.5785,0.583664,3.432423,6.243355,1425.9634167575068,7.148543416098835,0.0009168368548113147
COSMOS 1996,19787,1,4823.2364,5373.5509,2930.7917,-2.523262,-1.326675,6.558909,1421.8299502789523,7.151657496451435,0.0009177227710705318
COSMOS 1996,19787,6,-1293.8388,-2615.2068,-7228.0605,4.957665,4.486891,-2.515995,1423.753622713929,7.144288903602024,0.0009165509584271593
COSMOS 1996,19787,12,3766.8288,2583.3741,-6321.2965,3.772036,4.48775,4.079461,1427.8210897527651,7.142139574267434,0.0009157973355295744
COSMOS 1996,19787,24,2419.9518,3554.3111,6490.7788,-4.64363,-3.861604,3.834173,1414.852781836803,7.153751996235612,0.0009188141873070365
COSMOS 1997,19788,1,1316.7221,2318.797,7301.8994,-5.414173,-4.10274,2.26949,1402.564913445939,7.162145603213397,0.0009213463427603249
COSMOS 1997,19788,6,3445.0247,1699.8908,-6789.5912,4.553843,4.32311,3.394454,1430.049453673023,7.137862712245521,0.0009149874968277186
COSMOS 1997,19788,12,6059.2382,4859.2302,-640.9394,-0.130999,1.075323,7.068197,1422.4131813605027,7.150726475200893,0.000917534629410292
COSMOS 1997,19788,24,-2557.4022,-857.3143,7288.0237,-5.076337,-4.4984,-2.307342,1400.1378364632692,7.164399975052551,0.0009219241925469628
COSMOS 1998,19789,1,-5416.5291,-272.3354,5567.9058,-4.984322,-1.571658,-4.899202,1401.6783709937217,7.163501581311475,0.0009216258848487043
COSMOS 1998,19789,6,7641.9109,1427.4158,194.0063,-0.360422,0.86903,7.101938,1405.5002741637018,7.163982168796067,0.0009212347349356319
COSMOS 1998,19789,12,3719.8113,1545.7975,6634.6216,-6.169131,-0.640004,3.601105,1390.7452801416066,7.171871417991402,0.0009240024194481885
COSMOS 1998,19789,24,-7663.1807,-1261.9002,591.2295,-0.399414,-0.999525,-7.071121,1417.8563266555875,7.152575337992743,0.0009183088040171806
COSMOS 1999,19790,1,-7750.1919,-734.0133,400.06,-0.284581,-0.949141,-7.076239,1424.1457981876447,7.14527909661778,0.0009166318734255159
COSMOS 1999,19790,6,5313.7113,1244.8807,5518.948,-5.179137,0.131687,4.959701,1390.7035993191712,7.172129079997027,0.0009240405779764819
COSMOS 1999,19790,12,-2040.4585,774.3702,7460.4606,-6.878204,-0.892383,-1.770838,1402.132731468224,7.158345123458983,0.000920908644011651
COSMOS 1999,19790,24,-5756.7418,-1187.9677,-5121.2441,4.777491,-0.255637,-5.301454,1425.0557040015656,7.1410913063036805,0.0009159877221808838
COSMOS 2004,19826,1,2624.8505,-2548.0214,-6418.6947,5.686392,-2.987354,3.534976,1016.9560674124414,7.331806954602391,0.00099239991246595
COSMOS 2004,19826,6,-2789.7568,736.2935,-6812.9465,5.599203,-3.860673,-2.707486,1027.7236151346224,7.320269850786513,0.0009893963109815825
COSMOS 2004,19826,12,4914.9799,-2347.4986,4924.699,-3.888533,3.209788,5.388142,972.0536791587574,7.379397137246172,0.0010049493657101494
COSMOS 2004,19826,24,6081.6472,-4006.5998,-1086.3457,1.379414,0.184316,7.230165,992.3838418580608,7.362882675859844,0.0009999319380859424
METEOR 2-18,19851,1,-4077.8639,-2219.0729,-5658.7285,-4.179048,-3.99766,4.581044,948.4580919047457,7.377783663935939,0.0010079685642432601
METEOR 2-18,19851,6,-347.7264,934.5394,-7253.428,-5.859495,-4.464336,-0.289239,950.6456681946383,7.372084967974936,0.0010068890659376494
METEOR 2-18,19851,12,-990.4906,-1913.5718,6994.6035,5.802384,4.114102,1.950145,947.9689700569061,7.375402420945246,0.0010077105738689723
METEOR 2-18,19851,24,-3487.0687,-3513.9974,5390.1188,4.764379,2.785639,4.898316,947.5522150108272,7.379199924776263,0.0010082868452644287
COSMOS 2008,19902,1,-2952.2668,6584.1371,-2905.1479,-2.983702,1.447984,6.361681,1407.600448078886,7.1742679372059275,0.0009223083233408379
COSMOS 2008,19902,6,4384.8218,-5955.3997,-2634.5879,0.316404,3.07559,-6.400884,1479.7643708967425,7.108493604187317,0.0009054524207272011
COSMOS 2008,19902,12,3004.739,-1092.3058,-7145.3795,-2.879886,6.162248,-2.11644,1457.0289101315211,7.123648086486305,0.000910018111617656
COSMOS 2008,19902,24,-3668.9357,6828.6849,-584.4894,-1.98853,-0.488215,6.881451,1402.9085724579281,7.179622087027004,0.0009235537079074466
COSMOS 2009,19903,1,6288.8431,-653.139,4564.2081,4.19677,2.008842,-5.440311,1426.9570189790238,7.158582847923533,0.0009180074768943516
COSMOS 2009,19903,6,-7752.6155,-895.6232,406.2725,0.615967,-1.911958,6.857699,1443.7453798236284,7.145840350403443,0.0009144047570446522
COSMOS 2009,19903,12,-4465.3327,-2150.9404,6003.9113,5.84786,-0.626153,4.097863,1414.4153148248388,7.168124951880931,0.0009207119545994579
COSMOS 2009,19903,24,7076.5161,-357.3277,3275.8563,2.997677,2.021221,-6.171301,1435.1512730023487,7.152367283618131,0.0009162475890461748
COSMOS 2010,19904,1,-1250.1926,-6643.0722,3964.9069,2.872701,2.959208,5.812981,1465.7006142365299,7.127416862301938,0.0009094920443118533
COSMOS 2010,19904,6,-1112.2605,2900.804,-7193.3314,-2.943442,-6.154693,-2.050943,1464.547453528835,7.123935985174348,0.0009091816528998233
COSMOS 2010,19904,12,-3173.8192,-3089.4842,-6483.5107,-1.252551,-6.066412,3.49068,1481.003052301544,7.110209942311479,0.0009055281684114178
COSMOS 2010,19904,24,-1106.7272,-6304.9343,4515.3601,3.039767,3.416877,5.469603,1462.614648117964,7.129641563572955,0.0009101343228934373
COSMOS 2011,19905,1,2386.7326,552.7781,7448.279,-4.5256,5.400307,1.039924,1469.8492010485297,7.122205626070128,0.0009083462063162368
COSMOS 2011,19905,6,1270.668,-4184.8662,-6499.2452,4.864161,-3.907482,3.451479,1462.766045003481,7.130300491682381,0.0009102008472962014
COSMOS 2011,19905,12,4724.3128,-6024.3013,-1709.4606,2.506346,0.061757,6.669979,1473.3350979147936,7.1256020138095,0.0009083755251230472
COSMOS 2011,19905,24,2509.6352,359.4796,7419.6953,-4.352679,5.509183,1.195522,1469.8783158991373,7.122231718851472,0.0009083461612214478
COSMOS 2012,19906,1,6949.8853,1328.3318,-3374.1299,2.462623,2.685824,6.132145,1468.0129248599496,7.133117474157426,0.0009099509775696491
COSMOS 2012,19906,6,-7187.4997,-2818.7852,-1416.5497,1.878194,-1.405322,-6.727667,1478.3512466833345,7.124889184275711,0.0009077042115150933
COSMOS 2012,19906,12,-3659.4145,-3070.3197,-6224.1554,5.934892,0.772538,-3.863124,1474.9089968191383,7.123446150037494,0.0009079185283598697
COSMOS 2012,19906,24,6517.7639,754.1183,-4289.9653,3.390699,2.754315,5.637622,1468.2437735882531,7.132031452728598,0.0009097856449824442
COSMOS 2013,19907,1,-309.2018,-7844.3036,13.9061,1.960441,-0.102046,-6.85246,1479.4075118246828,7.128109872343228,0.0009079923381819997
COSMOS 2013,19907,6,-969.8758,6448.8509,4361.5646,-1.7788,-4.060972,5.584307,1474.481677872278,7.130224940002454,0.0009088320173014789
COSMOS 2013,19907,12,-2036.0199,1674.6707,7380.2349,-0.737899,-6.961681,1.37046,1465.948779072919,7.133558571397728,0.0009102469305970889
COSMOS 2013,19907,24,-1033.1026,-7518.0413,1996.0263,1.77331,-2.011446,-6.607497,1475.806163078335,7.130887740809345,0.0009087630804953984
COSMOS 2014,19908,1,3090.1308,-3745.3406,6177.1381,5.637078,-1.84346,-3.941171,1486.0681349717597,7.120942493864488,0.0009063103910438576
COSMOS 2014,19908,6,-6058.4312,4271.9773,-2627.0974,-3.060295,-0.386688,6.41462,1493.8597829799537,7.117744224174468,0.0009050058641322138
COSMOS 2014,19908,12,-6766.949,2967.3396,2697.7457,1.300888,-2.848612,6.390583,1495.036799570521,7.116631998001372,0.000904729049626355
COSMOS 2014,19908,24,506.3617,-2738.0601,7348.4432,6.204593,-3.105117,-1.589109,1487.3072443157334,7.117864377270686,0.0009057757804544174
COSMOS 2015,19909,1,-5618.9529,-4248.2737,-3471.3195,-1.073462,-3.556582,6.088048,1482.058015423696,7.1320350979557015,0.0009081857136351369
COSMOS 2015,19909,6,5416.3432,5686.7289,-695.6637,-1.842947,0.912709,-6.801204,1513.136428663518,7.105340752779279,0.0009012199138192416
COSMOS 2015,19909,12,2934.1251,5029.5108,-5301.1792,-4.532531,-2.512682,-4.868711,1503.4885484886754,7.110678933871645,0.0009030020032521826
COSMOS 2015,19909,24,-4347.7456,-1673.3625,-6323.5274,-3.550264,-4.913991,3.748206,1483.3002640131072,7.127463099603744,0.0009074599722473571
COSMOS 2016,19921,1,-4332.6579,-5063.0797,-3073.8917,-1.22426,-2.961903,6.64922,967.63139218161,7.381314824433991,0.0010058162659999322
COSMOS 2016,19921,6,-1908.3866,-1064.2776,-7027.9324,-4.099152,-5.762466,2.016176,988.786684673074,7.353504415123173,0.0009991464060279105
COSMOS 2016,19921,12,227.3939,-1171.6892,7248.7313,4.54886,5.736896,0.81238,975.3371163290312,7.366414614913825,0.0010027329944524554
COSMOS 2016,19921,24,-3133.0265,-4905.3529,4459.001,3.345838,3.120982,5.79813,961.1914896735789,7.386032227351028,0.0010073430621326894
COSMOS 2026,20045,1,-942.9209,5460.5645,4831.1595,-0.366413,-4.938013,5.451147,980.6642059303349,7.364321726428511,0.0010017217217957214
COSMOS 2026,20045,6,-331.9416,7322.3107,-867.9873,-0.944835,0.787522,7.23488,1010.0447205057862,7.338691483644003,0.0009942618913086764
COSMOS 2026,20045,12,-58.4832,-6472.5362,3431.5655,0.997273,-3.455679,-6.457747,955.1713688517357,7.391804049322398,0.0010089586602832837
COSMOS 2026,20045,24,-749.5172,-2217.494,6936.1028,0.625054,-7.032446,-2.188091,949.4219636097259,7.391463418708977,0.001009704557394697
NADEZHDA 1,20103,1,1724.3517,-1300.066,-7016.4642,6.964981,-1.40397,1.969188,970.2757923626968,7.372909430516898,0.0010043090110014815
NADEZHDA 1,20103,6,-4173.4036,235.1084,-6042.9886,5.828533,-1.917938,-4.079769,976.8081621646506,7.368500403562043,0.0010028161107286308
NADEZHDA 1,20103,12,6113.6979,-981.7076,3996.2818,-3.710846,1.680971,6.117842,998.6214318900684,7.350104235690878,0.0009973516690945977
NADEZHDA 1,20103,24,6884.9283,-1942.6535,-1711.7682,1.906359,0.425653,7.102489,984.6978382567058,7.366188641924058,0.001001426214602344
COSMOS 2034,20149,1,1528.2162,4925.8706,5244.0723,0.30496,5.340825,-5.061628,984.2661549065706,7.364610668094342,0.001001270452080315
COSMOS 2034,20149,6,735.9714,-977.0263,7233.2321,1.394229,7.198049,0.840044,964.9308138081606,7.379800663485295,0.001005980134053958
COSMOS 2034,20149,12,-83.7852,3887.3896,-6290.7019,-1.581865,-6.091708,-3.742979,1024.386957867101,7.322642626124124,0.0009901635530152222
COSMOS 2034,20149,24,1184.5572,7164.989,-1345.9793,-1.117549,-1.137552,-7.162881,1014.9260357941121,7.33824260571058,0.000993544014677043
COSMOS 2037,20196,1,-7083.6776,-3366.8405,-837.4953,1.531909,-1.509741,-6.775671,1516.6803732595617,7.108852268235921,0.0009012601844689363
COSMOS 2037,20196,6,5267.1792,3729.5923,4534.8798,-4.542254,-0.206665,5.461177,1516.84953264069,7.106281450102437,0.000900914935141188
COSMOS 2037,20196,12,1304.1221,2872.6375,7235.0873,-6.473995,-2.105048,2.008698,1521.9885909417071,7.097795854878682,0.0008992532768924031
COSMOS 2037,20196,24,-6462.8484,-1266.2447,4352.7323,-3.147879,-3.069575,-5.575806,1523.1790933018447,7.10077780450156,0.00089949540295159
COSMOS 2038,20232,1,-5027.2326,-5885.3957,873.431,1.227223,0.005493,7.045054,1418.340913828477,7.151146224745653,0.0009180682042109838
COSMOS 2038,20232,6,2311.3568,3863.2837,-6344.0599,-4.289797,-4.057194,-4.041957,1408.1019544919154,7.155459303545371,0.0009198310223217434
COSMOS 2038,20232,12,-2758.8395,-1713.8436,-7077.9082,-4.079073,-5.142005,2.827199,1416.5053617733356,7.14647508530989,0.0009176847723778039
COSMOS 2038,20232,24,-2773.3957,-4236.5378,5908.1613,4.109076,3.682552,4.553888,1410.1532684059766,7.15427080302556,0.0009194357900742344
COSMOS 2039,20233,1,-4447.7198,-4917.9738,4061.8615,3.294222,2.026788,6.025078,1405.0784822415935,7.159702025106352,0.0009207342803261472
COSMOS 2039,20233,6,164.6715,1518.6579,-7638.4961,-5.244825,-4.729372,-1.062642,1418.7407652539941,7.141733460104276,0.0009168127252655
COSMOS 2039,20233,12,-4821.6396,-3616.6399,-4940.7002,-2.853665,-3.63092,5.448893,1422.5108304819987,7.1426478916487275,0.0009164865549057025
COSMOS 2039,20233,24,-484.3168,-1782.4386,7538.135,5.288513,4.625339,1.421734,1390.129389705934,7.1682255951417995,0.0009236059902118705
COSMOS 2040,20234,1,-1376.2296,6529.2157,4010.7454,-1.808794,3.354354,-6.059383,1414.2902471689395,7.15818055321609,0.0009194494136964394
COSMOS 2040,20234,6,2356.4013,-7155.4496,1984.528,0.338305,2.025514,6.853949,1419.4709387536932,7.154982469008711,0.0009184274641750161
COSMOS 2040,20234,12,1621.7393,-2196.2821,7284.6014,-1.583989,6.580921,2.330498,1408.4029961705191,7.1588241554298575,0.0009202279608028858
COSMOS 2040,20234,24,-2161.6687,7478.6953,-353.8531,-0.80129,-0.55561,-7.086493,1421.8753984124114,7.153261576039911,0.0009179232581464341
COSMOS 2041,20235,1,-2961.5457,-6595.6383,-2895.0082,-0.171613,-2.80986,6.575124,1417.0851302282654,7.15241356863157,0.0009183789659502523
COSMOS 2041,20235,6,2124.3251,6663.5938,-3410.1298,-1.92192,-2.644257,-6.36846,1410.0812047386125,7.158432394040542,0.0009199791398759748
COSMOS 2041,20235,12,-633.4777,1121.1137,-7676.254,-2.694181,-6.581363,-0.742248,1412.5124074700989,7.150096663125192,0.000918620834504356
COSMOS 2041,20235,24,-2415.1512,-6940.0752,2574.9723,1.695997,1.896659,6.686452,1415.4036272392004,7.154184896589827,0.0009188047831944288
COSMOS 2042,20236,1,1862.8039,4961.8651,5697.8852,0.538926,5.296855,-4.781742,1410.7761078581707,7.156267929519198,0.0009196188415511821
COSMOS 2042,20236,6,-1706.0287,-7597.216,0.5883,0.902303,-0.19808,7.096313,1415.4128597176623,7.156189250165063,0.0009190611105644029
COSMOS 2042,20236,12,-108.2735,-4289.1265,6491.0722,1.822462,5.761783,3.83228,1409.8963230091522,7.155828469082598,0.0009196663433134117
COSMOS 2042,20236,24,1890.6329,7472.7577,1095.3154,-0.658694,1.201006,-7.024429,1414.6480931871602,7.156737802498635,0.0009192218447120859
COSMOS 2043,20237,1,1243.383,7502.6594,1687.8787,-0.681404,1.679236,-6.920421,1419.0471027466228,7.1537662648532905,0.0009183213105773145
COSMOS 2043,20237,6,-318.2116,-6439.8463,4356.1001,1.311043,3.905059,5.856067,1410.2908357944225,7.159737442799073,0.0009201220715030769
COSMOS 2043,20237,12,1017.1088,9.1747,7711.4763,0.983943,7.088043,-0.135294,1407.2685227252996,7.157290120117669,0.0009201649569189653
COSMOS 2043,20237,24,620.0137,7082.4118,-3195.7341,-1.261623,-2.798416,-6.455895,1423.721953403453,7.148524669762986,0.0009170980969554258
INTERCOSMOS 24,20261,1,-1538.7778,-3688.7441,6432.6229,-0.500806,-5.833246,-4.456025,1202.1966517886003,7.357562391633318,0.0009715266524731858
INTERCOSMOS 24,20261,6,1541.3096,8509.3289,516.5806,-0.828214,0.05238,6.34652,2292.2077850946025,6.40054671138302,0.0007388194846711882
INTERCOSMOS 24,20261,12,354.8768,6067.7959,6129.1101,-1.446218,-4.641592,4.197346,2260.921874365931,6.422899364127076,0.0007440868276624525
INTERCOSMOS 24,20261,24,-1666.4712,-5841.8181,3849.7924,0.169649,-3.683072,-6.795028,821.0001735966898,7.730860602880445,0.0010749249744545367
MAGION 2,20281,1,-3963.0826,-4288.6979,4042.2571,-2.422119,-4.418162,-5.974607,731.0275861466198,7.815545068186479,0.0011004667291678314
MAGION 2,20281,6,4953.2456,6091.6306,-1474.0516,-0.403598,0.941373,6.899407,1617.4562626478892,6.975019098352491,0.0008731372957458642
MAGION 2,20281,12,2330.3395,4121.6477,5324.0365,-4.320886,-4.58616,4.581519,753.8737954793132,7.790586352641051,0.0010934349963621992
MAGION 2,20281,24,-4662.5948,-6035.2576,-533.4389,0.526065,-0.846435,-7.221214,1274.1737473636276,7.289658992521255,0.0009534981458119288
METEOR 3-3,20305,1,-3575.2693,3037.4943,-6010.0364,-5.228623,2.44414,4.349405,1253.2678152974095,7.227007864237731,0.0009478953309768824
METEOR 3-3,20305,6,6130.4564,-3165.2824,-3256.921,-2.237205,2.320356,-6.466934,1258.485090377444,7.22567460789074,0.0009470723806779565
METEOR 3-3,20305,12,-2721.5357,2645.9425,-6612.7185,-5.648835,2.867146,3.475416,1253.6845337969871,7.225536617829641,0.0009476505664991
METEOR 3-3,20305,24,3448.2432,-3033.7816,6081.9822,5.26113,-2.557146,-4.248488,1250.3331802225812,7.229670450882253,0.0009486096828365022
COBE,20322,1,-2299.8161,6776.9593,1205.4089,1.492081,-0.78141,7.217807,886.3646776136939,7.411723496455463,0.0010212692658697323
COBE,20322,6,-2733.2406,6396.3637,-2073.2634,0.278381,2.390585,7.008571,887.2707228337531,7.410294196955139,0.0010209448613762967
COBE,20322,12,2731.5064,-6536.8358,1555.912,-0.476104,-1.904612,-7.150983,882.4275788172454,7.415576832293561,0.0010223548455836043
COBE,20322,24,2691.1869,-6716.356,514.4779,-0.872422,-0.912302,-7.307422,882.7309268442004,7.41564773781576,0.0010223218661685324
COSMOS 2056,20432,1,1205.0889,-7012.2892,623.7327,1.928125,0.971476,7.162203,771.3722643383089,7.480547001884956,0.0010473476773585641
COSMOS 2056,20432,6,1001.053,-7071.9638,54.5893,2.028362,0.34642,7.191713,771.6717052510494,7.480307152371017,0.0010472701897907123
COSMOS 2056,20432,12,-1802.928,5980.2462,-3526.1392,-1.247413,-4.010937,-6.148917,801.6948661974375,7.446666038129211,0.0010381964069352664
COSMOS 2056,20432,24,-1940.0162,-375.494,-6880.185,0.898756,-7.398801,0.167108,787.32412192431,7.455061614017754,0.001041453486464046
SPOT 2,20436,1,1611.7876,5863.7938,-3470.3367,0.272049,-3.978936,-6.421974,630.7978982400728,7.559609276091788,0.0010796668778446066
SPOT 2,20436,6,1553.6026,3773.4936,-5650.0085,-0.462843,-6.278955,-4.239207,598.614841441381,7.5901499012551135,0.0010890343403374353
SPOT 2,20436,12,-277.4995,3779.9422,6009.1962,1.666349,6.16093,-3.833361,733.6047024402087,7.4450274687889495,0.001047915792729723
SPOT 2,20436,24,1331.9385,1918.9128,-6548.6045,-0.837578,-7.219347,-2.243172,581.7338075901016,7.606071826776092,0.0010939685075348003
OSCAR 14 (UOSAT 3),20437,1,-6342.2881,3116.4904,1143.3012,1.582589,0.512012,7.277609,787.5102074813867,7.465275412732339,0.00104285321894636
OSCAR 14 (UOSAT 3),20437,6,-6472.5447,3028.536,447.1582,0.917271,0.834519,7.360175,789.0150595247587,7.463912116271667,0.0010424436337382618
OSCAR 14 (UOSAT 3),20437,12,5217.8544,-3013.3079,-3887.0279,-4.110373,0.80615,-6.16129,799.4264123676894,7.450271034380494,0.0010390276122951522
OSCAR 14 (UOSAT 3),20437,24,-605.9284,-934.1793,-7087.537,-6.795504,3.022159,0.184166,803.4700791657115,7.439505141530114,0.0010369414130158617
OSCAR 15 (UOSAT 4),20438,1,1985.2753,499.2168,6854.37,6.835151,-2.393591,-1.808628,782.5252517267545,7.464563102450538,0.0010434803596518659
OSCAR 15 (UOSAT 4),20438,6,1187.3409,773.5561,7012.1667,7.04103,-2.28875,-0.944922,782.9254456031977,7.463736169605943,0.001043306395399068
OSCAR 15 (UOSAT 4),20438,12,-4221.9532,324.8998,-5794.4981,-5.640959,2.367835,4.239028,805.8138427810627,7.442877092340703,0.0010370726140301473
OSCAR 15 (UOSAT 4),20438,24,-6887.7384,2003.8055,83.2968,0.40986,1.066078,7.364247,802.7796945233167,7.45229101677417,0.0010388235120272061
OSCAR 16 (PACSAT),20439,1,-4539.4366,4326.5709,3430.4928,3.468985,-1.494746,6.448203,777.0054035372841,7.47311477658078,0.001045482530396887
OSCAR 16 (PACSAT),20439,6,-4837.48,4420.0799,2858.6194,3.030303,-1.068878,6.746468,778.1274954948431,7.472621154970791,0.0010452493901780048
OSCAR 16 (PACSAT),20439,12,2764.3461,-3317.486,-5726.2645,-5.140647,3.19444,-4.334185,800.9891135403614,7.44418283671445,0.001037952333566737
OSCAR 16 (PACSAT),20439,24,-2858.5968,929.8316,-6507.165,-5.129551,4.545274,2.912049,796.9396486405903,7.4465991281307735,0.001038875812736932
OSCAR 17 (DOVE),20440,1,2925.3309,-1453.6063,6358.1323,4.483284,-5.041178,-3.199441,777.1730878734179,7.466574433086501,0.0010445430379621386
OSCAR 17 (DOVE),20440,6,2562.3531,-1037.7883,6590.8628,4.740152,-5.131791,-2.636744,776.1763944316035,7.467043509470197,0.0010447543333739187
OSCAR 17 (DOVE),20440,12,-4502.9708,3333.1828,-4455.9594,-2.778552,3.884458,5.730559,787.381645198644,7.459803725497676,0.0010421075733648827
OSCAR 17 (DOVE),20440,24,-4571.2223,4838.5897,2601.902,2.7482,-1.108506,6.861733,775.8816709504426,7.474273781132519,0.0010458090850325409
OSCAR 18 (WEBERSAT),20441,1,1368.3664,158.0926,7009.9248,5.048014,-5.439822,-0.853873,772.981073356701,7.470154472031284,0.0010456570916587446
OSCAR 18 (WEBERSAT),20441,6,927.5188,627.5776,7055.0488,5.175652,-5.383826,-0.194466,772.3786361046714,7.470660817393332,0.001045816160385855
OSCAR 18 (WEBERSAT),20441,12,-3265.3833,1983.9101,-6061.7772,-4.031129,4.973108,3.810855,794.4567337498274,7.450128859645986,0.0010397283992456938
OSCAR 18 (WEBERSAT),20441,24,-5035.531,5079.276,96.5398,0.898066,0.730845,7.379767,781.967011605816,7.47004805397328,0.0010443286040398333
OSCAR 19 (LUSAT),20442,1,1124.1254,-3130.1616,-6352.6357,-4.437253,5.014893,-3.25162,799.6031750442171,7.443883301869931,0.0010381111770034644
OSCAR 19 (LUSAT),20442,6,1506.6803,-3534.7516,-6054.4746,-4.336033,4.695652,-3.81673,799.8588803682223,7.444310429790861,0.0010381337234471693
OSCAR 19 (LUSAT),20442,12,783.0558,793.3518,7056.8307,4.578618,-5.899346,0.162795,773.329429200433,7.4694396195206645,0.001045506046934431
OSCAR 19 (LUSAT),20442,24,4232.7186,-4463.1417,3662.6835,1.620646,-3.658438,-6.29735,787.9657774176503,7.461050802645697,0.001042196741068514
COSMOS 2058,20465,1,6564.7143,844.8135,-2017.7491,2.038785,1.30937,7.189399,548.5733337365209,7.5867352698196875,0.0010964166291627267
COSMOS 2058,20465,6,5439.6958,1442.345,4014.2339,-4.528652,0.062756,6.092716,541.6495137155516,7.591693849813493,0.0010982321372941927
COSMOS 2058,20465,12,4982.8475,163.6035,-4798.1897,5.12491,1.547649,5.37013,548.4045777548363,7.5827578196986485,0.001095868543960621
COSMOS 2058,20465,24,-6239.7168,-566.9471,2899.0494,-3.052705,-1.378905,-6.825683,532.6209471581651,7.603310807308813,0.0011013511410180583
MOS 1B (MOMO 1B),20478,1,4515.7323,-1853.6205,-5421.2951,-5.601559,0.386879,-4.797058,924.0796928181362,7.385045974568201,0.0010123324604443505
MOS 1B (MOMO 1B),20478,6,6823.4017,-1731.4015,-1909.4038,-2.146444,-0.721014,-7.035188,922.9964892519374,7.390598976312813,0.0010132441093443387
MOS 1B (MOMO 1B),20478,12,-6963.9964,1638.3052,1364.9986,1.616277,0.859876,7.17192,912.1662733705289,7.401903441852305,0.0010163029600073687
MOS 1B (MOMO 1B),20478,24,-7135.15,1433.2978,310.4734,0.546448,1.100595,7.298333,913.305171949648,7.401052583897645,0.0010160272543766518
DEBUT (ORIZURU),20479,1,4072.1682,5128.5073,-3661.5029,3.429206,2.17764,6.166354,1131.7158057568022,7.384137824644933,0.0009841953255085465
DEBUT (ORIZURU),20479,6,-5105.22,-4744.2612,-2813.5424,1.373617,2.984353,-6.599897,1144.8037772964244,7.372369151223167,0.0009809155972769618
DEBUT (ORIZURU),20479,12,441.0851,2100.793,-6992.5373,5.23492,5.165178,1.758059,943.6062905793024,7.561363807248332,0.001033734900672212
DEBUT (ORIZURU),20479,24,2410.431,795.4074,7693.68,-4.221125,-5.009939,1.91768,1730.5777772070896,6.826044361981982,0.000842557406680254
JAS 1B (FUJI 2),20480,1,2428.9866,3410.229,-6006.1001,5.199052,3.707887,4.0422,950.3985103011955,7.5576417316166165,0.0010322674993012643
JAS 1B (FUJI 2),20480,6,-5807.7999,-5188.6617,268.411,-0.651694,0.919769,-7.024273,1421.6115250542225,7.114147261726172,0.0009129349305881985
JAS 1B (FUJI 2),20480,12,-2081.3598,-349.8959,-7025.7675,5.318546,5.085386,-1.650421,964.9317555406078,7.541350794145105,0.0010280017652085367
JAS 1B (FUJI 2),20480,24,4277.4378,2521.6873,6224.9914,-3.481934,-4.092049,4.414276,1591.7821081531602,6.953744459133726,0.000873280766029467
NADEZHDA 2,20508,1,-3640.4171,6398.6814,466.1438,-0.56699,-0.828689,7.277407,1005.520206910357,7.346349825761771,0.0009959099439434433
NADEZHDA 2,20508,6,-1912.1388,4782.8258,-5249.8525,-3.125665,4.343169,5.058568,983.7704719703752,7.363559524130297,0.0010011950137932132
NADEZHDA 2,20508,12,457.2013,-2596.6154,6891.0426,3.597005,-5.895187,-2.477511,1007.2052478399928,7.3368750493732,0.0009943983398294737
NADEZHDA 2,20508,24,-2317.104,2579.1474,6522.4019,2.750072,-5.928775,3.317406,1015.6568082500198,7.329287248746975,0.000992233352517614
OKEAN 2,20510,1,-2904.3531,5684.8422,-2615.4825,0.339185,-3.021032,-6.967402,527.8003650045348,7.601734765094938,0.0011018922657417614
OKEAN 2,20510,6,-1356.625,885.5167,-6712.3743,2.817899,-6.88563,-1.483155,534.1096993389165,7.586316894588967,0.0010986526246375592
OKEAN 2,20510,12,-2781.4438,6304.0692,-268.7361,-0.794737,-0.660036,-7.536237,524.6462483504974,7.606715621122825,0.0011031185979040647
OKEAN 2,20510,24,2761.4959,-5383.8069,3310.1416,-0.645957,3.73842,6.588628,525.9756962204074,7.602832594805241,0.0011023429586639907
COSMOS 2061,20527,1,-5735.5585,-3479.148,-3073.6166,-2.055653,-2.408282,6.628954,1007.90378827518,7.346329871578665,0.0009955855344328688
COSMOS 2061,20527,6,-1990.9203,-291.7495,-7118.408,-5.734309,-4.185945,1.787809,1026.33829604719,7.321249638619557,0.0009897140492454845
COSMOS 2061,20527,12,-680.5012,-1531.7885,7144.1976,6.089823,3.919727,1.419747,967.1889618474288,7.380100640903686,0.0010057114472350282
COSMOS 2061,20527,24,-5196.1935,-3976.798,3350.6064,3.28034,1.228653,6.488424,980.3204575754426,7.373592388638322,0.0010030296504133388
USA 55,20547,1,-2258.8296,6248.5585,-1364.9324,0.009106,1.618405,7.514015,412.0549862379985,7.686334567496135,0.0011331670734043558
USA 55,20547,6,-485.8617,2746.9857,6185.2829,2.508523,-6.541521,3.134453,414.25729656317344,7.675218579570162,0.0011311610222147015
USA 55,20547,12,-2067.4987,6252.5824,1597.8991,1.105439,-1.547402,7.45469,405.6229847227196,7.693429100760271,0.0011352895266719732
USA 55,20547,24,-438.3603,-220.1853,-6809.4404,-2.556465,7.18514,-0.024817,456.0872178480586,7.6264255060489505,0.0011170833567368497
COSMOS 2064,20549,1,1328.7306,7366.7273,-2417.1328,-1.660847,2.412016,6.484252,1495.1761417335092,7.114896903059734,0.0009044924465029572
COSMOS 2064,20549,6,-46.1165,-7541.425,-2209.1298,2.058902,1.889146,-6.550953,1487.4650050404434,7.12200359892699,0.0009062843181663232
COSMOS 2064,20549,12,1466.1812,-4208.2052,-6486.1959,1.590829,5.964735,-3.522266,1498.524481804303,7.107401656176609,0.0009031551617394605
COSMOS 2064,20549,24,1978.0292,6100.3432,-4562.2564,-1.096681,4.423491,5.456461,1499.2585810873989,7.109356404581431,0.0009033192913973053
COSMOS 2065,20550,1,-3515.5071,833.3556,6952.132,-5.923095,-2.983986,-2.628718,1463.8842411120386,7.134240334523712,0.0009105738023656006
COSMOS 2065,20550,6,6703.9716,1240.8561,-3896.3857,2.875507,2.833298,5.867669,1481.6925699200947,7.12219471493261,0.0009069748562695971
COSMOS 2065,20550,12,7043.0206,3018.4314,1674.6728,-2.14664,1.270304,6.681739,1472.442884065017,7.132136538663362,0.0009093119748667046
COSMOS 2065,20550,24,-2089.3948,1527.9473,7393.5282,-6.507603,-2.624203,-1.291548,1462.5466313822099,7.134664282720106,0.0009107834060931877
COSMOS 2066,20551,1,726.8975,2998.088,7170.5988,-5.955854,-3.40128,1.985182,1435.0488585334697,7.140157566947665,0.0009146954747973604
COSMOS 2066,20551,6,4145.0295,518.9807,-6620.1686,4.672778,4.296436,3.227369,1456.978207383353,7.12110435266476,0.0009096990517868498
COSMOS 2066,20551,12,6620.6973,4047.5466,-1146.4557,-0.183536,2.211384,6.756679,1473.1460267808206,7.111723825331873,0.0009066281786508851
COSMOS 2066,20551,24,-2013.2035,1230.2186,7422.2376,-5.788684,-4.104137,-0.925031,1417.1985803555353,7.156010433026631,0.0009188274232088154
COSMOS 2067,20552,1,829.1447,6512.1118,-4223.1469,-1.862528,3.940696,5.665378,1434.7703507224023,7.1480489224741595,0.0009157390752358769
COSMOS 2067,20552,6,726.2497,-7691.1257,-1070.2836,1.893576,1.146528,-6.805275,1428.1256012696404,7.156250718650444,0.0009175709027542087
COSMOS 2067,20552,12,2051.1865,-3768.5117,-6496.0764,0.67716,6.262001,-3.413134,1414.1175383199006,7.163845747331317,0.0009201975065976127
COSMOS 2067,20552,24,312.6397,7535.6183,-2048.043,-1.964341,1.89953,6.597641,1444.2266042105257,7.141128520763507,0.0009137455485828342
COSMOS 2068,20553,1,6766.1535,-3608.4493,-1587.7829,-0.291782,2.431913,-6.696288,1459.8871830569205,7.130190078394615,0.0009105213638911375
COSMOS 2068,20553,6,-4778.7508,889.4744,6123.9928,4.335048,-4.029867,3.987937,1447.6259490531866,7.136953882151825,0.0009128143395856006
COSMOS 2068,20553,12,574.4611,-2829.4008,7280.886,6.101677,-3.241803,-1.728973,1461.4207871800309,7.122436137858099,0.0009093531018553009
COSMOS 2068,20553,24,6463.1776,-3081.5623,-3159.3858,-1.567526,3.130387,-6.215298,1455.264085191905,7.133469685871595,0.0009114782747197161
COSMOS 2069,20554,1,-6499.344,-3769.5003,2120.7047,2.644299,-0.83688,6.595671,1435.9195824369926,7.15510735601095,0.0009165083975128415
COSMOS 2069,20554,6,3097.8767,3461.7891,-6317.543,-5.859619,-1.574605,-3.723558,1470.6945476172868,7.118946544998775,0.0009078326759312348
COSMOS 2069,20554,12,-2774.2112,1010.3567,-7250.4062,-6.007391,-3.365725,1.84683,1457.5029544887302,7.129350072159874,0.0009106913689126254
COSMOS 2069,20554,24,-6199.7101,-3712.7084,2952.8525,3.314738,-0.500056,6.321164,1435.4042218058903,7.155044257492472,0.0009165608203462034
COSMOS 2070,20555,1,-1840.7009,-6846.1692,-3336.3916,1.352199,-3.346075,6.151243,1464.1593108781144,7.131791534129065,0.0009102292947927028
COSMOS 2070,20555,6,503.8621,7626.8901,-1753.1497,-2.112515,-1.380164,-6.664877,1470.9935911670127,7.126581067892935,0.000908771600619529
COSMOS 2070,20555,12,-1335.2716,4094.0369,-6560.8231,-1.809418,-5.997785,-3.375511,1476.8333400895926,7.11628364499828,0.0009067832274986918
COSMOS 2070,20555,24,-1975.4217,-6849.8442,-3249.6337,1.300049,-3.296195,6.189847,1463.7160536473957,7.132267154547353,0.000910341498748634
