norad_id,satellite_name,collision_probability,risk_class,risk_label,altitude_km,velocity_mag_km_s,lstm_pred_alt_km,lstm_risk_score,dist_evolution
11,VANGUARD 2,0.772,2,High,684.5168267833715,7.988387363927716,684.5168267833715,0.0011322185971696765,2205.369470885903
18010,USA 24,0.6871,2,High,404.7382033816466,7.946870384241145,404.7382033816466,0.0011728420056540863,876.1002711248993
14690,OPS 8737,0.6859,2,High,405.6956955992564,7.902981084884931,405.6956955992564,0.0011661997881972296,907.7763935331477
12138,COSMOS 1238,0.6855,2,High,403.91610703298466,7.901600001400349,403.91610703298466,0.0011663022650860227,899.5004999420789
18009,USA 23,0.6503,2,High,476.1698089033698,7.869300085787681,476.1698089033698,0.0011492777754036764,913.7459290453744
15331,COSMOS 1602,0.6241,1,Medium,286.73522014268565,7.735541104181982,286.73522014268565,0.0011618877663951612,0.058881195156573085
13874,SSC,0.6207,1,Medium,458.0198501296027,7.898635875048931,458.0198501296027,0.001156628044491484,614.8947348285492
4964,COSMOS 397,0.6065,1,Medium,605.9374487069636,7.919837780259455,605.9374487069636,0.0011351453038649843,883.0348557999732
14728,JD 1,0.6024,1,Medium,454.9991083014893,7.911125773842178,454.9991083014893,0.0011589696465417062,460.1479803443026
107,EXPLORER 11,0.5946,1,Medium,477.62001900351515,7.812317050036436,477.62001900351515,0.0011407140458017614,556.3553678674634
4221,AZUR (GRS A),0.576,1,Medium,401.10426961127723,7.711513146555999,401.10426961127723,0.0011387174265996122,244.2153654835529
16326,COSMOS 1707,0.5593,1,Medium,368.0741476497469,7.691111093937468,368.0741476497469,0.0011412711784184397,1.8853367996098314
7003,AUREOLE 2,0.5565,1,Medium,374.78512672352826,7.696203981835265,374.78512672352826,0.0011408907691629012,6.726616286529861
8688,COSMOS 803,0.5436,1,Medium,392.5894216444576,7.6779575237422355,392.5894216444576,0.0011351897705634923,0.9166471831649687
22,EXPLORER 7,0.5402,1,Medium,535.0359492722664,7.56965346592088,729.51,0.0011709893622193109,88.30545942784192
16719,COSMOS 1743,0.5381,1,Medium,399.31022035995466,7.661577834314287,399.31022035995466,0.0011316435414250408,0.9140268710507371
17911,COSMOS 1842,0.5381,1,Medium,402.76941333772174,7.671467266147331,402.76941333772174,0.0011325255995638145,5.699723145582539
20261,INTERCOSMOS 24,0.5378,1,Medium,821.0001735966898,7.730860602880445,458.36,0.001169896793843121,381.1964781919105
2389,OV3-3,0.5363,1,Medium,512.2067623299026,7.898267244024413,512.2067623299026,0.0011474691254735638,155.71590395956264
16881,COSMOS 1766,0.5321,1,Medium,414.65878343295844,7.66866065812662,414.65878343295844,0.0011301276564111198,9.021337104963095
16262,COSMOS 1703,0.5268,1,Medium,420.71511202405327,7.65671805146154,420.71511202405327,0.0011273614875138217,2.283480456604593
9588,COSMOS 871,0.5231,1,Medium,1437.9324080128,7.149227162697028,256.21,0.001259176855998434,6.0390752580387925
17191,COSMOS 1805,0.5196,1,Medium,433.6059784771296,7.643936418365475,433.6059784771296,0.0011233473977101886,5.55628975651598
4922,COSMOS 394,0.5191,1,Medium,435.51598329009266,7.6525958846990605,435.51598329009266,0.0011243044023529927,1.188380973256244
14147,COSMOS 1470,0.5186,1,Medium,438.05498165756126,7.653537575395903,438.05498165756126,0.0011240234652258258,4.732785220149708
20547,USA 55,0.5128,1,Medium,456.0872178480586,7.6264255060489505,456.0872178480586,0.0011170833567368497,44.03223161006008
18214,COSMOS 1869,0.5061,1,Medium,461.556096825404,7.635693598103972,461.556096825404,0.0011175456871333597,4.854113053733272
12987,COSMOS 1328,0.5031,1,Medium,471.6720217512302,7.6324212262134745,471.6720217512302,0.0011154153234221688,16.728463885360725
18152,COSMOS 1862,0.498,1,Medium,480.0254184702926,7.63073089862937,480.0254184702926,0.0011138085808376948,5.420726530125648
19274,OKEAN 1,0.498,1,Medium,482.30043909662345,7.619688202167724,482.30043909662345,0.001111827544973663,21.338673432873293
2016,DIAPASON (D1-A),0.4934,1,Medium,885.5556550376386,7.655747308723689,885.5556550376386,0.0010550111750895102,755.033410587831
6350,COSMOS 546,0.4914,1,Medium,492.44972338868865,7.618935718208613,492.44972338868865,0.001110073800387208,3.196714474734108
14143,GB 1,0.4903,1,Medium,558.3156173586531,7.800113040825819,558.3156173586531,0.001125668604455789,17.575083277672093
19210,COSMOS 1953,0.49,1,Medium,497.68144731839857,7.612040541675931,497.68144731839857,0.0011082244241575284,13.364297297598569
8818,OPS 6431,0.4873,1,Medium,709.8461426483491,7.615835642440953,709.8461426483491,0.0010755544590314327,461.86592428979566
7825,COSMOS 736,0.482,1,Medium,1481.2708332782713,7.127793250915391,302.76,0.0012091122902829418,0.7021433369172883
7337,COSMOS 660,0.4819,1,Medium,561.1386873809979,7.638573664326214,561.1386873809979,0.0011019072192296417,96.42195836355404
14064,COSMOS 1461,0.4804,1,Medium,460.77984481434305,7.636169892952357,834.26,0.0010806071959381521,25.560518895794303
18958,COSMOS 1933,0.4783,1,Medium,525.5957308760453,7.597886002901268,525.5957308760453,0.001101686440584816,14.546019217553294
20510,OKEAN 2,0.477,1,Medium,525.9756962204074,7.602832594805241,525.9756962204074,0.0011023429586639907,1.8246687841274252
20465,COSMOS 2058,0.4766,1,Medium,532.6209471581651,7.603310807308813,532.6209471581651,0.0011013511410180583,15.9523865783558
369,FTV 3502,0.4741,1,Medium,554.1593547526727,7.6141388695260215,554.1593547526727,0.0010994893372815325,42.422787837900614
15071,USA 3,0.4715,1,Medium,541.8102925559724,7.586494406599533,541.8102925559724,0.0010974544484128278,15.727640503091607
12108,COSMOS 1229,0.4705,1,Medium,1425.1048799010005,7.162469607275413,417.79,0.0011921160662839274,0.8240006754194837
10529,SS 1,0.4682,1,Medium,661.8977488852142,7.669145452819434,661.8977488852142,0.0010904673616270151,188.29309068333623
2674,DIADEME 1,0.4682,1,Medium,581.8346738094806,7.610237858315665,581.8346738094806,0.001094551821717054,67.59835109545747
14729,JD 2,0.4659,1,Medium,702.6748197529978,7.652609432110135,702.6748197529978,0.0010818435434352285,261.3724197294896
20436,SPOT 2,0.4653,1,Medium,581.7338075901016,7.606071826776092,581.7338075901016,0.0010939685075348003,49.06409064997115
13172,OPS 6553,0.4631,1,Medium,560.5255436950538,7.583658545583457,560.5255436950538,0.0010940821753851267,2.0982857892686297
10095,COSMOS 921,0.4616,1,Medium,576.76380241268,7.575434545031197,576.76380241268,0.0010903414048705213,36.295694849185566
876,COSMOS 44,0.4606,1,Medium,581.6245855437946,7.621413903064116,581.6245855437946,0.0010961923528721655,1.8104646751471591
397,TIROS 6,0.4561,1,Medium,580.1430373039229,7.578040589212491,580.1430373039229,0.0010901862540512067,0.8370408313903681
19573,COSMOS 1975,0.4553,1,Medium,493.3483789336351,7.614999492168795,153.44,0.0010610375918931301,20.13424586216479
14780,LANDSAT 5,0.4546,1,Medium,590.815013617108,7.552957491838345,590.815013617108,0.0010849121209145862,34.892710948471176
8889,COSMOS 825,0.4472,1,Medium,1422.8257979214013,7.165393922797545,303.83,0.0011610676920123001,7.223829592118818
14781,OSCAR 11 (UOSAT 2),0.4438,1,Medium,610.6755552510067,7.547419334154026,610.6755552510067,0.0010810326653574608,3.2434155393884794
16613,SPOT 1,0.4436,1,Medium,641.5513256557897,7.553804214167918,641.5513256557897,0.0010771834477035377,60.79663362428528
29,TIROS 1,0.4424,1,Medium,623.3421452126431,7.560704080363614,623.3421452126431,0.0010809742965660642,9.389169780713928
3229,COSMOS 220,0.4407,1,Medium,623.8106864695819,7.548433307761684,623.8106864695819,0.0010791476204442534,7.560337241472553
716,TIROS 8,0.4348,1,Medium,643.3776687072996,7.549628328568301,643.3776687072996,0.001076307647683254,3.1450006234754255
2826,OPS 5712 (P/L 160),0.4343,1,Medium,642.3893616748364,7.538045565716024,642.3893616748364,0.001074807796485421,6.9889193521494235
6852,COSMOS 595,0.4323,1,Medium,1488.2393831484205,7.105492003903037,283.13,0.0011448907708950591,5.08306056906531
1814,FR 1,0.4268,1,Medium,663.3849551730573,7.52627836853089,663.3849551730573,0.00106992699667312,3.1193987965580163
6217,OPS 8180 (STP RADSAT),0.4266,1,Medium,664.7017905565963,7.528967054385216,664.7017905565963,0.0010701088929736457,2.238501670356527
16141,COSMOS 1693,0.4249,1,Medium,1411.1633385893974,7.154553158646947,352.89,0.0011311933740649918,11.857585242427376
2980,OPS 1264 (DMSP 4A F4),0.4214,1,Medium,684.6635417258703,7.52169234560614,684.6635417258703,0.0010660503156257753,7.34476185254789
4594,COSMOS 374,0.4197,1,Medium,531.0625271069621,7.962341251332676,1326.88,0.0007768915891735808,1454.6542637211496
6153,OAO 3 (COPERNICUS),0.4187,1,Medium,690.2462707815912,7.51921778986252,690.2462707815912,0.0010648570381939443,0.23663176592253876
9011,COSMOS 839,0.4175,1,Medium,988.5777482799531,7.6122795978309945,988.5777482799531,0.0010343364603506093,371.0558515962757
1738,EXPLORER 30,0.4161,1,Medium,725.8939280605537,7.508265876968063,725.8939280605537,0.0010579650693778833,53.536969422863876
1641,OV2-1,0.4147,1,Medium,705.6376836901027,7.514436249990347,705.6376836901027,0.0010618653357524948,2.932777663779234
1982,ESSA 1 (OT-3),0.4146,1,Medium,715.7585325776736,7.508877814799493,715.7585325776736,0.001059564507564544,24.15655435921053
14180,GB 3,0.4136,1,Medium,1001.0693560317914,7.334201072839085,1001.0693560317914,0.0009948632763252935,574.4166309403654
309,TIROS 5,0.4135,1,Medium,703.6776956977437,7.4995182005440855,703.6776956977437,0.001060050863533288,2.0235818946739528
7218,OPS 8579 (DMSP 5B F5),0.4122,1,Medium,746.5323294000636,7.504477418563801,746.5323294000636,0.001054365062391835,63.220599766452324
3047,COSMOS 192,0.4116,1,Medium,709.2375224292946,7.497119246812405,709.2375224292946,0.0010588796241739746,0.5532580723329374
4578,COSMOS 371,0.4102,1,Medium,717.1251978935006,7.500144906837067,717.1251978935006,0.0010581281647036953,1.6474168340309916
7213,MIRANDA (X-4),0.4092,1,Medium,747.1149169259133,7.477584567677252,747.1149169259133,0.0010505006810014501,64.45871034697302
4369,COSMOS 332,0.4089,1,Medium,720.5815724984977,7.495555649338679,720.5815724984977,0.0010569653007175173,2.0650957434554584
5560,ASTEX 1,0.408,1,Medium,725.6239217523007,7.50003213724508,725.6239217523007,0.0010568450885858934,0.46630286018898914
16631,USA 18,0.4079,1,Medium,1029.0989492862145,7.290206403118227,1029.0989492862145,0.0009851498544923394,601.1583240978007
4070,COSMOS 292,0.4071,1,Medium,723.7086092987302,7.485444761309912,723.7086092987302,0.0010550743058705837,2.3213761291390256
5398,RIGIDSPHERE 2 (LCS 4),0.4068,1,Medium,736.1197529939509,7.508492646720046,736.1197529939509,0.0010564747616018447,2.5436348063312835
3597,OAO 2,0.4056,1,Medium,735.9312767839101,7.49514723992124,735.9312767839101,0.0010546249777883049,4.271114055040016
1430,TIROS 10,0.4047,1,Medium,751.9962768842925,7.485569859855227,751.9962768842925,0.0010509018352498044,32.77878910460913
6965,COSMOS 614,0.4046,1,Medium,743.2482226243192,7.491469665979433,743.2482226243192,0.0010530233738760332,12.26422583827025
18665,COSMOS 1900,0.4038,1,Medium,733.9546794399657,7.47495744913354,733.9546794399657,0.0010520767248191284,4.171657881234751
18025,USA 25,0.4031,1,Medium,1143.6756966467183,7.179731620070627,1143.6756966467183,0.0009554280064639977,781.5306476139513
14452,METEOR 2-10,0.403,1,Medium,762.3391803227978,7.500963928259154,762.3391803227978,0.0010515361373745471,25.204297739854155
10967,SEASAT 1,0.4027,1,Medium,743.8986906543751,7.485718520487462,743.8986906543751,0.0010521187786299993,4.080909381827951
6173,TRIAD 1,0.4015,1,Medium,743.9805531270431,7.468049325515465,743.9805531270431,0.0010496232940838113,10.03978947287942
45,TRANSIT 2A,0.4001,1,Medium,848.0496609631882,7.389865099648707,848.0496609631882,0.001023661762518299,225.77674667711017
2125,OPS 0340,0.3999,1,Medium,742.6785359186433,7.461276646714287,742.6785359186433,0.001048863342508456,1.1071311602427159
4588,COSMOS 372,0.3998,1,Medium,763.5333045866955,7.479323806737745,763.5333045866955,0.0010483269875451262,20.827787609284314
4512,OPS 0203 (DMSP 5A F2),0.3994,1,Medium,773.518474818421,7.473657810545717,773.518474818421,0.0010460687920238964,39.22941519678352
3266,OPS 7869 (DMSP 4B F1),0.3993,1,Medium,803.9972560561846,7.472745934792176,803.9972560561846,0.0010414980895615913,87.46385939441461
10961,COSMOS 1023,0.3993,1,Medium,760.9682117113252,7.482654533786122,760.9682117113252,0.001049171043906076,10.452446457487895
162,TIROS 3,0.3991,1,Medium,762.019429828988,7.470908695462688,762.019429828988,0.0010473697385739212,19.92620029660793
5557,OPS 4311 (DMSP 5B F1),0.3989,1,Medium,787.8910534274446,7.471127405243,787.8910534274446,0.0010436151841794082,60.22742272530559
4138,COSMOS 304,0.3981,1,Medium,757.3746167986528,7.47344671742055,757.3746167986528,0.0010484082443996004,2.8394326468760482
6323,COSMOS 540,0.3981,1,Medium,763.1474487628702,7.480951760179382,763.1474487628702,0.0010486118788414797,6.373780588983209
7411,OPS 6983 (DMSP 5C F1),0.3978,1,Medium,783.9795368017958,7.47108901102791,783.9795368017958,0.0010441803463727881,46.137506932474025
14154,HILAT,0.3975,1,Medium,779.5549490827434,7.464288728605693,779.5549490827434,0.0010438754448790293,42.502912484847
15595,GEOSAT,0.3971,1,Medium,761.2071460294319,7.47456321590981,761.2071460294319,0.001048001419878974,1.468715581617289
3510,OPS 4078 (DMSP 4B F2),0.397,1,Medium,779.3656880912458,7.4747161750743425,779.3656880912458,0.0010453613844566432,29.58927127527477
17303,COSMOS 1814,0.3962,1,Medium,777.4745769441979,7.470701985009642,777.4745769441979,0.001045076387220389,23.97117419384449
11510,COSMOS 1125,0.3956,1,Medium,773.6331647193856,7.472907765824158,773.6331647193856,0.0010459470197470475,11.921729884656088
4953,OPS 5268 (DMSP 5A F3),0.3954,1,Medium,770.9668713261526,7.458991085083357,770.9668713261526,0.0010443889224731643,17.22956941580378
5435,EOLE 1 (CAS-A),0.3954,1,Medium,757.5520246795431,7.450240787754715,757.5520246795431,0.00104512680302556,1.855834109484931
12848,AUREOLE 3,0.3952,1,Medium,777.893820871961,7.423518924837398,777.893820871961,0.001038415048656009,55.273607517275195
2418,OPS 6026 (DMSP 4A F1),0.395,1,Medium,785.0410032561567,7.444946593162438,785.0410032561567,0.0010403722658624821,48.13181520171656
10520,COSMOS 968,0.3949,1,Medium,776.8102098880208,7.467655212292143,776.8102098880208,0.0010447472712638145,16.01749770029619
18095,COSMOS 1850,0.3946,1,Medium,778.785934247624,7.472340662209199,778.785934247624,0.0010451139000423118,12.923818774835127
15482,COSMOS 1624,0.3944,1,Medium,778.3222638593124,7.473812166086996,778.3222638593124,0.0010453875053119397,9.517926023358086
20440,OSCAR 17 (DOVE),0.3938,1,Medium,775.8816709504426,7.474273781132519,775.8816709504426,0.0010458090850325409,1.2914169229752588
10676,COSMOS 990,0.3936,1,Medium,776.018755241571,7.466551574795757,776.018755241571,0.0010447085463879387,5.679049599565587
11425,COSMOS 1110,0.3936,1,Medium,779.9183888437356,7.470818542757079,779.9183888437356,0.0010447355341675307,9.187683155953891
11111,COSMOS 1048,0.3935,1,Medium,775.3785609009701,7.471379186861954,775.3785609009701,0.0010454776672116303,0.6108263016876663
11573,COSMOS 1140,0.3934,1,Medium,779.4506459377571,7.465679544321736,779.4506459377571,0.0010440851792415439,10.395251748753253
20441,OSCAR 18 (WEBERSAT),0.3931,1,Medium,781.967011605816,7.47004805397328,781.967011605816,0.0010443286040398333,8.985938249114952
2142,OAO 1,0.3931,1,Medium,777.0011488504197,7.470936181730975,777.0011488504197,0.0010451783689112153,0.6301742137320616
5705,COSMOS 468,0.3928,1,Medium,782.050592604256,7.464941658878588,782.050592604256,0.0010436025248579683,10.851836165087661
18585,COSMOS 1898,0.3927,1,Medium,780.65106186713,7.467713113049268,780.65106186713,0.0010441942774399877,5.701355822921869
7433,COSMOS 676,0.3927,1,Medium,784.5316916404381,7.467933386869824,784.5316916404381,0.0010436587676069347,12.05448576335857
734,OPS 3367 A,0.3925,1,Medium,789.643636601063,7.46047450645346,789.643636601063,0.0010418720557911632,24.829100500449385
11416,NOAA 6,0.3925,1,Medium,787.4996211117723,7.460272981567028,787.4996211117723,0.0010421559511668156,21.02337411453118
13991,COSMOS 1452,0.3922,1,Medium,780.405927306494,7.464910680662495,780.405927306494,0.0010438381986063654,4.424988769668744
14759,COSMOS 1538,0.3921,1,Medium,782.4202223837019,7.459874302232244,782.4202223837019,0.00104284021773104,10.660633774627968
16681,COSMOS 1741,0.392,1,Medium,792.1738031527975,7.459333180372693,792.1738031527975,0.0010413447146974911,26.155603781902755
8343,COSMOS 773,0.3915,1,Medium,784.6697613412007,7.463164664367656,784.6697613412007,0.0010429722043193929,7.2845855207779096
14401,COSMOS 1503,0.3915,1,Medium,785.4420633535074,7.465632138841961,785.4420633535074,0.0010432044405238386,6.616056987771117
20432,COSMOS 2056,0.3912,1,Medium,787.32412192431,7.455061614017754,787.32412192431,0.001041453486464046,15.951857586001097
20442,OSCAR 19 (LUSAT),0.3912,1,Medium,787.9657774176503,7.461050802645697,787.9657774176503,0.001042196741068514,11.63739762656678
19256,COSMOS 1954,0.3911,1,Medium,785.478431800324,7.456126982214425,785.478431800324,0.0010418709499748634,11.484981431976848
6275,OPS 7323 (DMSP 5B F3),0.3909,1,Medium,791.2024511581776,7.46143309616122,791.2024511581776,0.0010417791380575474,14.768681811444367
6392,METEOR 1-14,0.3909,1,Medium,833.8003800475535,7.458589845274373,833.8003800475535,0.0010352250516099857,82.21780765376025
13148,COSMOS 1354,0.3907,1,Medium,790.1345748311041,7.461110117585117,790.1345748311041,0.0010418893877247222,11.49427379323879
19769,COSMOS 1992,0.3906,1,Medium,789.0082581968163,7.452641405662425,789.0082581968163,0.001040870504182813,15.899585147216385
10820,OPS 6182 (DMSP 5D-1 F3),0.3906,1,Medium,784.5447934514568,7.453562601193473,784.5447934514568,0.0010416485140327474,7.725973972845168
8923,COSMOS 836,0.3906,1,Medium,787.5832487598509,7.45514709809384,787.5832487598509,0.0010414277293464968,11.631182384129716
15031,COSMOS 1570,0.3905,1,Medium,794.7991861338414,7.4586219764840616,794.7991861338414,0.0010408639403287837,19.502686681413252
13027,COSMOS 1331,0.3905,1,Medium,788.417746909051,7.455722895826266,788.417746909051,0.001041386766269525,11.628458277913523
6059,COSMOS 494,0.3904,1,Medium,784.5483356111945,7.4618765572851045,784.5483356111945,0.0010428098878389792,0.08890444950975507
2920,OPS 7202 (DMSP 4A F3),0.3903,1,Medium,821.3504326176153,7.460560367895699,821.3504326176153,0.00103729099934588,57.20726741344515
3669,ISIS 1,0.3901,1,Medium,1485.8031967928555,7.3405638439059295,1485.8031967928555,0.0009342939691937741,901.3748053851732
14240,COSMOS 1486,0.39,1,Medium,795.2869649940067,7.450501003637071,795.2869649940067,0.0010396598740786405,23.123825809716436
11691,COSMOS 1156,0.39,1,Medium,1407.4268294563917,7.177342073839173,299.25,0.0010876448758242716,3.934267231438753
13718,METEOR 2-9,0.39,1,Medium,814.9884048327394,7.458115401123664,814.9884048327394,0.0010378691115209583,47.5286678791108
19038,COSMOS 1937,0.3898,1,Medium,794.039478992283,7.453313645533777,794.039478992283,0.001040233437287639,17.270315662221037
6787,OPS 8364 (DMSP 4),0.3894,1,Medium,794.5326281882335,7.4494698744427446,794.5326281882335,0.0010396254208846305,18.666088469492024
16860,COSMOS 1763,0.3893,1,Medium,788.1762658785947,7.452245096731789,788.1762658785947,0.0010409361105201435,5.433259529265342
16011,COSMOS 1680,0.3891,1,Medium,790.1863990393149,7.45960532698547,790.1863990393149,0.0010416717162935723,1.3248335326488814
5174,COSMOS 407,0.3889,1,Medium,794.0632584856266,7.4569841153834435,794.0632584856266,0.0010407422581443497,7.882479276438062
20439,OSCAR 16 (PACSAT),0.3888,1,Medium,796.9396486405903,7.4465991281307735,796.9396486405903,0.001038875812736932,19.93424510330624
10120,COSMOS 923,0.3887,1,Medium,799.6681572525204,7.447932131140093,799.6681572525204,0.0010386664070637746,22.21821349298807
19460,USA 32,0.3887,1,Medium,790.7642876572709,7.458279029016144,790.7642876572709,0.001041402471437086,0.40748918189092365
9022,COSMOS 841,0.3886,1,Medium,787.3068203089606,7.450645859592576,787.3068203089606,0.001040839132300702,0.18413766459616454
13736,OPS 9845 (DMSP 5D-2 F6),0.3884,1,Medium,798.8193448771426,7.456963011214217,798.8193448771426,0.0010400489402208216,11.701094945652585
11869,COSMOS 1190,0.3883,1,Medium,796.6888956363573,7.449977518096682,796.6888956363573,0.0010393834925832481,13.296700672843144
20438,OSCAR 15 (UOSAT 4),0.3882,1,Medium,802.7796945233167,7.45229101677417,802.7796945233167,0.0010388235120272061,20.254442796562216
12791,COSMOS 1302,0.3882,1,Medium,800.610671900361,7.445991458121947,800.610671900361,0.0010382592974959807,21.895986226682908
8884,SSU 3,0.3881,1,Medium,911.0785455405285,7.410210244423703,911.0785455405285,0.0010175954843224867,210.04403782099325
16952,COSMOS 1777,0.388,1,Medium,803.3737484803569,7.438666415073403,803.3737484803569,0.0010368384302043125,30.659454647158782
226,TIROS 4,0.3879,1,Medium,796.3823170053856,7.431597351500147,796.3823170053856,0.0010368635329899847,24.677500436452647
13648,COSMOS 1420,0.3876,1,Medium,801.098534387721,7.439808408518125,801.098534387721,0.0010373265750389274,23.29614371896605
12442,COSMOS 1269,0.3875,1,Medium,798.2789795742519,7.448844505560376,798.2789795742519,0.0010389949291668833,10.828735979785051
9443,COSMOS 858,0.3874,1,Medium,797.3916151024187,7.447881793602594,797.3916151024187,0.0010389892452180407,9.54042381173349
8458,COSMOS 783,0.3874,1,Medium,794.0705186040732,7.451408980425112,794.0705186040732,0.001039963104491095,1.5333172763903349
4132,SOICAL (CONE),0.3874,1,Medium,800.8879253556706,7.453653783299169,800.8879253556706,0.0010392875433743653,9.9859363005271
14506,OPS 1294 (DMSP 5D-2 F7),0.3873,1,Medium,805.9584596709446,7.448772091472124,805.9584596709446,0.0010378730953130863,21.314209819329335
10033,OPS 5644,0.3869,1,Medium,805.6568187019802,7.448633589499553,805.6568187019802,0.0010378974190445914,18.021538712620895
17369,COSMOS 1818,0.3869,1,Medium,797.4400144709934,7.4510110423595535,797.4400144709934,0.0010394187615880347,3.4568533755473254
4047,OPS 1127 (DMSP 4B F3),0.3868,1,Medium,823.98721573884,7.428794229872503,823.98721573884,0.0010324958206488842,61.057714976032
18187,COSMOS 1867,0.3865,1,Medium,797.1796765785257,7.450583625818517,797.1796765785257,0.001039396884841311,0.2579674228136355
8799,METEOR 1-24,0.3864,1,Medium,834.3417999737849,7.4526523912042215,834.3417999737849,0.0010343232282514808,54.797122930564
15755,COSMOS 1656,0.3862,1,Medium,812.8029311171867,7.458824270911669,812.8029311171867,0.0010382835306635718,15.822711165613327
7244,OPS 4547,0.3862,1,Medium,799.5773709538362,7.4482555970261926,799.5773709538362,0.0010387246677230149,3.758934978231082
19902,COSMOS 2008,0.3862,1,Medium,1402.9085724579281,7.179622087027004,468.52,0.001082509653420307,4.691875620957944
20437,OSCAR 14 (UOSAT 3),0.3861,1,Medium,803.4700791657115,7.439505141530114,803.4700791657115,0.0010369414130158617,15.959871684324753
1510,DODECAPOLE 2,0.3854,1,Medium,836.961229001131,7.445226279348331,836.961229001131,0.0010329170819333166,56.93551812739315
13241,COSMOS 1371,0.3853,1,Medium,805.4397542748484,7.439265018982789,805.4397542748484,0.00103662334997676,13.049844049191961
735,OPS 3367 B,0.385,1,Medium,809.9307437979005,7.447870457964075,809.9307437979005,0.0010371734143790102,11.351286987248386
11389,OPS 5390,0.385,1,Medium,804.8130265554846,7.449096429987599,804.8130265554846,0.0010380839637851177,2.5008959402248365
11165,COSMOS 1066,0.385,1,Medium,834.0792705941531,7.446431903677962,834.0792705941531,0.0010334975680377082,49.126320516021224
1580,OPS 8068,0.3849,1,Medium,913.182153307429,7.332760140719591,913.182153307429,0.0010066689693351647,250.92640763954932
4419,METEOR 1-5,0.3847,1,Medium,828.4562146896724,7.444123740693393,828.4562146896724,0.0010339841675131665,40.15915600610697
2669,OPS 6073 (DMSP 4A F2),0.3844,1,Medium,828.5520088790163,7.4261270158193495,828.5520088790163,0.001031470709102581,52.34990650063446
813,OPS 4467 B,0.384,1,Medium,815.0755157560734,7.4506866104951035,815.0755157560734,0.001036822754528372,9.20078883171027
18822,DMSP 5D-2 F9 (USA 29),0.384,1,Medium,806.4196540678358,7.4451334566667775,806.4196540678358,0.0010372994495935896,0.5898173447430963
17973,COSMOS 1844,0.3834,1,Medium,835.2470219622865,7.448499737946763,835.2470219622865,0.0010336170429970232,37.5324153441652
9903,METEOR 1-27,0.3833,1,Medium,846.3911560176193,7.447127909534252,846.3911560176193,0.0010318309966233555,54.37589387354819
812,OPS 4467 A,0.3829,1,Medium,814.6661066222496,7.445472625320169,814.6661066222496,0.0010361562191789685,4.94571919970258
7209,METEOR 1-16,0.3829,1,Medium,834.9584319438409,7.441361812631476,834.9584319438409,0.00103266787935441,38.83218601989847
16969,NOAA 10,0.3826,1,Medium,810.4580097623875,7.439418833671552,810.4580097623875,0.001035920397161481,0.8617061860313697
9415,OPS 5721,0.3824,1,Medium,825.4270582019608,7.426637927805623,825.4270582019608,0.0010319896064730184,32.375317411379
13923,NOAA 8,0.3822,1,Medium,817.6165083805408,7.433343348628126,817.6165083805408,0.001034043663333867,13.859348388472426
7734,GEOS 3,0.3818,1,Medium,826.7774020252527,7.445889222384523,826.7774020252527,0.001034470615927836,15.043856318943654
2801,COSMOS 158,0.3817,1,Medium,815.8087700165906,7.429300523947191,815.8087700165906,0.0010337412280875314,10.67057156167175
7574,METEOR 1-20,0.3811,1,Medium,840.5050391123805,7.438282733033144,840.5050391123805,0.0010314466526322604,36.541715442743225
8026,METEOR 2-1,0.3805,1,Medium,844.8018470805928,7.4366508820468376,844.8018470805928,0.0010306063053901067,39.502284251806486
11962,METEOR 2-6,0.3803,1,Medium,844.643405473259,7.438414405106373,844.643405473259,0.0010308733382617184,36.29910900971481
5903,OPS 5058 (DMSP 5B F2),0.3803,1,Medium,840.2378119934474,7.41599770323407,840.2378119934474,0.0010283945553563737,48.065113261402075
15427,NOAA 9,0.3799,1,Medium,837.4182937118867,7.441671220476084,837.4182937118867,0.0010323584061385103,20.643471944242265
12553,NOAA 7,0.3797,1,Medium,836.1189241643442,7.440108530475278,836.1189241643442,0.0010323277038664863,17.778150973573247
4331,OPS 0054 (DMSP 5A F1),0.3792,1,Medium,821.1406629393132,7.419197520421599,821.1406629393132,0.0010315701358084243,8.718033734840901
19119,COSMOS 1943,0.3789,1,Medium,839.9615720981274,7.441022281557555,839.9615720981274,0.0010319043039072094,17.3800096171899
8519,METEOR 1-23,0.3789,1,Medium,847.3534155160496,7.4365153695930735,847.3534155160496,0.0010302232298030848,31.455043079708048
18123,DMSP 5D-2 F8 (USA 26),0.3786,1,Medium,831.4168598808037,7.441236648440231,831.4168598808037,0.0010331582846710402,2.1402030332774302
5580,PROSPERO (BLACK ARROW),0.3785,1,Medium,873.5397886667579,7.426821952862543,873.5397886667579,0.0010251613172835277,74.72663075738546
2119,OPS 1117 (TRANSIT 12),0.3781,1,Medium,902.6476442485846,7.447746684966332,902.6476442485846,0.0010239355890239489,95.64630835468779
12645,INTERCOSMOS 22,0.3778,1,Medium,861.63954443271,7.404394717561254,861.63954443271,0.0010237472325384655,69.98575005084967
11060,TIROS N,0.3777,1,Medium,841.5296497958989,7.430670065347809,841.5296497958989,0.0010302446473212188,18.877702194567064
7816,OPS 6226,0.3766,1,Medium,849.5808286089077,7.413633067247731,849.5808286089077,0.0010267363863408223,35.91453363871187
16181,COSMOS 1697,0.3765,1,Medium,849.3565932835127,7.435222006353946,849.3565932835127,0.001029758282751617,17.89207349978642
5731,METEOR 1-10,0.3765,1,Medium,851.7906232465048,7.436155723081315,851.7906232465048,0.0010295405350873796,20.94622954235183
6659,METEOR 1-15,0.376,1,Medium,853.7495684422829,7.429985022633222,853.7495684422829,0.0010284072758850228,24.64721946424652
11605,METEOR 2-5,0.3759,1,Medium,858.6571632438572,7.427854823477031,858.6571632438572,0.0010274145309740034,33.03417576555967
13845,SSB,0.3752,1,Medium,1073.4805207181344,7.2706449435307325,1073.4805207181344,0.0009766490654782945,428.1210523572163
7646,STARLETTE,0.3748,1,Medium,886.597951723721,7.447279937865703,886.597951723721,0.0010261356425919036,49.152634443460556
10539,COSMOS 972,0.3747,1,Medium,948.5266963841268,7.3716065051451976,948.5266963841268,0.0010071151880335103,192.0824406310212
10287,COSMOS 941,0.3743,1,Medium,1441.9996539783951,7.1463152507113765,338.75,0.0010682027915669729,7.839758525216894
12456,METEOR 2-7,0.374,1,Medium,858.4472847674242,7.4289870106265505,858.4472847674242,0.0010276009656062588,18.094860152158617
19531,NOAA 11,0.3736,1,Medium,860.7833120430059,7.415759295721848,860.7833120430059,0.001025439919275854,28.99409024006127
19649,COSMOS 1980,0.3735,1,Medium,855.4902076862081,7.423911685954582,855.4902076862081,0.0010273191373121068,13.818339125993589
801,OPS 4412 (TRANSIT 9),0.3731,1,Medium,873.9945127629007,7.401832831584958,873.9945127629007,0.0010216478174753297,55.28615426972283
10594,SS 3,0.3725,1,Medium,1009.1913728495674,7.284661305393134,1009.1913728495674,0.0009870558820726692,320.3428666097998
15333,COSMOS 1603,0.3723,1,Medium,865.6568948727981,7.417045256833345,865.6568948727981,0.0010249270297847549,24.9501239783458
932,EXPLORER 25 (INJUN-4),0.3722,1,Medium,1309.0200651554114,7.245795961246079,1309.0200651554114,0.0009434605508546227,674.8049163613978
19467,FENGYUN 1A,0.3719,1,Medium,873.7192630155805,7.419980724357779,873.7192630155805,0.0010241916152965251,31.74638236591545
8845,METEOR 1-25,0.3712,1,Medium,862.9720413313071,7.424481768088329,862.9720413313071,0.0010263354248079126,7.192468215412191
1292,GGSE 3,0.371,1,Medium,879.4461528961838,7.421674628901283,879.4461528961838,0.0010236162675226134,31.358010751267102
117,SOLRAD 3/INJUN 1,0.3708,1,Medium,909.7664658411513,7.407412554179834,909.7664658411513,0.001017394609335825,83.40778715457327
4382,DFH-1,0.3707,1,Medium,989.5390752308367,7.465963323459137,989.5390752308367,0.0010143228977050154,141.9142811906995
17589,COSMOS 1833,0.3707,1,Medium,877.791436301759,7.404499216222324,877.791436301759,0.0010214805159299775,40.9428200233524
11288,METEOR 2-4,0.3705,1,Medium,877.5524336310827,7.4065730022973515,877.5524336310827,0.0010218002932465661,37.428643914841814
1864,OPS 1509 (TRANSIT 10),0.3702,1,Medium,895.508795437152,7.441624596702927,895.508795437152,0.0010240990283223402,32.56455492079476
46,SOLRAD 1 (GREB),0.37,1,Medium,848.5134042296922,7.3645239526959925,848.5134042296922,0.0010200859172006444,25.240449427941712
6256,METEOR 1-13,0.3694,1,Medium,867.6842139599103,7.419214697927335,867.6842139599103,0.0010249396822172832,4.982747156582263
10544,SS 2,0.3694,1,Medium,1196.7020537994595,7.12181828399981,1196.7020537994595,0.0009410806917833415,634.0674728553777
7490,METEOR 1-19,0.3691,1,Medium,871.4867288875448,7.412432124808024,871.4867288875448,0.0010234650614191162,13.480663666303371
10514,METEOR 2-3,0.3689,1,Medium,886.3947421953344,7.397129469834971,886.3947421953344,0.0010192541170218016,45.65064130882001
4256,OPS 7613 (P/L 1),0.3689,1,Medium,887.8471926030006,7.418586965873017,887.8471926030006,0.0010220062179339988,30.644234537900047
12803,COSMOS 1304,0.3687,1,Medium,906.5101176794487,7.41920911058571,906.5101176794487,0.0010194708067202858,54.3420495656037
13768,COSMOS 1436,0.3687,1,Medium,1427.1552661272926,7.156532338701055,683.11,0.0010599814075750635,10.456308574041941
3158,COSMOS 209,0.3686,1,Medium,894.9522571145435,7.41499707172336,894.9522571145435,0.001020512770980965,40.723393772757845
8293,METEOR 1-22,0.3683,1,Medium,873.1944521173509,7.4056435821339655,873.1944521173509,0.001022286691927413,15.49481809568806
17527,MOS 1A (MOMO 1),0.3681,1,Medium,880.5556971872584,7.414317440335692,880.5556971872584,0.0010224450793657374,17.757409508614728
870,EXPLORER 20,0.3681,1,Medium,920.3148663954807,7.401503884223327,920.3148663954807,0.0010151123658553947,82.7109999532222
9481,METEOR 1-26,0.368,1,Medium,889.4661124640024,7.393100026255292,889.4661124640024,0.0010182679612764252,46.10427626610817
5917,METEOR 1-11,0.3677,1,Medium,883.1569698211615,7.406843171714857,883.1569698211615,0.0010210480973225286,24.214249558119263
7274,METEOR 1-17,0.3674,1,Medium,878.0537488044747,7.409265904771606,878.0537488044747,0.0010221011129892027,13.067786411314955
1293,OSCAR 3,0.3673,1,Medium,874.9682265955616,7.413716676465388,874.9682265955616,0.0010231505914218783,4.47024223871631
7714,METEOR 1-21,0.3665,1,Medium,898.7274746461226,7.393100255783159,898.7274746461226,0.0010169707573725853,48.20424183261184
2847,TIMATION 1,0.366,1,Medium,886.5582093649036,7.415463721990352,886.5582093649036,0.0010217573883763954,9.983390884482105
20322,COBE,0.3659,1,Medium,882.7309268442004,7.41564773781576,882.7309268442004,0.0010223218661685324,3.6337507694934175
10502,OPS 8781,0.3655,1,Medium,895.2262772114582,7.392614628324474,895.2262772114582,0.0010173939464986658,36.08504409735451
6909,NNSS 20 (TRANSIT 20),0.3655,1,Medium,918.1309333825184,7.431533417302515,918.1309333825184,0.0010195362774000707,37.320217977962784
9661,METEOR 2-2,0.3653,1,Medium,885.1326131221585,7.414682821567555,885.1326131221585,0.0010218505114086079,3.4059529096921324
7363,METEOR 1-18,0.3647,1,Medium,894.5695246232881,7.409594369185199,894.5695246232881,0.0010198229256596892,16.435092420146248
6126,LANDSAT 1 (ERTS 1),0.3641,1,Medium,897.2590030576621,7.406151239468446,897.2590030576621,0.0010189718385589693,17.92606064654683
728,GGSE 1 (GGRS),0.3641,1,Medium,901.369710480556,7.408927926167254,901.369710480556,0.001018777677857865,21.724655329923735
6079,METEOR 1-12,0.3641,1,Medium,889.4811639242225,7.410393649465459,889.4811639242225,0.0010206477342419287,4.09037397107295
4237,OPS 7613 (P/L 4),0.3638,1,Medium,904.9036514883983,7.408971371476881,904.9036514883983,0.00101828882381658,24.433475113349232
19070,OSCAR 23,0.3636,1,Medium,1024.4473618942857,7.410895270471443,1024.4473618942857,0.0010020888403123188,175.69583722503012
20281,MAGION 2,0.3635,1,Medium,1274.1737473636276,7.289658992521255,1274.1737473636276,0.0009534981458119288,543.1461612170078
1272,PORCUPINE 1,0.3634,1,Medium,906.9707025446469,7.410170892207884,906.9707025446469,0.0010181644300405078,23.529624785433953
7005,COSMOS 626,0.3625,1,Medium,929.2290604042191,7.401271136708613,929.2290604042191,0.0010138409460125624,53.83394280738139
2872,SURCAL 159,0.3623,1,Medium,898.3587958143526,7.401889625213686,898.3587958143526,0.0010182314332146658,10.070560007564382
4259,OPS 7613 (P/L 3),0.3621,1,Medium,909.6858252631682,7.406398409927864,909.6858252631682,0.0010172665855500162,20.283679545957966
2176,OPS 0082 (TRANSIT 13),0.362,1,Medium,916.675103013994,7.3828317859727095,916.675103013994,0.001013057207080947,47.624078332089084
14483,COSMOS 1508,0.3613,1,Medium,1262.7966722076699,7.028776084068548,1262.7966722076699,0.0009207444717067436,711.668262233422
7727,COSMOS 724,0.3611,1,Medium,925.1940361933921,7.375928255825974,925.1940361933921,0.0010109281934166023,57.82365228576691
4247,OPS 7613 (P/L 5),0.361,1,Medium,905.930231323403,7.40355518211717,905.930231323403,0.0010174008746502354,8.99926504465202
12783,COSMOS 1299,0.3609,1,Medium,923.7979350610431,7.407389999470595,923.7979350610431,0.0010154345693207485,29.968423258873372
10703,OSCAR 8,0.3609,1,Medium,906.476569956335,7.398880357493084,906.476569956335,0.0010166821268841925,13.153883355698781
13777,IRAS,0.3606,1,Medium,916.2109104791771,7.38055079742481,916.2109104791771,0.0010128087258749995,38.49988576169653
10358,COSMOS 952,0.3603,1,Medium,933.4719600192293,7.402364522539673,933.4719600192293,0.00101340173020805,42.25820115201441
4168,TEMPSAT 2,0.3599,1,Medium,907.3983541201396,7.401182791092313,907.3983541201396,0.001016869705531117,5.313240648017199
20478,MOS 1B (MOMO 1B),0.3596,1,Medium,913.305171949648,7.401052583897645,913.305171949648,0.0010160272543766518,10.774520868488253
116,TRANSIT 4A,0.3595,1,Medium,935.2184329275633,7.380266438505455,935.2184329275633,0.0010101349290686647,55.913559472220186
16986,COSMOS 1782,0.3593,1,Medium,481.6437966246731,7.6169092908318135,750.15,0.000936363885271874,6.231832593126455
899,EXPLORER 22,0.3593,1,Medium,947.6368446756051,7.380564801538768,947.6368446756051,0.001008461679159312,71.08221739827786
18122,COSMOS 1860,0.3592,1,Medium,921.33278660623,7.405483837363296,921.33278660623,0.001015516440906933,15.677580775139177
1244,GGSE 2,0.3592,1,Medium,908.7035836596924,7.402551161683787,908.7035836596924,0.0010168753544168808,0.45795394440756354
1271,OPS 4988 (GREB 6),0.3592,1,Medium,914.9542513517026,7.393485781589155,914.9542513517026,0.001014758743539668,16.143256142690007
1208,SECOR 3,0.3589,1,Medium,911.7567665435326,7.398523735775605,911.7567665435326,0.0010158960367540899,6.118538094869109
2873,OPS 5712 (P/L 152),0.3589,1,Medium,911.9083535985101,7.397688275395362,911.9083535985101,0.0010157601765976004,6.9530564567785405
731,GREB,0.3589,1,Medium,910.2216585034375,7.403461796429965,910.2216585034375,0.0010167884104700712,0.13477931239140162
7615,LANDSAT 2,0.3589,1,Medium,913.7107886362046,7.398593329602662,913.7107886362046,0.0010156330902174055,8.222809499806317
17997,USA 22,0.3588,1,Medium,1237.3229816320736,7.0450836292990875,1237.3229816320736,0.0009259706306248102,655.7579780251581
7718,COSMOS 723,0.3587,1,Medium,916.7851461589808,7.404249005325793,916.7851461589808,0.0010159806932876162,6.648942372115016
2828,GGSE 4,0.3585,1,Medium,909.2748647223625,7.395487108314165,909.2748647223625,0.0010158252601354491,1.9074768542350284
13243,COSMOS 1372,0.3585,1,Medium,936.703563637896,7.390201789457782,936.703563637896,0.0010112892135130365,42.63223486207971
730,SOLRAD 7A,0.3585,1,Medium,919.1587171061519,7.3937093834254135,919.1587171061519,0.0010142041717248601,16.563271196341702
18960,IRS 1A,0.3584,1,Medium,923.9638727990941,7.388287260213019,923.9638727990941,0.0010127928512109433,26.776573500414997
8473,COSMOS 785,0.3581,1,Medium,933.039624825662,7.404801657424593,933.039624825662,0.0010137953841674752,23.596333725977274
15005,COSMOS 1566,0.3581,1,Medium,1423.2277593384533,7.160767865386296,775.73,0.0010463204193716673,9.872591061910498
729,SECOR 1B,0.3581,1,Medium,915.1888140375559,7.398927169024979,915.1888140375559,0.0010154728840913677,4.142351653496007
1291,SOLRAD 7B,0.3579,1,Medium,912.3490437620321,7.397179458280028,912.3490437620321,0.0010156288561531304,0.7071381964433385
10702,LANDSAT 3,0.3579,1,Medium,911.9849423436444,7.39182581295156,911.9849423436444,0.0010149445414853338,4.349847973007854
4257,TIMATION 2,0.3579,1,Medium,917.8698759549234,7.388641280224193,917.8698759549234,0.00101368818568135,14.76247997012615
17535,COSMOS 1823,0.3577,1,Medium,1523.0108970164029,7.097011623222341,193.49,0.001050069224372415,7.151367186099378
2874,OPS 5712 (P/L 153),0.3576,1,Medium,913.691460693809,7.396514571850379,913.691460693809,0.0010153504251703641,0.21651194522110018
4295,OPS 7613 (P/L 6),0.3575,1,Medium,914.4083150526922,7.393545739005948,914.4083150526922,0.00101484301486985,3.3039447527526136
2834,GGSE 5,0.3574,1,Medium,914.0369325994343,7.395094605182614,914.0369325994343,0.001015107359592192,0.4355136462409064
14613,COSMOS 1524,0.3571,1,Medium,1429.462077901765,7.157237401057897,576.37,0.0010458849337247362,6.701284786493488
58,COURIER 1B,0.357,1,Medium,969.8320462822439,7.430036151071742,969.8320462822439,0.001012151770293488,44.134711109511954
12319,COSMOS 1249,0.357,1,Medium,927.7624259229542,7.402417881800176,927.7624259229542,0.0010142017851559422,10.726521183671139
5721,COSMOS 469,0.3569,1,Medium,942.2905738885702,7.399676493965124,942.2905738885702,0.001011812182109239,31.29736124453939
20045,COSMOS 2026,0.3548,1,Medium,949.4219636097259,7.391463418708977,949.4219636097259,0.001009704557394697,31.242242320608966
12409,COSMOS 1266,0.3545,1,Medium,949.912789471915,7.3698640596342075,949.912789471915,0.00100668649819633,46.960067606813936
16735,METEOR 2-14,0.3542,1,Medium,937.4935211661432,7.3881739539697495,937.4935211661432,0.0010109024428321437,14.008390942957703
17070,POLAR BEAR,0.3541,1,Medium,950.078840108431,7.3916420901124535,950.078840108431,0.00100963836772491,27.212376769665752
15085,COSMOS 1579,0.354,1,Medium,934.9037004197517,7.390093961015178,934.9037004197517,0.0010115235929800976,7.859309083304652
9494,COSMOS 861,0.3537,1,Medium,957.0315665445551,7.376639535950906,957.0315665445551,0.0010066331550246407,45.17649740271463
15930,COSMOS 1670,0.3533,1,Medium,956.7181042898237,7.377238248953398,956.7181042898237,0.0010067579216283694,41.36469601265526
3081,COSMOS 198,0.3531,1,Medium,939.3829514464296,7.373231299927461,939.3829514464296,0.0010085971349105037,20.00984229730875
12087,COSMOS 1225,0.3529,1,Medium,958.5986505689043,7.39265214832796,958.5986505689043,0.0010086025853208432,28.342485033150297
8836,SSU 2,0.3527,1,Medium,1036.895960359393,7.2937985073412195,1036.895960359393,0.0009845978596852974,201.86334045733747
11788,COSMOS 1176,0.3524,1,Medium,961.9291962818415,7.3499816418190465,961.9291962818415,0.001002325461637602,62.91578045595725
7291,COSMOS 651,0.3524,1,Medium,946.6169190514838,7.365054277813572,946.6169190514838,0.001006482623958981,30.554955845656878
4564,COSMOS 367,0.3518,1,Medium,954.9469734831882,7.388422178386466,954.9469734831882,0.0010085279357234514,19.218208538299223
17241,COSMOS 1809,0.3517,1,Medium,948.6390659598392,7.385503782197258,948.6390659598392,0.0010089983557445782,12.090800951612437
13175,COSMOS 1365,0.3517,1,Medium,969.3841366915804,7.353322649016089,969.3841366915804,0.001001762647851062,64.09800338133755
3530,COSMOS 252,0.3515,1,Medium,1408.5950937332673,7.115402872075481,1408.5950937332673,0.0009146238057822808,712.9060082144006
11680,COSMOS 1153,0.3509,1,Medium,962.2789805558414,7.38324541822585,962.2789805558414,0.0010068136556378796,25.81475699204293
9061,COSMOS 846,0.3508,1,Medium,965.0520582342733,7.378266627116358,965.0520582342733,0.0010057543987620292,32.85179859941127
4507,NNSS 19 (TRANSIT 19),0.3504,1,Medium,973.6605885943727,7.4113018536851545,973.6605885943727,0.0010090734301860416,14.978435311431895
11080,NIMBUS 7,0.35,0,Low,954.8064718593532,7.378490898739796,954.8064718593532,0.0010071916214389254,13.125512909624376
15077,COSMOS 1577,0.35,1,Medium,967.4589337081625,7.3738024600507845,967.4589337081625,0.0010048162055087992,33.70681223174779
16408,METEOR 2-13,0.3499,0,Low,949.5176615569826,7.374283269761611,949.5176615569826,0.001007344509048448,9.422165011900688
19851,METEOR 2-18,0.3497,0,Low,947.5522150108272,7.379199924776263,947.5522150108272,0.0010082868452644287,0.9058768939185029
2150,OPS 1527 (OV3-1),0.3497,0,Low,1338.089791531641,7.226726948951648,1338.089791531641,0.0009374293391795924,551.4192905295995
18160,COSMOS 1864,0.3496,0,Low,963.8550760065827,7.385478916970856,963.8550760065827,0.001006901818841639,17.13530586005163
18820,METEOR 2-17,0.3495,0,Low,947.7823042301588,7.375663241921705,947.7823042301588,0.0010077719127755268,3.1688112749297943
12681,COSMOS 1295,0.3494,0,Low,967.2881054931986,7.378509713012852,967.2881054931986,0.0010054810613785447,24.961378886591774
18312,METEOR 2-16,0.3493,0,Low,951.7365522034142,7.378128801528813,951.7365522034142,0.0010075644192482566,4.44823886645645
13113,METEOR 2-8,0.3492,0,Low,956.8561129307027,7.3721929614936155,956.8561129307027,0.001006050452940073,14.966190148251371
10692,COSMOS 991,0.3491,0,Low,958.2128582683899,7.3859830223596505,958.2128582683899,0.0010077457382107842,5.7328464787378834
17290,METEOR 2-15,0.3491,0,Low,955.4406794203232,7.372471647386174,955.4406794203232,0.0010062828554792166,12.117806422683316
13353,COSMOS 1386,0.349,0,Low,962.4116577568275,7.381020944885742,962.4116577568275,0.001006492106177969,13.706922685014433
10019,COSMOS 911,0.3488,0,Low,965.342814767665,7.378141276920292,965.342814767665,0.001005697452151294,18.69412314922556
16727,COSMOS 1745,0.3488,0,Low,968.8883393742262,7.382947648483835,968.8883393742262,0.0010058664801313967,19.084602364427155
19921,COSMOS 2016,0.3487,0,Low,961.1914896735789,7.386032227351028,961.1914896735789,0.0010073430621326894,6.439902508031082
15597,COSMOS 1634,0.3487,0,Low,967.9295732861101,7.382131842011358,967.9295732861101,0.001005886726162696,17.68000276827388
7593,COSMOS 700,0.3487,0,Low,971.3450360901743,7.372476659474073,971.3450360901743,0.0010041038146853345,30.257558360793155
15099,METEOR 2-11,0.3487,0,Low,951.7696063674957,7.3764422475674545,951.7696063674957,0.0010073295548112407,1.822702015415416
11667,COSMOS 1150,0.3486,0,Low,974.7975167880486,7.374938898391633,974.7975167880486,0.0010039670820679422,31.921989488365398
6019,COSMOS 489,0.3485,0,Low,966.3434565834486,7.381159088098427,966.3434565834486,0.0010059715933667605,14.984822164308753
6154,COSMOS 516,0.3485,0,Low,979.9611729976841,7.36474271576007,979.9611729976841,0.0010018747946612763,45.136214641842344
13757,COSMOS 1428,0.3484,0,Low,957.4968206156855,7.381565943998807,957.4968206156855,0.001007241474572771,3.076306705427669
13259,COSMOS 1375,0.3482,0,Low,957.730501833903,7.368364115225984,957.730501833903,0.0010054079780095835,11.662355733851655
15378,COSMOS 1607,0.3482,0,Low,973.914950322649,7.356453357424962,973.914950322649,0.0010015709381497747,42.30143318998125
18985,COSMOS 1934,0.3481,0,Low,962.566625864215,7.3823284880255775,962.566625864215,0.0010066491333138488,6.838451544375857
15505,COSMOS 1627,0.3481,0,Low,963.1036088300607,7.388681960318633,963.1036088300607,0.00100744172081546,2.0884277761251724
14057,COSMOS 1459,0.3475,0,Low,969.3526114079787,7.37066622016348,969.3526114079787,0.001004129721058412,19.98064943834288
11803,COSMOS 1181,0.3475,0,Low,969.0543917588602,7.376957363295521,969.0543917588602,0.0010050276155416633,14.773435650937245
900,CALSPHERE 1,0.3473,0,Low,968.6247933876002,7.378336523334578,968.6247933876002,0.0010052743472638893,11.453381586518844
7736,COSMOS 726,0.3471,0,Low,970.017599799552,7.369684038463861,970.017599799552,0.0010039049679795198,18.366905579963714
20527,COSMOS 2061,0.3469,0,Low,980.3204575754426,7.373592388638322,980.3204575754426,0.0010030296504133388,27.583330699737417
8419,COSMOS 778,0.3469,0,Low,975.0825902187489,7.376077923175026,975.0825902187489,0.0010040831739349372,18.430824826114986
1328,EXPLORER 27,0.3469,0,Low,1077.271419241968,7.335952765773917,1077.271419241968,0.0009849201717894054,173.81024120485017
5683,COSMOS 465,0.3468,0,Low,972.2315264108574,7.377973964612981,972.2315264108574,0.0010047312192291865,12.883826100979604
17066,COSMOS 1791,0.3466,0,Low,979.5582855028551,7.3653711668942385,979.5582855028551,0.0010020152049430855,30.362982167031078
2121,OV1-4,0.3465,0,Low,998.8829102940663,7.327359344066387,998.8829102940663,0.000994230089304637,83.33737029471195
14450,COSMOS 1506,0.3465,0,Low,975.4534942545915,7.367668262486986,975.4534942545915,0.0010028877564186565,22.878453556960267
13110,COSMOS 1344,0.3464,0,Low,969.3255081795369,7.381476364157851,969.3255081795369,0.0010056061350320852,3.4662669842045943
10776,COSMOS 1000,0.3464,0,Low,969.4983640281062,7.379821394687069,969.4983640281062,0.0010053569974011118,4.884040025003742
11735,COSMOS 1168,0.3464,0,Low,980.0212963915865,7.362182475562732,980.0212963915865,0.0010015183168053973,31.82830578580706
18957,COSMOS 1932,0.3461,0,Low,989.2620665732093,7.352994983118987,989.2620665732093,0.0009990126596867758,48.85955875434229
5485,SHINSEI (MS-F2),0.3461,0,Low,1220.6027696445271,7.316926144885295,1220.6027696445271,0.0009638183618013389,340.37658004023524
10137,COSMOS 926,0.346,0,Low,974.33589047844,7.379906255024721,974.33589047844,0.001004706437535565,8.375984956707725
9025,COSMOS 842,0.3458,0,Low,968.562765192969,7.376410020953757,968.562765192969,0.0010050203611495132,2.020577201166816
15986,COSMOS 1677,0.3457,0,Low,991.6621606970066,7.338218599781626,991.6621606970066,0.0009966800648485727,60.182491204774124
10141,COSMOS 928,0.3457,0,Low,981.1634755156329,7.358771032533761,981.1634755156329,0.0010008987228099773,31.207844525441942
10991,COSMOS 1027,0.3455,0,Low,977.5063557506182,7.361852309680357,977.5063557506182,0.0010018161451162513,22.29384313391347
11585,COSMOS 1141,0.3453,0,Low,971.305366158962,7.375899850583859,971.305366158962,0.0010045754681601415,2.4378722120409293
10531,COSMOS 970,0.3451,0,Low,988.6547127610329,7.382726122930065,988.6547127610329,0.0010031348495370344,17.77842038362178
6828,COSMOS 586,0.345,0,Low,969.9232456646014,7.3726639236039375,969.9232456646014,0.0010043237991839897,0.9345428549968346
8873,COSMOS 823,0.345,0,Low,974.2292674425416,7.372531943169863,974.2292674425416,0.0010037170624269467,6.258563409820454
13949,COSMOS 1448,0.3449,0,Low,978.8259420719696,7.363248965568596,978.8259420719696,0.0010018263049495894,18.627108937687808
10352,COSMOS 951,0.3449,0,Low,976.6886245331043,7.372890224847445,976.6886245331043,0.0010034298677587118,8.706939111048996
13127,COSMOS 1349,0.3449,0,Low,975.2639778276553,7.376410877276698,975.2639778276553,0.001004103704895445,3.8054493475565323
15516,METEOR 2-12,0.3447,0,Low,966.6880931061214,7.359584679220424,966.6880931061214,0.0010029841260403088,4.528285456277445
17525,COSMOS 1821,0.3446,0,Low,988.3627017570243,7.36443696310132,988.3627017570243,0.0010006894973858382,27.596021857802043
16798,COSMOS 1759,0.3444,0,Low,984.3819434486068,7.363888230774147,984.3819434486068,0.0010011564711922426,21.525195188672114
8072,COSMOS 755,0.3444,0,Low,978.3209943659595,7.3714408959445645,978.3209943659595,0.00100300978846829,7.907979016564241
11378,COSMOS 1104,0.3444,0,Low,982.5667769376332,7.3594917643539075,982.5667769376332,0.001000805729735787,22.806434344604895
10731,COSMOS 994,0.3444,0,Low,975.1600070021768,7.371763731963606,975.1600070021768,0.0010034853208937763,3.9275740553184733
11320,COSMOS 1091,0.3443,0,Low,975.6352282352409,7.373102534727291,975.6352282352409,0.0010036026433421288,2.5606443144633886
14679,COSMOS 1535,0.3443,0,Low,989.1290287599259,7.356983365806192,989.1290287599259,0.0009995726076348062,32.213498653417446
9737,COSMOS 890,0.3443,0,Low,988.578844114918,7.365694465553402,988.578844114918,0.0010008309743761185,24.852472724334802
1613,OV1-2,0.3441,0,Low,1989.8300733093638,6.570727404201988,1989.8300733093638,0.0007858941452689014,1493.5044333164142
7349,COSMOS 663,0.3441,0,Low,987.9533047597433,7.360410409118978,987.9533047597433,0.0010001980042947537,26.251106990685912
17159,COSMOS 1802,0.3441,0,Low,976.7527645224491,7.374975800825519,976.7527645224491,0.0010037049472369991,0.9367151307633321
16368,COSMOS 1709,0.344,0,Low,979.7182349162194,7.37147063369549,979.7182349162194,0.0010028231797378244,6.92822370255908
8645,COSMOS 800,0.3439,0,Low,979.2666850231672,7.372902323264835,979.2666850231672,0.001003079566934325,4.14735998654578
13065,COSMOS 1339,0.3438,0,Low,984.5981156119542,7.357392873007801,984.5981156119542,0.0010002439988383864,22.794747899295544
6148,COSMOS 514,0.3438,0,Low,970.9313948878389,7.3617317486850204,970.9313948878389,0.0010026968862458954,1.9246273521812327
10599,COSMOS 985,0.3438,0,Low,989.5371581413137,7.349284119081532,989.5371581413137,0.0009984711660551383,34.88268967923341
15398,COSMOS 1610,0.3436,0,Low,978.697199301585,7.373522927615604,978.697199301585,0.001003241729239714,0.8412667228558348
20103,NADEZHDA 1,0.3436,0,Low,984.6978382567058,7.366188641924058,984.6978382567058,0.001001426214602344,14.422045894008988
13617,COSMOS 1417,0.3435,0,Low,979.8251805503232,7.362151960364646,979.8251805503232,0.001001540885483754,10.521460593396114
7768,COSMOS 729,0.3434,0,Low,983.8639241735063,7.3664503808399475,983.8639241735063,0.0010015753461635585,11.742632936548034
19826,COSMOS 2004,0.3433,0,Low,992.3838418580608,7.362882675859844,992.3838418580608,0.0009999319380859424,24.572225554380566
13600,COSMOS 1412,0.3432,0,Low,983.3995179297435,7.341202708679348,983.3995179297435,0.0009982055898352785,29.379956107506587
16291,COSMOS 1704,0.3432,0,Low,976.763360823863,7.3667704397503115,976.763360823863,0.0010025867843033416,0.947979308097274
13301,COSMOS 1383,0.3431,0,Low,983.0338374715175,7.370349668558881,983.0338374715175,0.0010022186233362468,5.569896502866868
12091,COSMOS 1226,0.3428,0,Low,987.4675824954284,7.359821436460329,987.4675824954284,0.001000183985857072,17.00240326993753
424,ALOUETTE 1 (S-27),0.3428,0,Low,987.7008366490463,7.369172509153047,987.7008366490463,0.0010014230327793526,9.552047670405955
14112,OPS 6432,0.3423,0,Low,1421.3618887047405,6.909780937880086,1421.3618887047405,0.0008867376844876799,807.9464761565578
10459,COSMOS 962,0.3422,0,Low,988.3698745800657,7.360623245420662,988.3698745800657,0.001000170309532196,12.939476686494345
10512,COSMOS 967,0.3418,0,Low,992.1791977421663,7.358732465891867,992.1791977421663,0.0009993960853415516,16.56584289267721
16591,USA 15,0.3417,0,Low,981.8776389013437,7.297675590215353,981.8776389013437,0.0009924924565052004,49.89434207719751
12297,COSMOS 1244,0.3417,0,Low,993.9093913800034,7.350485412462906,993.9093913800034,0.0009980415266297804,24.380162417969586
10917,COSMOS 1011,0.3413,0,Low,1000.303665445419,7.344506428371685,1000.303665445419,0.0009963646543013345,34.009473637003794
12114,COSMOS 1235,0.3413,0,Low,1472.6859786635468,7.118812739796081,380.19,0.0010284344234011244,0.2728175060092326
15055,COSMOS 1574,0.3412,0,Low,988.9120168270119,7.354385863001954,988.9120168270119,0.000999249154906686,11.370558144714778
18709,COSMOS 1904,0.3411,0,Low,990.2462684252741,7.352991801447218,990.2462684252741,0.0009988786590371984,12.932754432161346
14973,COSMOS 1553,0.3408,0,Low,997.3161005079382,7.351459956376421,997.3161005079382,0.0009977123478551151,20.8330797300041
11326,COSMOS 1092,0.3404,0,Low,992.0938915931774,7.357266344774328,992.0938915931774,0.0009992085464473701,7.262801572694116
5681,OPS 7898 (P/L 3),0.3402,0,Low,989.8759011616503,7.360685159751978,989.8759011616503,0.0009999740871314455,0.2806478807933672
5682,OPS 7898 (P/L 4),0.3402,0,Low,989.7860592999687,7.360630540101438,989.7860592999687,0.0009999788719306229,0.32794043075773516
12149,COSMOS 1241,0.3402,0,Low,992.4574675346448,7.362437436860432,992.4574675346448,0.000999861473950422,2.23609544156443
6206,COSMOS 521,0.3401,0,Low,990.3447073701755,7.359388525980266,990.3447073701755,0.0009997342630364869,0.8659102906667613
11750,COSMOS 1171,0.34,0,Low,996.025611596071,7.351760426057422,996.025611596071,0.0009979279038320947,13.268111679622052
14624,COSMOS 1531,0.34,0,Low,992.5289057212103,7.35452067133005,992.5289057212103,0.000998776641674597,6.9007399443135
8591,COSMOS 789,0.3399,0,Low,1004.9133061517232,7.346897383975633,1004.9133061517232,0.0009960661248347522,27.257881264297794
12504,COSMOS 1275,0.3396,0,Low,1004.8637729638504,7.340742393182722,1004.8637729638504,0.0009952383367071032,29.89489420191967
7094,COSMOS 628,0.3395,0,Low,999.0776624281898,7.34152678558064,999.0776624281898,0.000996126109092025,21.317827232671334
5680,OPS 7898 (P/L 2),0.3394,0,Low,994.5900395536273,7.356875647375386,994.5900395536273,0.0009988168779240434,3.322991830684259
4799,COSMOS 385,0.3394,0,Low,989.833844547039,7.35243285705956,989.833844547039,0.0009988586907862752,0.2773270849738765
5678,OPS 7898 (P/L 1),0.3392,0,Low,992.3615619662169,7.354625211755389,992.3615619662169,0.0009988135377928535,0.9908712451142492
13492,KIKU 4 (ETS 3),0.3389,0,Low,999.1177784588781,7.354276394654949,999.1177784588781,0.0009978505928561645,7.39706499453041
13033,COSMOS 1333,0.3387,0,Low,1002.232047703671,7.34278614697255,1002.232047703671,0.0009958707524008277,18.55237959162241
16917,COSMOS 1771,0.3386,0,Low,999.5440682328717,7.337150140284033,999.5440682328717,0.0009954692723305506,18.693580127226596
5238,COSMOS 422,0.3384,0,Low,999.4838548958696,7.356431104296294,999.4838548958696,0.000998093374753105,2.351225390622858
10744,COSMOS 996,0.3383,0,Low,1005.5262535841521,7.341622155732682,1005.5262535841521,0.0009952682202094094,20.881583365122424
12835,COSMOS 1308,0.3383,0,Low,995.6100097623794,7.3484383089033285,995.6100097623794,0.0009975332343052001,2.6015295762435926
9610,COSMOS 883,0.3383,0,Low,1012.0368899991463,7.336562186230141,1012.0368899991463,0.000993705204990651,32.5189954524576
202,TRANSIT 4B,0.3383,0,Low,1021.5125492158977,7.349061892536965,1021.5125492158977,0.000994122342520265,34.16583874394382
13916,COSMOS 1447,0.3381,0,Low,1012.8054266277913,7.3364279985809855,1012.8054266277913,0.0009935836028566042,31.95038866138566
8709,UME 1 (ISS 1),0.3381,0,Low,1001.189892782043,7.350382203834642,1001.189892782043,0.0009970418980975039,6.808141614381384
16647,COSMOS 1736,0.338,0,Low,996.2573378427342,7.339622747051377,996.2573378427342,0.000996248998843924,8.693174987962266
20149,COSMOS 2034,0.3377,0,Low,1014.9260357941121,7.33824260571058,1014.9260357941121,0.000993544014677043,30.659880887541476
15936,OSCAR 24,0.3377,0,Low,1037.3274052116285,7.379275454799814,1037.3274052116285,0.0009960784737468031,25.706733802442614
7297,COSMOS 654,0.3375,0,Low,1019.3982440766276,7.322871208295692,1019.3982440766276,0.000990862869151191,45.93061075077185
7476,COSMOS 689,0.3374,0,Low,1006.0289601426866,7.349439089372331,1006.0289601426866,0.0009962600294889147,8.179061593530605
15935,OSCAR 30,0.3374,0,Low,1045.9177689922844,7.372169699201992,1045.9177689922844,0.000993966756652289,39.688849077944724
19324,COSMOS 1959,0.3373,0,Low,1001.9240371107608,7.340697725302343,1001.9240371107608,0.0009956291002530054,9.227041404640659
16493,COSMOS 1725,0.3368,0,Low,1009.812263457753,7.340944458369169,1009.812263457753,0.0009945984528984745,15.129997999081752
18361,OSCAR 27,0.3367,0,Low,1041.7410523486378,7.355317877658654,1041.7410523486378,0.0009922534492592602,41.953649107196725
14965,COSMOS 1550,0.3367,0,Low,1007.8065679789634,7.3431221215014535,1007.8065679789634,0.0009951639271000318,10.156819196454308
5050,COSMOS 400,0.3366,0,Low,1004.771433689818,7.350188135646053,1004.771433689818,0.0009965314410467073,0.45990345014070044
5846,COSMOS 475,0.3366,0,Low,1003.9514692773319,7.344128359061951,1003.9514692773319,0.0009958205677225425,4.087014979852029
9509,COSMOS 864,0.3365,0,Low,1002.898719283392,7.346900410440174,1002.898719283392,0.0009963386656270969,0.09736600924952654
10536,COSMOS 971,0.3364,0,Low,1010.1510843101032,7.338928603704836,1010.1510843101032,0.000994279688882806,14.281405361310135
11308,COSMOS 1089,0.3362,0,Low,1004.9100955670056,7.345120364722827,1004.9100955670056,0.0009958256363695806,1.2590579496827559
18129,COSMOS 1861,0.336,0,Low,1008.9756055161679,7.337234316374052,1008.9756055161679,0.0009942084782624257,11.1398161576044
16510,COSMOS 1727,0.3357,0,Low,1021.9038320669542,7.328742557613891,1021.9038320669542,0.0009913212350775129,31.732462199744077
9846,COSMOS 894,0.3357,0,Low,1018.1194893489183,7.334086326264439,1018.1194893489183,0.0009925521351814913,22.37219040018681
18402,COSMOS 1891,0.3356,0,Low,1013.7561476689843,7.336685511547227,1013.7561476689843,0.0009934905587726237,14.560952833233387
14546,COSMOS 1513,0.3356,0,Low,1012.314970331081,7.334038266283726,1012.314970331081,0.000993325937706116,14.939382477846266
17359,COSMOS 1816,0.3353,0,Low,1019.2051896179755,7.331932854121687,1019.2051896179755,0.0009921149231988645,22.817330957128434
965,OPS 6582 (TRANSIT 5B-5),0.335,0,Low,1018.8294419385002,7.357224793012444,1018.8294419385002,0.0009955879023755244,0.35612162221605104
1952,OPS 1593 (TRANSIT 11),0.335,0,Low,1066.8970412961553,7.291241691885066,1066.8970412961553,0.00098028268627586,108.7139485646403
1515,NAVSPASUR ROD 1,0.3349,0,Low,1031.4631446100939,7.360952889866773,1031.4631446100939,0.0009943923726559117,11.917284597619073
14084,COSMOS 1464,0.3349,0,Low,1012.9036990754485,7.33839056800127,1012.9036990754485,0.000993836169466853,7.117577754155718
9486,COSMOS 860,0.3347,0,Low,1004.362950815208,7.3281532710432575,1004.362950815208,0.0009935990025051265,3.2488528205649345
11238,COSMOS 1072,0.3347,0,Low,1020.7667039342768,7.322801822773098,1020.7667039342768,0.0009906700408815023,27.62357313159646
15751,COSMOS 1655,0.3343,0,Low,1010.4137323777668,7.337572329621426,1010.4137323777668,0.0009940605682941148,0.3968603770717891
15292,COSMOS 1598,0.3342,0,Low,1020.842776677292,7.333169252706227,1020.842776677292,0.0009920623955698583,15.60960345912099
15359,COSMOS 1605,0.3342,0,Low,1025.2113330941884,7.316651689271125,1025.2113330941884,0.0009892431894871533,34.0466655800883
20508,NADEZHDA 2,0.3339,0,Low,1015.6568082500198,7.329287248746975,1015.6568082500198,0.000992233352517614,10.136601339662775
4598,COSMOS 375,0.3339,0,Low,1994.1756214102916,6.574847719127797,1994.1756214102916,0.0007859784440508062,1418.382252947904
1420,OPS 8480 (TRANSIT 5B-6),0.3338,0,Low,1029.0349382043833,7.3591210983381705,1029.0349382043833,0.0009944711288246782,2.458408070879159
5105,COSMOS 402,0.3329,0,Low,1021.9571623503107,7.331350564660238,1021.9571623503107,0.0009916668531499394,9.102388129540486
8197,KIKU 1 (ETS 1),0.3327,0,Low,1032.1167221034402,7.342914692431473,1032.1167221034402,0.000991868015603182,11.082289674682215
9637,COSMOS 887,0.3324,0,Low,1015.9937088899442,7.323743484987442,1015.9937088899442,0.000991437623152923,3.860982931488252
6707,COSMOS 574,0.3323,0,Low,1021.6081317575881,7.326823406823315,1021.6081317575881,0.000991101283368224,7.55876173314482
17239,COSMOS 1808,0.3322,0,Low,1029.014736457707,7.325062433507239,1029.014736457707,0.0009898713305824649,16.882436321111527
8285,COSMOS 761,0.3308,0,Low,1423.9147444275086,7.162783462178093,135.59,0.0010119091449674637,6.685847287023535
506,EXPLORER 16,0.3299,0,Low,1154.3984688481141,7.1778090644955865,1154.3984688481141,0.0009538111628518547,256.27549715106943
959,OPS 6582 (TRANSIT 5E-5),0.3288,0,Low,1045.7110076960653,7.3244762408737465,1045.7110076960653,0.0009875639260142927,12.83151715772965
11765,COSMOS 1174,0.3287,0,Low,994.8601491022282,7.208906845597326,994.8601491022282,0.0009786917888301163,39.85756459883942
4952,TANSEI 1 (MS-T1),0.3285,0,Low,1047.3650410543532,7.331593603569964,1047.3650410543532,0.0009883031588491288,7.290656498288627
2122,OV1-5,0.327,0,Low,1046.8428020593856,7.31796671757627,1046.8428020593856,0.0009865356968126384,5.67907756128443
671,RADIATION SAT (5E 1),0.3265,0,Low,1066.0911596125952,7.337321348480656,1066.0911596125952,0.0009865848341790212,10.262636358801501
8860,P 76-5,0.3259,0,Low,1049.6213935558271,7.3115529305209845,1049.6213935558271,0.000985301977118849,6.135768115012979
18944,COSMOS 1931,0.3259,0,Low,1408.1343090420833,7.170989740362832,1038.33,0.0010048521726935505,7.69080969852439
4327,SERT 2,0.3255,0,Low,1054.902654096195,7.322349719281305,1054.902654096195,0.000986055172059417,0.7830657329350288
2807,OPS 7218 (TRANSIT 16),0.3249,0,Low,1067.6118322881039,7.326769220499033,1067.6118322881039,0.0009849645855556535,8.246165914373705
704,TRANSIT 5B-2,0.3249,0,Low,1071.079252921032,7.32533758008851,1071.079252921032,0.0009843132988960443,13.089503686504031
3890,NIMBUS 3,0.3246,0,Low,1070.671897647041,7.3306982761563715,1070.671897647041,0.000985087541749085,6.481390836880564
1520,CALSPHERE 4(A),0.3245,0,Low,1099.731900397951,7.318164533372422,1099.731900397951,0.0009795779892707163,48.687135067895724
2754,OPS 0100 (TRANSIT 15),0.3237,0,Low,1062.032933383587,7.316416253436788,1062.032933383587,0.000984311023374719,0.707122971228273
670,TRANSIT 5B-1,0.3235,0,Low,1079.7761899442257,7.320881574183809,1079.7761899442257,0.0009825662974636486,16.500491037340907
897,OPS 5798 (TRANSIT 5B-4),0.3216,0,Low,1072.034992435424,7.309118651835801,1072.034992435424,0.000982007831383874,2.507498521231355
2401,OPS 2366 (TRANSIT 14),0.3211,0,Low,1078.55528428637,7.311023635225508,1078.55528428637,0.0009814040377211413,5.347379956681834
902,CALSPHERE 2,0.3204,0,Low,1081.5113714711451,7.310005673707032,1081.5113714711451,0.000980878164331337,4.01139517169031
4363,TOPO 1,0.3197,0,Low,1084.7859481156966,7.31134354561082,1084.7859481156966,0.00098062680400027,2.0318547784636394
10457,TRANSAT,0.3194,0,Low,1086.8167480793718,7.30333049684827,1086.8167480793718,0.0009792853248545043,8.26271416203599
446,ANNA 1B,0.3191,0,Low,1110.0333775792178,7.310567829777794,1110.0333775792178,0.0009772136362454535,26.765980382358066
978,TIROS 9,0.3179,0,Low,2229.199826913813,6.552762420407061,2229.199826913813,0.0007619314146516202,1463.263156466016
19420,OSCAR 31,0.3179,0,Low,1118.410788054971,7.291055510004639,1118.410788054971,0.0009735152358892246,42.54703587582571
13791,OPS 0252,0.3175,0,Low,1448.5446498317406,6.889003491538816,1448.5446498317406,0.0008809980376142557,664.8658379572043
4362,NIMBUS 4,0.3173,0,Low,1100.2229313024864,7.305699469497018,1100.2229313024864,0.0009778451983928939,6.309748896283963
705,TRANSIT 5E 3,0.3171,0,Low,1103.2484547698614,7.2945132304584925,1103.2484547698614,0.0009759527361982907,16.800487286231146
2173,NIMBUS 2,0.317,0,Low,1123.2811509242738,7.303502801958934,1123.2811509242738,0.0009745434758686881,31.558216623985572
3133,OPS 7034 (TRANSIT 18),0.3168,0,Low,1101.9359704927547,7.288959396223099,1101.9359704927547,0.000975380951342806,17.33479058489047
4390,COSMOS 343,0.3168,0,Low,1454.5706663311475,7.125952349494698,1334.14,0.0009930887704614171,18.29670756043106
6305,NIMBUS 5,0.3167,0,Low,1100.8963715794143,7.306165340736138,1100.8963715794143,0.000977819415232569,2.253505867369313
1577,PORCUPINE 2,0.3163,0,Low,1128.9185910265314,7.293584848859305,1128.9185910265314,0.0009724885357536947,40.57982411337525
16791,COSMOS 1758,0.3157,0,Low,501.6646348965942,7.604758967898523,990.54,0.0008872816798774202,5.673750135269074
2965,OPS 4947 (TRANSIT 17),0.3155,0,Low,1097.3008524939169,7.291560880306631,1097.3008524939169,0.00097633464750844,0.40310700566351443
12388,COSMOS 1263,0.3152,0,Low,1128.759867428539,7.117399431620161,1128.759867428539,0.0009490169762009354,166.44616337781008
16760,COSMOS 1750,0.3151,0,Low,1421.3882804346604,7.163686957811668,524.47,0.0009927219077863775,0.504964977398231
10674,UME 2 (ISS-B),0.3135,0,Low,1161.8339845227847,7.244050784539131,1161.8339845227847,0.0009616634057544615,93.56522324234993
8744,COSMOS 807,0.3131,0,Low,1026.4845787278455,7.159413393259115,1026.4845787278455,0.0009678172785715125,1.929277612452097
205,TRAAC,0.3131,0,Low,1103.5691834621693,7.269484320879783,1103.5691834621693,0.0009725623166300813,6.690341895987331
7531,INTASAT,0.313,0,Low,1457.4079808749575,7.133885937742767,1286.05,0.0009915634299370074,0.18904826351172233
7924,NIMBUS 6,0.3125,0,Low,1121.0305507229896,7.293088499759824,1121.0305507229896,0.0009734461772924874,4.132132388494028
5729,AUREOLE 1,0.3124,0,Low,1177.924908748405,7.123219412648258,1177.924908748405,0.0009436071359503393,194.52978258042913
3338,EXPLORER 40 (INJUN-5),0.3123,0,Low,2166.3200230738275,6.574079593150131,2166.3200230738275,0.000770040197085544,1369.4727213011165
8835,SSU 1,0.3109,0,Low,1247.3816434806658,7.093142506149091,1247.3816434806658,0.000931056336908372,277.4936335272905
1514,OPS 8464 (TRANSIT 5B-7),0.3108,0,Low,1147.0442522855938,7.269325381023056,1147.0442522855938,0.0009669170780436783,38.231891631151484
19223,NOVA 2,0.3102,0,Low,1163.826537302245,7.275859979772356,1163.826537302245,0.0009656307207275658,46.80433049619023
19419,OSCAR 25,0.3096,0,Low,1150.6823046375557,7.253342845989703,1150.6823046375557,0.0009643245423324506,45.892480311977124
3891,SECOR 13 (EGRS 13),0.3088,0,Low,1135.0710308578246,7.275375033771386,1135.0710308578246,0.0009692654124723792,6.108554579891461
15624,COSMOS 1642,0.3061,0,Low,1413.5220303069236,7.165648896009209,165.48,0.0009802659427054407,4.1809006743660575
20480,JAS 1B (FUJI 2),0.3043,0,Low,1591.7821081531602,6.953744459133726,1591.7821081531602,0.000873280766029467,641.3835978519646
4254,COSMOS 312,0.3043,0,Low,1178.113445768572,7.256971411253251,1178.113445768572,0.0009613011466029733,33.81258183302907
5614,COSMOS 457,0.3038,0,Low,1189.4815455376593,7.271300623316574,1189.4815455376593,0.0009617509915897135,30.79648334803005
3093,EXPLORER 36 (GEOS 2),0.3034,0,Low,1220.2579120732426,7.294875652882234,1220.2579120732426,0.0009609574246292386,42.6764142199263
16191,METEOR 3-1,0.3034,0,Low,1183.9557003388072,7.267112889692096,1183.9557003388072,0.0009619001325667862,25.30043023082726
19336,METEOR 3-2,0.3032,0,Low,1188.7295147947116,7.266958636362463,1188.7295147947116,0.0009612723077116339,29.420259198397616
13844,SSA,0.3031,0,Low,1448.2387002192481,6.905123975283354,1448.2387002192481,0.0008830941527708749,546.8490546253861
12458,NOVA 1,0.3025,0,Low,1175.1960520120156,7.270204470033769,1175.1960520120156,0.0009634263965478793,7.271147543308871
5905,COSMOS 480,0.3023,0,Low,1180.4214313547945,7.268069467025821,1180.4214313547945,0.000962477002918623,12.978817604622236
11168,COSMOS 1067,0.3017,0,Low,1177.720327289324,7.269449083863027,1177.720327289324,0.0009630041607957436,4.306490741684684
19071,OSCAR 32,0.3007,0,Low,1294.391853254816,7.149418591268594,1294.391853254816,0.0009326879470920806,206.56723302811315
18362,OSCAR 29,0.3001,0,Low,1170.8345320842946,7.231821732997986,1170.8345320842946,0.0009588942454561341,14.209117735395921
2680,DIADEME 2,0.3,0,Low,1422.7650241780957,6.9998247899040305,1422.7650241780957,0.0008981313611828075,431.90208121021533
1512,TEMPSAT 1,0.2985,0,Low,1201.0375401578522,7.223043113153694,1201.0375401578522,0.0009539101034360584,41.03691344601157
15362,NOVA 3,0.2981,0,Low,1203.794147020275,7.244600031793819,1203.794147020275,0.0009564088331883784,24.380117061895362
3576,COSMOS 256,0.2975,0,Low,1195.0115758380734,7.258721318734106,1195.0115758380734,0.0009593854365640553,0.04868941120821546
5180,COSMOS 409,0.2974,0,Low,1208.697999437707,7.242715678631048,1208.697999437707,0.0009555414581383509,25.718822907398135
3818,COSMOS 272,0.2973,0,Low,1195.787666004625,7.254885484029434,1195.787666004625,0.0009587801064675733,2.5930023314658683
3129,COSMOS 203,0.2971,0,Low,1208.0748277384064,7.242746981676773,1208.0748277384064,0.0009556241554931324,23.18410334451164
8325,COSMOS 770,0.2963,0,Low,1205.4073243421863,7.249540505851457,1205.4073243421863,0.0009568572801728148,9.045925995409561
3504,COSMOS 249,0.2962,0,Low,1982.652541571657,6.584046282724477,1982.652541571657,0.0007881637702740451,1127.913165284921
11695,COSMOS 1160,0.2958,0,Low,1482.8940600104734,7.1221303409522765,344.82,0.0009700687080756142,2.6980985521167895
13763,COSMOS 1431,0.295,0,Low,1478.745176099368,7.127927401304323,554.46,0.0009688537174401257,2.473735589320313
6985,COSMOS 617,0.2904,0,Low,1345.9710711938515,7.2182180572450845,1294.85,0.0009520017824720347,33.984005759793945
20305,METEOR 3-3,0.2871,0,Low,1250.3331802225812,7.229670450882253,1250.3331802225812,0.0009486096828365022,2.934635074828293
6846,COSMOS 589,0.2871,0,Low,1439.4282203459434,7.1482104265779,722.79,0.0009573313485873236,1.7812711826418308
11046,COSMOS 1037,0.2868,0,Low,1479.0951580919718,7.125135710855268,975.03,0.0009583355226174786,2.6959313697425387
16624,USA 16,0.2866,0,Low,1345.1239654070669,7.020146459277684,1345.1239654070669,0.0009098021870501835,247.80016949573474
7684,COSMOS 717,0.2865,0,Low,1547.7372611651845,7.077506859565803,172.75,0.0009584555349664074,13.922613774921047
1314,OPS 4682 (SNAPSHOT),0.2841,0,Low,1283.5172782418576,7.224112533159558,1283.5172782418576,0.0009437711446147316,17.76928014547775
6267,COSMOS 532,0.2818,0,Low,1314.4136184927147,7.232646756547702,1314.4136184927147,0.0009410875088289899,25.071963582921853
4389,COSMOS 342,0.2813,0,Low,1321.3310359430252,7.235536730328373,1321.3310359430252,0.0009406169204782991,25.738539317296272
14795,JD 3,0.2797,0,Low,1385.2563649786634,6.947904931245461,1385.2563649786634,0.0008957807225940725,287.6378922245967
13376,COSMOS 1389,0.2793,0,Low,1431.9438654724036,7.153730733945889,1158.89,0.0009464541413464645,5.211457244707162
14139,OPS 3899,0.2792,0,Low,1300.6116914217546,7.201207391684398,1300.6116914217546,0.0009386824674320582,16.123343157617455
2657,ESSA 4 (TOS-B),0.2777,0,Low,1330.3695031296356,7.219020587805107,1330.3695031296356,0.0009373684232228418,20.54742527255621
5216,COSMOS 417,0.2761,0,Low,1492.4369226456583,7.084672489262084,811.82,0.0009435360797585409,11.632699510437305
1315,SECOR 4 (EGRS 4),0.2759,0,Low,1312.579194152182,7.191010451564231,1312.579194152182,0.0009358933213100952,10.926848212878213
14144,GB 2,0.2757,0,Low,1511.5287260356981,6.845535790235706,1511.5287260356981,0.0008684441285478805,443.1439058439073
6268,COSMOS 533,0.2752,0,Low,1333.4727019050952,7.222413699930308,1333.4727019050952,0.0009374312791249701,2.679941909682384
11852,OPS 1292,0.2738,0,Low,1326.8027460763797,7.19561905505044,1326.8027460763797,0.0009347627228715485,6.012192610829516
15469,COSMOS 1617,0.2723,0,Low,1427.5944024154187,7.143951053866901,969.82,0.0009380718633718828,1.1376625279617656
20479,DEBUT (ORIZURU),0.2714,0,Low,1730.5777772070896,6.826044361981982,1730.5777772070896,0.000842557406680254,598.8619714502875
5548,COSMOS 445,0.2714,0,Low,1362.49024745328,7.2141280486536274,1362.49024745328,0.0009328424576509056,8.656424627750312
1506,SECOR 5 (EGRS 5),0.2709,0,Low,1477.5077818214977,7.255845569511041,1477.5077818214977,0.0009244872746787402,79.11252473774402
14699,COSMOS 1536,0.2683,0,Low,484.0240247465972,7.627778992844903,1424.11,0.0008170211149933121,26.074396740804332
1726,EXPLORER 29 (GEOS 1),0.2672,0,Low,1576.9004432527609,7.133209374432661,1576.9004432527609,0.0008974960652015063,226.99279272441981
7281,COSMOS 650,0.2672,0,Low,1376.879945493214,7.174473493046092,1376.879945493214,0.0009259918253146577,20.79237591270612
10491,COSMOS 963,0.2665,0,Low,1205.647723697829,7.247650761301761,288.55,0.0009197397921626759,2.6439274639797077
6319,COSMOS 539,0.2661,0,Low,1379.1260954044747,7.1633259677577845,1379.1260954044747,0.0009242850864072212,22.744442340913338
16138,COSMOS 1690,0.266,0,Low,1380.697136926825,7.177852686177741,1380.697136926825,0.0009259717658452552,12.478020389534322
2757,ESSA 5,0.2658,0,Low,1385.3056111648439,7.168415116391209,1385.3056111648439,0.0009242048309794042,22.764115707474957
1586,COSMOS 88,0.2654,0,Low,1439.6817573911603,7.1728096505356955,1439.6817573911603,0.0009183333636334813,65.64848049827106
6992,COSMOS 624,0.2653,0,Low,1398.6802428311166,7.177111969876044,1398.6802428311166,0.0009237332484175498,24.909166853326496
5104,ISIS 2,0.2652,0,Low,1379.3007816237268,7.177014012196228,1379.3007816237268,0.0009260303844223976,5.832343744264108
5547,COSMOS 444,0.2649,0,Low,1419.0421931786586,7.156587076143069,1419.0421931786586,0.0009186839940879557,55.90956072195513
6270,COSMOS 535,0.2647,0,Low,1388.350049161858,7.186353727655005,1388.350049161858,0.0009261540827676996,4.208037875062473
7269,COSMOS 645,0.2646,0,Low,1389.1917779170662,7.182168283422563,1389.1917779170662,0.0009255142770905009,6.874889919854468
2435,ESSA 3 (TOS-A),0.2642,0,Low,1391.908323055577,7.19016706280167,1391.908323055577,0.0009262207878260156,0.92518406992167
20233,COSMOS 2039,0.2641,0,Low,1390.129389705934,7.1682255951417995,1390.129389705934,0.0009236059902118705,14.949092535659474
7265,COSMOS 641,0.264,0,Low,1395.8569519205712,7.187054308827783,1395.8569519205712,0.0009253491281374229,5.255374355316235
15471,COSMOS 1619,0.2638,0,Low,1389.575292743788,7.170529986954311,1389.575292743788,0.0009239688704082062,10.520296126348512
6265,COSMOS 530,0.2637,0,Low,1417.6807931273197,7.15092837754903,1417.6807931273197,0.0009181180443110419,49.73047917529402
10010,COSMOS 909,0.2637,0,Low,1696.7465943197094,6.9679628178619035,1696.7465943197094,0.000863681417902722,416.35578929658004
7266,COSMOS 642,0.2631,0,Low,1426.6677489782005,7.1427723818132405,1426.6677489782005,0.0009160139431112878,59.58511169378471
6825,COSMOS 585,0.2629,0,Low,1391.817935019959,7.167955815964479,1391.817935019959,0.0009233703374167888,7.631524939642986
3605,OPS 7684,0.2627,0,Low,1405.9965283054316,7.170602007387804,1405.9965283054316,0.0009220271580795269,16.85358272008216
17583,COSMOS 1828,0.2626,0,Low,1394.6340662756356,7.1690453005177055,1394.6340662756356,0.0009231757818271688,6.906826490419007
14176,COSMOS 1478,0.2621,0,Low,1482.9812160646288,7.124556574901206,193.9,0.0009271858483570656,0.4836653954907888
7435,COSMOS 677,0.2619,0,Low,1400.508219916227,7.178824541606864,1400.508219916227,0.0009237363377175001,0.5110375418889817
7937,OPS 6381 (SSU 1),0.2619,0,Low,1399.2385365852451,7.162614369668871,1399.2385365852451,0.0009218010921987211,11.119623480926748
1571,COSMOS 81,0.2616,0,Low,1414.8608702234806,7.183184483158288,1414.8608702234806,0.00092259348104073,7.705837991454246
12320,COSMOS 1250,0.2613,0,Low,1410.2288470501635,7.171885658549291,1410.2288470501635,0.0009216906223325032,10.030046440710066
19788,COSMOS 1997,0.2608,0,Low,1400.1378364632692,7.164399975052551,1400.1378364632692,0.0009219241925469628,2.4270769826698597
7270,COSMOS 646,0.2605,0,Low,1412.3528801617804,7.175767217084247,1412.3528801617804,0.0009219377982172505,2.639180970250891
19785,COSMOS 1994,0.26,0,Low,1413.251560828293,7.1578327584158465,1413.251560828293,0.0009195274205211077,13.074869947644402
17585,COSMOS 1830,0.2599,0,Low,1407.5676846140595,7.160461922324634,1407.5676846140595,0.0009205373293193767,5.1598108125281215
20551,COSMOS 2066,0.2599,0,Low,1417.1985803555353,7.156010433026631,1417.1985803555353,0.0009188274232088154,17.850278177934342
7680,COSMOS 713,0.2598,0,Low,1412.2734621951577,7.168236662960005,1412.2734621951577,0.0009209796749115262,2.966269137301424
6678,COSMOS 567,0.2597,0,Low,1413.388596448659,7.171255942676848,1413.388596448659,0.0009212356055745303,1.095644499249829
3673,OPS 2644,0.2596,0,Low,1407.9568554674097,7.156865512360911,1407.9568554674097,0.0009200289505823311,6.55812120317114
7663,COSMOS 708,0.2595,0,Low,1412.1153238860543,7.145643763427198,1412.1153238860543,0.0009180955781931583,17.85931924047054
20232,COSMOS 2038,0.2593,0,Low,1410.1532684059766,7.15427080302556,1410.1532684059766,0.0009194357900742344,8.187645422500282
19789,COSMOS 1998,0.2593,0,Low,1417.8563266555875,7.152575337992743,1417.8563266555875,0.0009183088040171806,16.17795566186578
18334,COSMOS 1875,0.2593,0,Low,1409.0113103957692,7.1564405493126255,1409.0113103957692,0.0009198496330911603,5.251591293516867
18339,COSMOS 1880,0.259,0,Low,1407.8885790809354,7.1548334401535865,1407.8885790809354,0.0009197757966857163,3.6029038395081443
16456,COSMOS 1723,0.2589,0,Low,1421.6022688300327,7.166156428018231,1421.6022688300327,0.0009196101867899059,6.712480130433505
15474,COSMOS 1622,0.2589,0,Low,1411.615087351921,7.159952169459025,1411.615087351921,0.0009199930986045,1.8817776679870803
11128,COSMOS 1051,0.2585,0,Low,1425.4744709727884,7.162544767410114,1425.4744709727884,0.0009186902097963802,9.67389051560258
17582,COSMOS 1827,0.2585,0,Low,1408.739955719514,7.15498893587719,1408.739955719514,0.000919695128192168,0.3516875320028703
6120,COSMOS 507,0.2584,0,Low,1422.7109353889036,7.171089191113439,1422.7109353889036,0.000920112286760813,0.22048178167642618
20236,COSMOS 2042,0.2584,0,Low,1414.6480931871602,7.156737802498635,1414.6480931871602,0.0009192218447120859,3.8719853289894672
18790,COSMOS 1911,0.2583,0,Low,1414.4389296101417,7.156672532879299,1414.4389296101417,0.0009192381569728236,2.819887994091914
8609,COSMOS 793,0.2582,0,Low,1421.1063838644568,7.1670247724400955,1421.1063838644568,0.0009197801492137283,0.4054242169167992
15472,COSMOS 1620,0.2582,0,Low,1415.840694157273,7.154173530939825,1415.840694157273,0.0009187517520819246,4.957244934439586
10584,COSMOS 977,0.2581,0,Low,1420.9741202080013,7.157779167349674,1420.9741202080013,0.0009186092069770122,6.696870895167194
17586,COSMOS 1831,0.2579,0,Low,1412.4054973268994,7.1526936728998125,1412.4054973268994,0.0009189671121922537,0.9380366809518819
18791,COSMOS 1912,0.2579,0,Low,1415.1544935307293,7.1523401436604646,1415.1544935307293,0.0009185972548583667,4.028975701237869
15473,COSMOS 1621,0.2578,0,Low,1412.4027330491408,7.152148876297319,1412.4027330491408,0.0009188974439069621,0.24708255103541887
18336,COSMOS 1877,0.2578,0,Low,1418.8108457718618,7.153600743541745,1418.8108457718618,0.0009183279138831159,5.664349116939775
20235,COSMOS 2041,0.2578,0,Low,1415.4036272392004,7.154184896589827,1415.4036272392004,0.0009188047831944288,1.6815029890649384
17587,COSMOS 1832,0.2578,0,Low,1418.6654527124965,7.152343251924226,1418.6654527124965,0.0009181836235898495,6.046383061811866
20234,COSMOS 2040,0.2577,0,Low,1421.8753984124114,7.153261576039911,1421.8753984124114,0.0009179232581464341,7.585151243471955
18943,COSMOS 1930,0.2576,0,Low,1423.5928577235545,7.162785671639003,1423.5928577235545,0.0009189428880228808,1.1222048983972854
18789,COSMOS 1910,0.2575,0,Low,1417.9782275536154,7.153068942551371,1417.9782275536154,0.0009183578042685103,2.875034389314351
18335,COSMOS 1876,0.2575,0,Low,1419.7199773158454,7.154680691157154,1419.7199773158454,0.0009183593701210362,3.2868276081026124
16139,COSMOS 1691,0.2574,0,Low,1421.0518443999135,7.154168579340159,1421.0518443999135,0.0009181366759619039,4.107647849003115
18792,COSMOS 1913,0.2574,0,Low,1416.6590061984998,7.151241618081576,1416.6590061984998,0.0009182787295116062,2.148998698230571
18337,COSMOS 1878,0.2573,0,Low,1420.0634179641265,7.150415668316982,1420.0634179641265,0.0009177714626003454,5.483047522887318
6989,COSMOS 621,0.2573,0,Low,1419.0972526410305,7.165003969531559,1673.13,0.0009184805780630176,0.6157634867713568
1587,COSMOS 89,0.2572,0,Low,1490.858348716095,7.133840493709612,1490.858348716095,0.000907398757047642,79.57904375290582
16142,COSMOS 1694,0.2569,0,Low,1419.3834321906106,7.145897345511898,1419.3834321906106,0.0009172715833195534,4.981668429749334
2091,ESSA 2 (OT-2),0.2567,0,Low,1426.8835487295664,7.134295822110056,1426.8835487295664,0.0009149015598306001,18.487148862059257
20237,COSMOS 2043,0.2566,0,Low,1423.721953403453,7.148524669762986,1423.721953403453,0.0009170980969554258,4.674850656830131
16765,COSMOS 1755,0.2565,0,Low,1428.3795135992723,7.159068091521269,1428.3795135992723,0.000917902261204044,0.18387394069395668
18338,COSMOS 1879,0.2565,0,Low,1418.470212316286,7.146864793613281,1418.470212316286,0.0009175033216396473,0.3397589396499825
16143,COSMOS 1695,0.2563,0,Low,1422.3694723910994,7.149142000333886,1422.3694723910994,0.0009173364647551406,1.173596325465951
6850,COSMOS 593,0.2562,0,Low,1439.2647186866634,7.13669394707017,1439.2647186866634,0.000913758266092451,24.683467625253797
6938,OPS 6630 (2),0.2562,0,Low,1431.7145485389256,7.153537669427484,1431.7145485389256,0.000916801149769986,5.36915033598234
19903,COSMOS 2009,0.2561,0,Low,1435.1512730023487,7.152367283618131,1435.1512730023487,0.0009162475890461748,8.194254023324902
5213,COSMOS 414,0.2561,0,Low,1433.7516342272147,7.162277392196981,1433.7516342272147,0.000917681654440776,0.046049348205997376
15622,COSMOS 1640,0.2561,0,Low,1431.3969449319648,7.158213243886633,1431.3969449319648,0.0009174377174614577,0.608550078864937
18793,COSMOS 1914,0.256,0,Low,1423.7450368266473,7.140283106756483,1423.7450368266473,0.0009160380580791126,6.3528841005345384
18788,COSMOS 1909,0.256,0,Low,1425.2442535191158,7.14766810799956,1425.2442535191158,0.0009168091552253769,2.126391901795614
7679,COSMOS 712,0.2559,0,Low,1433.670582318785,7.157103553770129,1433.670582318785,0.0009170282689424846,2.2851664997897387
19786,COSMOS 1995,0.2558,0,Low,1425.9634167575068,7.148543416098835,1425.9634167575068,0.0009168368548113147,0.7291749422793146
18118,COSMOS 1857,0.2558,0,Low,1431.5212583652592,7.15494197788207,1431.5212583652592,0.0009170038428554226,1.2745778103826524
11539,COSMOS 1131,0.2556,0,Low,1435.1133358541729,7.154863542662502,1435.1133358541729,0.0009165718245211196,3.0830117176756175
15004,COSMOS 1565,0.2556,0,Low,1472.7378931495296,7.11391576308168,765.7,0.0009178348424203703,4.148042961428473
6266,COSMOS 531,0.2556,0,Low,1435.282106406753,7.155088222648342,1435.282106406753,0.0009165807903324471,2.8893440968540745
4320,ITOS 1 (TIROS M),0.2552,0,Low,1434.539647578922,7.154145118353485,1434.539647578922,0.0009165471500196039,0.062374311848543584
20554,COSMOS 2069,0.2552,0,Low,1435.4042218058903,7.155044257492472,1435.4042218058903,0.0009165608203462034,0.5153606311023395
17144,COSMOS 1800,0.2552,0,Low,1437.336737853545,7.142517094958472,1437.336737853545,0.0009147296453459432,11.232540028937365
19790,COSMOS 1999,0.2552,0,Low,1425.0557040015656,7.1410913063036805,1425.0557040015656,0.0009159877221808838,0.9099058139208864
3764,ESSA 9 (TOS-G),0.2551,0,Low,1439.4889494909003,7.158809999052775,1439.4889494909003,0.0009165636166119149,0.4537854354193769
14171,COSMOS 1473,0.2551,0,Low,1437.8324266931158,7.138957869491457,1437.8324266931158,0.0009142157853315163,13.15810161774698
15470,COSMOS 1618,0.2549,0,Low,1426.8904816770382,7.140418483742322,1426.8904816770382,0.0009156859153793452,1.1433778044347491
16140,COSMOS 1692,0.2548,0,Low,1430.2854274579604,7.135693125464618,1430.2854274579604,0.0009146817139069574,6.6525291642155935
17584,COSMOS 1829,0.2548,0,Low,1427.348218170996,7.140417296948757,1427.348218170996,0.0009156320155479607,0.4069964964328392
6847,COSMOS 590,0.2547,0,Low,1439.9792766650035,7.153890659537997,1439.9792766650035,0.0009158762821084377,1.5016373701791963
4793,NOAA 1,0.2545,0,Low,1440.928446248573,7.151281955029112,1440.928446248573,0.000915431062155118,2.9800820525324525
16764,COSMOS 1754,0.2544,0,Low,1438.0117172357204,7.150751320368861,1438.0117172357204,0.0009157050314812596,0.007332909463912074
20552,COSMOS 2067,0.254,0,Low,1444.2266042105257,7.141128520763507,1444.2266042105257,0.0009137455485828342,9.456253488123366
17145,COSMOS 1801,0.254,0,Low,1448.2719373205427,7.13609058049756,1448.2719373205427,0.000912628520621948,17.108839870738848
11042,COSMOS 1034,0.254,0,Low,1443.7124470458684,7.151064850195179,1443.7124470458684,0.0009150771571765814,1.67805687926284
7271,COSMOS 647,0.254,0,Low,1440.533937708322,7.149002001770876,1440.533937708322,0.0009151854243711046,0.6825549092991423
10282,COSMOS 939,0.2539,0,Low,1442.4098482580275,7.149849608696814,1442.4098482580275,0.0009150741798461844,0.6805568033832969
11297,COSMOS 1082,0.2539,0,Low,1442.350996408356,7.147726313599941,1442.350996408356,0.0009148093202117261,1.9952703187846055
13766,COSMOS 1434,0.2538,0,Low,1443.1083126811372,7.150425914214131,1443.1083126811372,0.0009150661378227957,0.5338610321541637
15002,COSMOS 1563,0.2535,0,Low,1443.3723591177904,7.147210357192239,1443.3723591177904,0.0009146237251994898,0.3771962593918943
12977,COSMOS 1322,0.2534,0,Low,1494.0478423420018,7.149624341073382,1494.0478423420018,0.0009090376160947058,43.20541164114093
12109,COSMOS 1230,0.2534,0,Low,1449.0956822159778,7.13705118652865,1449.0956822159778,0.0009126552252754824,12.097318317467398
10586,COSMOS 979,0.2534,0,Low,1445.3705950852845,7.147749791547198,1445.3705950852845,0.000914458917293597,1.10226525813232
6677,COSMOS 566,0.2533,0,Low,1446.2609068955899,7.148656748447851,1446.2609068955899,0.0009144707888848938,0.33350381510535954
10935,COSMOS 1018,0.2531,0,Low,1447.734516749918,7.148151065979789,1447.734516749918,0.000914233761316035,0.6907643306694808
10590,COSMOS 983,0.253,0,Low,1467.6152718141857,7.147199831917602,1467.6152718141857,0.00091179367580614,18.574358686579217
6987,COSMOS 619,0.2529,0,Low,1447.6600582917263,7.1472948345497125,1447.6600582917263,0.0009141329564482053,0.08054386861022067
7424,COSMOS 675,0.2528,0,Low,1432.6932944208547,7.128292463365753,1432.6932944208547,0.0009134511306924414,0.010370634712671745
11693,COSMOS 1158,0.2526,0,Low,1449.8408039724181,7.146359401475482,1449.8408039724181,0.0009137584539306376,0.2510013279161285
18117,COSMOS 1856,0.2524,0,Low,1449.6309081790387,7.1439769891503015,1449.6309081790387,0.000913478346315887,0.4961474636265848
12322,COSMOS 1252,0.2524,0,Low,1448.5753277912818,7.139042149372351,1448.5753277912818,0.000912970570665101,3.3829269625439338
18119,COSMOS 1858,0.2524,0,Low,1449.7512479602374,7.133091381724266,1449.7512479602374,0.0009120724027099925,8.661084915795072
6119,COSMOS 506,0.252,0,Low,1456.3856241872227,7.129080098057251,1456.3856241872227,0.0009107868757644757,14.191908465169035
18942,COSMOS 1929,0.2519,0,Low,1450.9984522539035,7.138279645538483,1450.9984522539035,0.0009125902656605093,1.9344132158767025
7685,COSMOS 718,0.2518,0,Low,1454.3404266637353,7.141628861347948,1454.3404266637353,0.0009126285211840578,1.9189191308205409
6675,COSMOS 564,0.2516,0,Low,1456.4864912353833,7.1329532659588475,1456.4864912353833,0.0009112699554251265,8.884350991998872
9591,COSMOS 874,0.2514,0,Low,1469.0747170888753,7.142607225151191,1469.0747170888753,0.0009110381575296181,11.072582964903631
11878,COSMOS 1195,0.2514,0,Low,1457.5761227628418,7.143004374429712,1457.5761227628418,0.00091242701896457,0.6242676876145197
10585,COSMOS 978,0.2513,0,Low,1452.4473856245095,7.131485232857809,1452.4473856245095,0.0009115527824679728,3.7925849440898673
7530,OSCAR 7,0.2513,0,Low,1455.0329460174644,7.139679991314247,1455.0329460174644,0.0009122987394203993,0.34282498064203537
11298,COSMOS 1083,0.2512,0,Low,1454.0632548550157,7.137370898714035,1454.0632548550157,0.0009121167032465449,0.30486979860415886
3035,ESSA 6 (TOS-D),0.2512,0,Low,1456.0878457312538,7.134713649699826,1456.0878457312538,0.0009115412769502727,3.894259545845671
20553,COSMOS 2068,0.2512,0,Low,1455.264085191905,7.133469685871595,1455.264085191905,0.0009114782747197161,4.623097865015552
6269,COSMOS 534,0.2512,0,Low,1464.8287799165046,7.1116279822090664,1464.8287799165046,0.0009075782769062553,28.946555712713234
16453,COSMOS 1720,0.2511,0,Low,1459.2755125319682,7.140172259481489,1459.2755125319682,0.0009118673088902169,1.9352838360000533
7828,COSMOS 739,0.251,0,Low,1457.7377882782102,7.135725882645507,1457.7377882782102,0.0009114784625089456,3.732796063727619
11538,COSMOS 1130,0.251,0,Low,1457.022596366116,7.126068315676745,1457.022596366116,0.0009103280206402025,10.191674338862867
16452,COSMOS 1719,0.2509,0,Low,1462.5354182931205,7.139473075257655,1462.5354182931205,0.0009113985823802278,3.952198956115353
11045,COSMOS 1036,0.2509,0,Low,1459.1747841939477,7.140828392279778,1459.1747841939477,0.0009119628346859269,0.5921564358559408
1572,COSMOS 82,0.2508,0,Low,1476.775428756181,7.131108580855714,1476.775428756181,0.0009086789811448447,22.039083593882424
11131,COSMOS 1054,0.2508,0,Low,1463.968969653326,7.139712542320244,1463.968969653326,0.0009112623891650403,4.706728918722547
15623,COSMOS 1641,0.2508,0,Low,1456.6582313762228,7.129962447620394,1456.6582313762228,0.0009108678786001157,4.936733635572637
12325,COSMOS 1255,0.2508,0,Low,1459.7144291536042,7.139711080128873,1459.7144291536042,0.0009117573044865307,0.9348146680486025
14612,COSMOS 1523,0.2507,0,Low,1457.1377234125594,7.128484547122621,1457.1377234125594,0.0009106232924086912,5.692010750120062
8610,COSMOS 794,0.2506,0,Low,1463.348518750835,7.139931655824515,1463.348518750835,0.0009113625260269832,2.387060795240359
12107,COSMOS 1228,0.2505,0,Low,1462.7175482062994,7.122454329956774,1462.7175482062994,0.0009092048936060524,14.046486184316564
11542,COSMOS 1134,0.2505,0,Low,1463.3376889539113,7.141002614679118,1463.3376889539113,0.0009115004864734939,0.7277320866060109
18941,COSMOS 1928,0.2505,0,Low,1456.6819071341506,7.134256834997532,1456.6819071341506,0.0009114137390400815,0.25265606805442076
18937,COSMOS 1924,0.2505,0,Low,1465.782520620085,7.140201406557521,1465.782520620085,0.0009111138898866053,3.901159955725234
14615,COSMOS 1526,0.2505,0,Low,1456.4251115175957,7.132944327291851,1456.4251115175957,0.0009112759592929408,0.5119785148917799
6682,COSMOS 571,0.2504,0,Low,1479.8640005037423,7.086769387775363,1479.8640005037423,0.0009026738187441087,53.96878532980736
6235,NOAA 2 (ITOS-D),0.2504,0,Low,1459.385327568314,7.13665250321998,1459.385327568314,0.0009114050209118164,0.06494199670032685
7529,NOAA 4,0.2504,0,Low,1456.4620372617346,7.132214712586617,1456.4620372617346,0.0009111784482166157,0.3025109955779044
16758,COSMOS 1748,0.2504,0,Low,1462.2006916092641,7.138796853618192,1462.2006916092641,0.0009113512004441683,0.6998589610884665
6988,COSMOS 620,0.2504,0,Low,1463.5786128041473,7.139910478864354,1463.5786128041473,0.0009113330571724063,1.388024006768319
8608,COSMOS 792,0.2503,0,Low,1462.0579462065125,7.135599810458894,1462.0579462065125,0.0009109596608964967,1.889523047034345
7441,COSMOS 683,0.2502,0,Low,1459.1645779676073,7.131951223530557,1459.1645779676073,0.0009108303091863902,1.3551730103454247
12980,COSMOS 1325,0.2502,0,Low,1497.3665585244016,7.1397670882547,1497.3665585244016,0.0009074014327051967,29.66753709798104
14173,COSMOS 1475,0.2501,0,Low,1459.7515026648944,7.130338145633768,1459.7515026648944,0.0009105560485742948,2.6936383289712467
4388,COSMOS 341,0.2501,0,Low,1457.1293959681416,7.1107219536500645,1457.1293959681416,0.0009083551885732017,14.602057741028148
20550,COSMOS 2065,0.25,0,Low,1462.5466313822099,7.134664282720106,1462.5466313822099,0.0009107834060931877,1.3376097298287277
14174,COSMOS 1476,0.25,0,Low,1459.157745504419,7.131733427205268,1459.157745504419,0.0009108032888992382,0.04062250083006802
6236,OSCAR 6,0.2499,0,Low,1461.5932572085412,7.134006363905838,1461.5932572085412,0.0009108102680220532,0.012591664297360694
11692,COSMOS 1157,0.2498,0,Low,1462.382826401049,7.127610601776797,1462.382826401049,0.0009099019873961005,4.703775527403195
19904,COSMOS 2010,0.2498,0,Low,1462.614648117964,7.129641563572955,1462.614648117964,0.0009101343228934373,3.0859661185659206
7681,COSMOS 714,0.2498,0,Low,1464.387398147751,7.132850017751389,1464.387398147751,0.000910337888262878,2.957643318110968
6822,OPS 8314 (2),0.2498,0,Low,1458.2808922125223,7.125826970404768,1458.2808922125223,0.0009101508897825531,2.260923819110758
8607,COSMOS 791,0.2497,0,Low,1462.1015351590368,7.124576471619909,1462.1015351590368,0.000909547315280046,6.213843202775024
6845,COSMOS 588,0.2497,0,Low,1466.0712129105705,7.132619965763282,1466.0712129105705,0.0009101129455112267,3.2518580952410048
12110,COSMOS 1231,0.2496,0,Low,1464.1805334130258,7.124629602337373,1464.1805334130258,0.0009093127557118158,6.77613551930699
12640,COSMOS 1291,0.2496,0,Low,1462.444209871871,7.131514309598699,1462.444209871871,0.0009103931959598837,0.5067062573752992
9594,COSMOS 877,0.2495,0,Low,1465.8824250797315,7.134396896920861,1465.8824250797315,0.0009103616093676787,0.3372306790197399
20555,COSMOS 2070,0.2495,0,Low,1463.7160536473957,7.132267154547353,1463.7160536473957,0.000910341498748634,0.44325723071870016
13767,COSMOS 1435,0.2495,0,Low,1463.7553769487922,7.127916684231515,1463.7553769487922,0.0009097816512820656,3.7906996344891013
12323,COSMOS 1253,0.2495,0,Low,1471.3379241986631,7.136333347737688,1471.3379241986631,0.0009099752416581673,3.642699463154713
11301,COSMOS 1086,0.2494,0,Low,1467.6215857370798,7.134077422674707,1467.6215857370798,0.0009101188703452224,1.8224403321792124
6991,COSMOS 623,0.2494,0,Low,1466.7760274421362,7.116135423153216,1466.7760274421362,0.0009079278864613809,13.724190713929602
11875,COSMOS 1192,0.2494,0,Low,1479.4269061018776,7.109642583984162,576.0,0.0009106587309968042,1.0530650229620733
18940,COSMOS 1927,0.2493,0,Low,1466.5578174021766,7.1339396502544785,1466.5578174021766,0.0009102248195751214,0.3622176587286958
14175,COSMOS 1477,0.2492,0,Low,1464.6056037829585,7.130261633374052,1464.6056037829585,0.0009099822009841367,0.1339569228248365
16450,COSMOS 1717,0.2491,0,Low,1475.3682117290882,7.134639969782638,1475.3682117290882,0.0009092920160332868,6.166779669004427
10291,COSMOS 945,0.2491,0,Low,1471.807838284075,7.136755679119609,1471.807838284075,0.0009099745685827051,1.082505936180496
7823,COSMOS 734,0.2491,0,Low,1463.9270311963473,7.12875300333754,1463.9270311963473,0.0009098684614359479,0.30870116683945525
12111,COSMOS 1232,0.2491,0,Low,1464.175936527462,7.121659055637247,1464.175936527462,0.0009089341596576267,5.749953802051095
19906,COSMOS 2012,0.2489,0,Low,1468.2437735882531,7.132031452728598,1468.2437735882531,0.0009097856449824442,0.23084872830349923
12639,COSMOS 1290,0.2488,0,Low,1464.3985486837319,7.125990154588834,1464.3985486837319,0.0009094610963708959,0.04169645395813859
10289,COSMOS 943,0.2488,0,Low,1467.9605150302532,7.130346516991443,1467.9605150302532,0.0009096035760506601,0.12545062525714457
10937,COSMOS 1020,0.2487,0,Low,1468.8167499242973,7.125030449559777,1468.8167499242973,0.0009088261469413271,4.2770633713962525
5552,COSMOS 449,0.2487,0,Low,1483.7051145310325,7.136457129877821,1483.7051145310325,0.0009085582495866754,8.697088647354576
12637,COSMOS 1288,0.2487,0,Low,1475.158717964181,7.134588313576755,1475.158717964181,0.0009093097106539217,2.635869127454498
6264,COSMOS 529,0.2487,0,Low,1467.633020811596,7.121572762242129,1467.633020811596,0.0009085222823079395,5.987326606026727
11299,COSMOS 1084,0.2487,0,Low,1470.5845576443598,7.131723354819226,1470.5845576443598,0.0009094747754606399,0.7487861134341074
12327,COSMOS 1257,0.2485,0,Low,1470.6982684287232,7.130957332584525,1470.6982684287232,0.0009093639016046185,0.05042217784739478
12326,COSMOS 1256,0.2484,0,Low,1469.6104230587844,7.1280426602675435,1469.6104230587844,0.0009091183308004157,0.2535642732054839
19907,COSMOS 2013,0.2484,0,Low,1475.806163078335,7.130887740809345,1475.806163078335,0.0009087630804953984,3.601348746347867
11044,COSMOS 1035,0.2484,0,Low,1468.8094450881654,7.118018250980395,1468.8094450881654,0.0009079325589271828,6.883627329322735
13765,COSMOS 1433,0.2483,0,Low,1469.8092059546816,7.127174561344488,1469.8092059546816,0.000908984567043383,0.2734911417892363
8292,COSMOS 768,0.2483,0,Low,1475.807845602034,7.13308752060852,1475.807845602034,0.0009090432263619735,1.406785475954166
10286,COSMOS 940,0.2483,0,Low,1464.809215157823,7.118087459761717,1464.809215157823,0.0009084048965858275,2.54366449866302
17143,COSMOS 1799,0.2483,0,Low,1466.3358698689244,7.120204368206434,1466.3358698689244,0.0009084980516887707,2.4745915784333192
16449,COSMOS 1716,0.2483,0,Low,1475.4232086235152,7.133659307588498,1475.4232086235152,0.0009091606605858753,0.36806957023236464
6262,COSMOS 528,0.2483,0,Low,1466.8438892484792,7.113119563497088,1466.8438892484792,0.0009075352436215873,8.125377389977984
17141,COSMOS 1797,0.2482,0,Low,1471.7728039422918,7.1281165205658645,1471.7728039422918,0.000908877089615908,0.8591144000865825
9589,COSMOS 872,0.2482,0,Low,1465.232914150779,7.117014200340056,1465.232914150779,0.0009082188186989762,3.5017729039400365
18116,COSMOS 1855,0.2482,0,Low,1472.8158994364076,7.127971018075551,1472.8158994364076,0.0009087376742980045,2.1360020633183012
11296,COSMOS 1081,0.2481,0,Low,1468.9744962193117,7.1142691440975865,1468.9744962193117,0.0009074352407049686,7.596815754197451
16763,COSMOS 1753,0.2481,0,Low,1473.836961829791,7.129386687282504,1473.836961829791,0.0009087998542189703,0.6869085411253764
5553,COSMOS 450,0.2481,0,Low,1490.179629434433,7.124273383800625,1490.179629434433,0.0009062600932212988,18.76692123524117
7437,COSMOS 679,0.248,0,Low,1478.3541230279488,7.1343795007422335,1478.3541230279488,0.0009089129358824356,0.4829593368467613
12641,COSMOS 1292,0.2479,0,Low,1475.4934754559117,7.1305550582740045,1475.4934754559117,0.0009087568963867253,0.34483747422382294
11543,COSMOS 1135,0.2479,0,Low,1477.138505242675,7.128877585538554,1477.138505242675,0.0009083526725192676,2.459560523600885
4386,COSMOS 339,0.2479,0,Low,1472.2776321117735,7.126741090795428,1472.2776321117735,0.0009086432260943158,0.21075040274808998
9592,COSMOS 875,0.2478,0,Low,1469.6392091832577,7.121680488302323,1469.6392091832577,0.0009083035576947779,0.9549296238019451
15620,COSMOS 1638,0.2478,0,Low,1475.4419433117891,7.1288733105029305,1475.4419433117891,0.0009085485321891019,0.6197785564791047
14521,COSMOS 1510,0.2477,0,Low,1482.1736075528052,7.134187424531403,1482.1736075528052,0.0009084464168307809,1.9633718711684196
10290,COSMOS 944,0.2477,0,Low,1474.9057881476638,7.128202507865921,1474.9057881476638,0.0009085251212975392,0.143881034561673
7440,COSMOS 682,0.2477,0,Low,1474.7037634871867,7.126436196836115,1474.7037634871867,0.0009083233845766083,0.7702699677511191
11545,COSMOS 1137,0.2477,0,Low,1483.0725187905173,7.134080124140813,1483.0725187905173,0.0009083287819246443,3.008571087164455
4383,COSMOS 336,0.2477,0,Low,1476.9398428181103,7.129674890237983,1476.9398428181103,0.000908477260661289,0.5347628455556332
1570,COSMOS 80,0.2477,0,Low,1474.2974356362429,7.123270564990424,1474.2974356362429,0.0009079669220231083,2.6394667708618726
19905,COSMOS 2011,0.2477,0,Low,1469.8783158991373,7.122231718851472,1469.8783158991373,0.0009083461612214478,0.02911485060758423
6122,COSMOS 509,0.2476,0,Low,1484.6603559157365,7.128713195526806,1484.6603559157365,0.0009074619920600946,6.924779617611421
7438,COSMOS 680,0.2476,0,Low,1479.2427404182226,7.128616555004554,1479.2427404182226,0.0009080759399071494,2.566180887786686
7827,COSMOS 738,0.2475,0,Low,1483.9721424032086,7.129648263237255,1483.9721424032086,0.0009076605408629694,5.455161607998889
11696,COSMOS 1161,0.2475,0,Low,1480.0305660996491,7.1315019438530625,1480.0305660996491,0.0009083523346153466,0.5113601431621646
14616,COSMOS 1527,0.2475,0,Low,1472.1755093016309,7.122653981210234,1472.1755093016309,0.0009081339532391067,0.07406232544781233
11133,COSMOS 1056,0.2474,0,Low,1486.5721679943417,7.123810510040115,1486.5721679943417,0.0009066172550163773,10.83842448399082
12113,COSMOS 1234,0.2474,0,Low,1471.6717829691397,7.114557579031109,1471.6717829691397,0.0009071599291558806,4.983378232105679
10933,COSMOS 1016,0.2473,0,Low,1486.369698862698,7.126945584763644,1486.369698862698,0.0009070396147702229,7.96252616671336
6118,COSMOS 505,0.2473,0,Low,1480.2802582899321,7.098281123968675,1480.2802582899321,0.0009040921850259787,23.785775412562543
9595,COSMOS 878,0.2472,0,Low,1477.8820073017441,7.12451251273559,1477.8820073017441,0.0009077104874436538,1.311534437897535
13379,COSMOS 1392,0.2472,0,Low,1474.748990748165,7.123097891822982,1474.748990748165,0.0009078926562935744,0.032879068058718985
3345,ESSA 7 (TOS-E),0.2472,0,Low,1471.8323207089124,7.118476312458657,1471.8323207089124,0.0009076410181131119,0.2624740697319794
11698,COSMOS 1163,0.2471,0,Low,1493.0623326193772,7.131387845564564,1493.0623326193772,0.0009068325687074288,9.125139805839353
8613,COSMOS 797,0.2471,0,Low,1500.429079671957,7.122626034998117,1500.429079671957,0.0009048707627173278,21.544087396631767
13761,COSMOS 1429,0.2471,0,Low,1487.6292094218015,7.128506163593393,1487.6292094218015,0.0009070928241590715,6.352963870039275
4387,COSMOS 340,0.2471,0,Low,1473.9094048494471,7.116819652238912,1473.9094048494471,0.0009071895269867036,2.740799118824725
5214,COSMOS 415,0.2471,0,Low,1485.1370723494065,7.122013619120368,1485.1370723494065,0.0009065541440445494,9.027667041837049
13161,COSMOS 1358,0.247,0,Low,1475.9019722015855,7.1187738347954985,1475.9019722015855,0.0009072082026785154,2.684125749805389
13160,COSMOS 1357,0.247,0,Low,1473.3232470789708,7.11221930208525,1473.3232470789708,0.0009066708596861638,4.801168206738112
11880,COSMOS 1197,0.247,0,Low,1482.8142944915608,7.123653733477154,1482.8142944915608,0.0009070310891452424,5.129591194167006
10581,COSMOS 976,0.2469,0,Low,1475.2186505640202,7.1197424669020855,1475.2186505640202,0.0009074106628917724,0.117985420797595
12638,COSMOS 1289,0.2469,0,Low,1474.6571287747593,7.119774495703428,1474.6571287747593,0.0009074796895713067,0.03154631252618856
5550,COSMOS 447,0.2469,0,Low,1481.760200755797,7.120439770078391,1481.760200755797,0.0009067435637972335,5.5448778182408205
19909,COSMOS 2015,0.2468,0,Low,1483.3002640131072,7.127463099603744,1483.3002640131072,0.0009074599722473571,1.242248589411247
12321,COSMOS 1251,0.2467,0,Low,1472.0207750737982,7.11234775820228,1472.0207750737982,0.0009068378067805587,1.8491625239594214
13382,COSMOS 1395,0.2466,0,Low,1491.1695684875785,7.121593478284127,1491.1695684875785,0.0009058051236681844,10.86724275414781
15821,COSMOS 1660,0.2466,0,Low,1487.1306297878828,7.129811400556609,1487.1306297878828,0.0009073164772203674,1.4411360660114951
13167,COSMOS 1364,0.2466,0,Low,1487.0417389338945,7.126136379039206,1487.0417389338945,0.0009068590643559007,4.147218447440537
3615,ESSA 8 (TOS-F),0.2465,0,Low,1474.1020491551308,7.111162981891639,1474.1020491551308,0.000906446205203598,2.7245541434549523
13163,COSMOS 1360,0.2465,0,Low,1479.450318423491,7.117941291082626,1479.450318423491,0.0009066921007548054,2.1862677721082946
11544,COSMOS 1136,0.2465,0,Low,1490.5883973469063,7.123325240239843,1490.5883973469063,0.0009060923671155044,8.173288815275555
14617,COSMOS 1528,0.2465,0,Low,1480.29788762931,7.120431805874837,1480.29788762931,0.0009069114314327517,1.6990503227907539
6680,COSMOS 569,0.2465,0,Low,1477.0545630541492,7.099306295938709,1477.0545630541492,0.0009045944111244741,14.130231789449681
13764,COSMOS 1432,0.2464,0,Low,1479.8002585241238,7.120160935777294,1479.8002585241238,0.0009069344144944297,0.10498845054189587
18938,COSMOS 1925,0.2463,0,Low,1489.6443571273603,7.1206264772084475,1489.6443571273603,0.0009058578602086319,7.984899887267602
8287,COSMOS 763,0.2462,0,Low,1491.7864674941002,7.121249341975396,1491.7864674941002,0.0009056902882223336,8.361969388685793
5551,COSMOS 448,0.2462,0,Low,1492.075775788422,7.119242190442604,1492.075775788422,0.0009054017020112928,10.648418360769938
16762,COSMOS 1752,0.2462,0,Low,1487.6403995043092,7.122386847227971,1487.6403995043092,0.0009063128588600672,4.19905636355179
17142,COSMOS 1798,0.2462,0,Low,1478.834340078477,7.11780174457318,1478.834340078477,0.000906745472096424,0.18963292550324695
10288,COSMOS 942,0.2461,0,Low,1500.3080978952275,7.1167521850053905,1500.3080978952275,0.0009041384349963885,18.377399166661235
11300,COSMOS 1085,0.246,0,Low,1489.2920728978088,7.1179935868073105,1489.2920728978088,0.0009055634982509194,7.723175516574884
11134,COSMOS 1057,0.2459,0,Low,1494.4688539924264,7.122809717655386,1494.4688539924264,0.0009055798007565595,7.702092596593502
7439,COSMOS 681,0.2459,0,Low,1482.8238728056704,7.118266748164471,1482.8238728056704,0.0009063440769039768,0.7586372301075244
11050,COSMOS 1041,0.2459,0,Low,1494.3485977821938,7.122311519220218,1494.3485977821938,0.0009055303055771118,7.561313698132835
11132,COSMOS 1055,0.2459,0,Low,1487.0329921375887,7.1208458553268095,1487.0329921375887,0.0009061868106753462,2.890139407958486
16451,COSMOS 1718,0.2459,0,Low,1487.9982028019786,7.122580638161845,1487.9982028019786,0.0009062962548613922,1.8433402493947142
11129,COSMOS 1052,0.2458,0,Low,1479.1600555200885,7.1108865807007495,1479.1600555200885,0.000905826955171507,2.046462394620903
13162,COSMOS 1359,0.2458,0,Low,1480.1144519289937,7.115004606694292,1480.1144519289937,0.000906241355957581,0.22386449583700596
11876,COSMOS 1193,0.2457,0,Low,1480.3402251750877,7.112947455608399,1480.3402251750877,0.0009059532833389319,1.254309825873861
14172,COSMOS 1474,0.2457,0,Low,1475.6653107344664,7.108360702513344,1475.6653107344664,0.000905908487365824,0.3720674363148646
18939,COSMOS 1926,0.2457,0,Low,1486.4682429870863,7.120192580037705,1486.4682429870863,0.000906168801432012,0.7896228574145425
16908,EGS (AJISAI),0.2457,0,Low,1492.6581881565362,7.120761341770906,1492.6581881565362,0.0009055278308631842,6.164529357727588
13377,COSMOS 1390,0.2457,0,Low,1481.0187572405812,7.113283765847178,1481.0187572405812,0.0009059178264554967,1.3404530047910157
13164,COSMOS 1361,0.2456,0,Low,1483.6230072153166,7.117268628473215,1483.6230072153166,0.0009061247907041799,0.3008877017236955
13166,COSMOS 1363,0.2456,0,Low,1494.008017679953,7.1193501658484255,1494.008017679953,0.0009051929953338453,7.774853071691723
7824,COSMOS 735,0.2456,0,Low,1484.1661335100853,7.117679556713761,1484.1661335100853,0.0009061144520355577,0.5002289707181262
15617,COSMOS 1635,0.2455,0,Low,1495.3025986752154,7.123055326494734,1495.3025986752154,0.0009055150418055806,5.246127940955375
18114,COSMOS 1853,0.2455,0,Low,1485.815258370937,7.11819422235415,1485.815258370937,0.0009059897666258815,0.2757991123253305
12982,COSMOS 1327,0.2454,0,Low,1506.182304495007,7.134609136732439,1506.182304495007,0.0009057311181767586,5.458840203018553
15000,COSMOS 1561,0.2454,0,Low,1487.0886961134702,7.11532024640086,1487.0886961134702,0.0009054772122793707,2.8530130818917314
10587,COSMOS 980,0.2453,0,Low,1485.4413945300003,7.114644912153592,1485.4413945300003,0.0009055811091656739,1.0659877020643762
8896,COSMOS 832,0.2453,0,Low,1500.6179660795751,7.120289664971363,1500.6179660795751,0.000904552240168941,10.042082445489541
13378,COSMOS 1391,0.2452,0,Low,1484.8999380047699,7.114983427191098,1484.8999380047699,0.0009056866155805635,0.09577081923725927
5212,COSMOS 413,0.2452,0,Low,1494.3390504211648,7.1188187590785725,1494.3390504211648,0.0009050873348806726,5.146050169890259
13589,COSMOS 1410,0.2451,0,Low,1496.9319176552162,7.120562663428642,1496.9319176552162,0.0009050107115759965,5.797682740118034
15003,COSMOS 1564,0.2451,0,Low,1484.8544236166026,7.112259970455101,1484.8544236166026,0.0009053451842327835,1.1733294584437317
8614,COSMOS 798,0.245,0,Low,1510.2784270003967,7.119974437008886,1510.2784270003967,0.0009034034900501209,17.10418541065792
10936,COSMOS 1019,0.245,0,Low,1482.8351756729671,7.1105379158275355,1482.8351756729671,0.0009053586886890912,0.033788548090342374
6679,COSMOS 568,0.245,0,Low,1486.5174096566207,7.096111906195251,1486.5174096566207,0.0009030984643412144,13.8138341149579
10931,COSMOS 1014,0.2449,0,Low,1503.3663912833272,7.116262698678359,1503.3663912833272,0.0009037251183226418,12.895704126667624
6986,COSMOS 618,0.2446,0,Low,1490.6752768962579,7.113662366187194,1490.6752768962579,0.0009048532425515832,1.2328827229302988
17140,COSMOS 1796,0.2446,0,Low,1489.7085743321295,7.114366154390214,1489.7085743321295,0.0009050540529668056,0.2798721476165156
8290,COSMOS 766,0.2446,0,Low,1486.4958919043875,7.109671489023526,1486.4958919043875,0.0009048266250254935,0.4189704450436693
12324,COSMOS 1254,0.2446,0,Low,1484.739794179548,7.108744154698916,1484.739794179548,0.0009049108474756134,0.2249760436161523
11130,COSMOS 1053,0.2445,0,Low,1487.834145749207,7.110249473699569,1487.834145749207,0.000904746091065614,0.8585701992324175
8291,COSMOS 767,0.2445,0,Low,1492.365414827741,7.11559488457325,1492.365414827741,0.0009049045172383265,0.4610679242077822
6676,COSMOS 565,0.2445,0,Low,1493.5417718255894,7.113467872366403,1493.5417718255894,0.000904498708093855,3.4089771140033918
8289,COSMOS 765,0.2444,0,Low,1520.6962931453272,7.107990458497675,1520.6962931453272,0.0009006923473058165,29.722648094355463
10930,COSMOS 1013,0.2444,0,Low,1522.1909621767463,7.107044046638588,1522.1909621767463,0.0009004018882470622,31.89734970987047
16455,COSMOS 1722,0.2443,0,Low,1487.0781882795563,7.1077902065940295,1487.0781882795563,0.0009045201684548528,0.6345804928296275
8892,COSMOS 828,0.2443,0,Low,1491.9373387318838,7.111310580688063,1491.9373387318838,0.0009044089090801477,2.0239400507189202
14998,COSMOS 1559,0.2443,0,Low,1498.4858539196866,7.111831969429044,1498.4858539196866,0.0009037225685953466,7.665310171587407
8893,COSMOS 829,0.2442,0,Low,1490.6226713119513,7.111302805869822,1490.6226713119513,0.0009045591607722231,0.06761874536823598
11877,COSMOS 1194,0.2442,0,Low,1486.295935386991,7.105973765760326,1486.295935386991,0.0009043790413642272,0.2769110552726488
7678,COSMOS 711,0.2442,0,Low,1494.544983069287,7.109491307295059,1494.544983069287,0.0009038777761233779,4.709458179760986
11047,COSMOS 1038,0.2442,0,Low,1493.6412736724806,7.11398448506679,1493.6412736724806,0.0009045529525779422,1.036399447396434
8895,COSMOS 831,0.2441,0,Low,1498.3311704548114,7.112893501080767,1498.3311704548114,0.0009038752273872945,4.983770959816866
13381,COSMOS 1394,0.2441,0,Low,1497.3630024655022,7.117499265811062,1497.3630024655022,0.0009045717976637374,0.6278557796686073
13792,SSD,0.2441,0,Low,1446.839173157282,6.963552502487434,1446.839173157282,0.0008907259855634969,69.33374556270246
18115,COSMOS 1854,0.244,0,Low,1492.1290814355161,7.1101531551980655,1492.1290814355161,0.0009042396584821185,0.7130888030633287
14999,COSMOS 1560,0.2439,0,Low,1498.0285504766543,7.111778460366858,1498.0285504766543,0.000903768287883016,3.791188404154127
11881,COSMOS 1198,0.2439,0,Low,1500.4218428036365,7.115063531835257,1500.4218428036365,0.0009039108402429388,3.7728164079953785
17177,COSMOS 1803,0.2439,0,Low,1502.3368690750904,7.116222951872785,1502.3368690750904,0.0009038382416766518,4.896153119982046
10588,COSMOS 981,0.2438,0,Low,1497.2033348435334,7.110412663642175,1497.2033348435334,0.0009036894906051093,3.4796613453436294
7682,COSMOS 715,0.2437,0,Low,1504.9250449598348,7.109711263083544,1504.9250449598348,0.0009027144395734663,9.721184004251882
1588,COSMOS 90,0.2436,0,Low,1589.7764848151146,7.050442832821638,1589.7764848151146,0.0008856476307644229,123.4241096171454
6848,COSMOS 591,0.2435,0,Low,1485.6067708058217,7.092630125672351,1485.6067708058217,0.0009027599741949269,4.342089032414151
11882,COSMOS 1199,0.2435,0,Low,1515.817294345341,7.106850707390511,1515.817294345341,0.0009011050265467609,19.8880433983104
20549,COSMOS 2064,0.2435,0,Low,1499.2585810873989,7.109356404581431,1499.2585810873989,0.0009033192913973053,4.08243935388964
1574,COSMOS 84,0.2435,0,Low,1536.634362183163,7.09480212125821,1536.634362183163,0.0008972091773979616,46.93310323264723
8286,COSMOS 762,0.2432,0,Low,1493.4818619969083,7.103764726611165,1493.4818619969083,0.0009032718049663623,1.1285706304706764
4385,COSMOS 338,0.2432,0,Low,1508.1332167999635,7.10528201606685,1508.1332167999635,0.0009017847294315191,12.56291807510479
11049,COSMOS 1040,0.2431,0,Low,1516.2118734550377,7.1050090544872635,1516.2118734550377,0.0009008264477336621,19.015959867416314
12879,COSMOS 1312,0.2431,0,Low,1504.4494909699906,7.115206743311047,1504.4494909699906,0.0009034667483385374,1.2592842989470228
8288,COSMOS 764,0.243,0,Low,1511.4382157826803,7.105721004407294,1511.4382157826803,0.0009014623153252001,13.764384674353096
18120,COSMOS 1859,0.2429,0,Low,1489.4400881370875,7.093528597545019,1489.4400881370875,0.0009024340263403972,2.834821758651742
14177,COSMOS 1479,0.2429,0,Low,1504.6776833393906,7.108618078768756,1504.6776833393906,0.0009026039871853426,4.68309456930001
11697,COSMOS 1162,0.2428,0,Low,1513.261501690452,7.106418400088331,1513.261501690452,0.0009013423005521386,12.674214701301935
11541,COSMOS 1133,0.2428,0,Low,1495.613521713386,7.102373369421097,1495.613521713386,0.0009028501717819444,0.6051189267918744
6123,COSMOS 510,0.2428,0,Low,1511.830977186367,7.111411764433979,1511.830977186367,0.0009021393183508633,7.831594308416243
16909,JAS 1 (FUJI 1),0.2428,0,Low,1504.4656940180057,7.109050833378673,1504.4656940180057,0.0009026832329138985,3.3023706254925855
7272,COSMOS 648,0.2427,0,Low,1498.807791176123,7.104276502772819,1498.807791176123,0.0009027255418789718,1.4396203845290074
9590,COSMOS 873,0.2425,0,Low,1504.4606329387188,7.107898914312513,1504.4606329387188,0.0009025375461321059,2.4982676433746747
6990,COSMOS 622,0.2424,0,Low,1496.7429423738304,7.088035983784647,1496.7429423738304,0.0009008982672286021,8.971268591390071
8894,COSMOS 830,0.2424,0,Low,1504.2250215995646,7.107255642529681,1504.2250215995646,0.000902482865319587,1.5374518501585044
14618,COSMOS 1529,0.2424,0,Low,1509.2264712882215,7.104056918470811,1509.2264712882215,0.0009015041565562359,8.377401822009233
5217,COSMOS 418,0.2424,0,Low,1496.476257022894,7.097803279475559,1496.476257022894,0.0009021702827688501,2.215410951153899
1585,COSMOS 87,0.2422,0,Low,1527.5534782347513,7.082245521566235,1527.5534782347513,0.0008966509552770726,38.71741024925814
10292,COSMOS 946,0.2421,0,Low,1514.374139799258,7.101989073153943,1514.374139799258,0.0009006534055636759,11.765490167026655
7267,COSMOS 643,0.2421,0,Low,1490.7962644591717,7.090574810048125,1490.7962644591717,0.0009019026405075506,0.28831367970906285
6117,COSMOS 504,0.242,0,Low,1495.2476112561599,7.07801106770977,1495.2476112561599,0.0008997951014892454,12.557059817298068
8891,COSMOS 827,0.242,0,Low,1499.4581968475686,7.098787526625164,1499.4581968475686,0.0009019535266026202,0.44507734852322756
6851,COSMOS 594,0.2419,0,Low,1495.04226497738,7.08899356089558,1495.04226497738,0.0009012147814738402,3.74556603970359
12636,COSMOS 1287,0.2418,0,Low,1516.2546679185625,7.100159574634221,1516.2546679185625,0.0009002067098852717,12.563902241595315
5215,COSMOS 416,0.2413,0,Low,1500.3081488765947,7.087956786357194,1500.3081488765947,0.0009004801555595048,4.413777501275945
12976,COSMOS 1321,0.241,0,Low,1581.6783722079917,7.0678151443671045,1581.6783722079917,0.0008887339351062914,85.19944484512689
10932,COSMOS 1015,0.2409,0,Low,1517.0278651916124,7.09896418230026,1517.0278651916124,0.0008999669250189464,7.914067195491953
7822,COSMOS 733,0.2409,0,Low,1530.0762932706466,7.097259032469506,1530.0762932706466,0.0008982648400084743,20.012205272772917
11302,COSMOS 1087,0.2409,0,Low,1522.7365122745387,7.098681389349082,1522.7365122745387,0.0008992802557205744,12.882139475947952
16761,COSMOS 1751,0.2408,0,Low,1512.9982950171998,7.10256476783746,1512.9982950171998,0.0009008836001811902,0.9608356705684855
17138,COSMOS 1794,0.2408,0,Low,1511.7927164086832,7.0986887184477245,1511.7927164086832,0.0009005296693481763,2.810329116517096
7683,COSMOS 716,0.2405,0,Low,1519.7210760954804,7.1025422816519725,1519.7210760954804,0.0009001132105871472,4.547245844500139
13762,COSMOS 1430,0.2405,0,Low,1511.056528555764,7.097963674216571,1511.056528555764,0.0009005217925679019,0.2866018134982369
11048,COSMOS 1039,0.2405,0,Low,1538.4323253143812,7.094150704994433,1538.4323253143812,0.0008969228654108823,26.54837980297907
6124,COSMOS 511,0.2404,0,Low,1534.0219902465378,7.100298909119953,1534.0219902465378,0.0008982010319364732,17.32811149819281
15171,COSMOS 1589,0.2403,0,Low,1515.0994262488884,7.100258361629526,1515.0994262488884,0.0009003511086857857,0.4290300283810211
10589,COSMOS 982,0.2402,0,Low,1521.493533261184,7.095820595928353,1521.493533261184,0.0008990594120887869,8.738057656012643
20196,COSMOS 2037,0.2402,0,Low,1523.1790933018447,7.10077780450156,1523.1790933018447,0.00089949540295159,6.498720042282912
4384,COSMOS 337,0.24,0,Low,1537.5375833664048,7.091196994855382,1537.5375833664048,0.0008966508561291925,24.418683153169695
16593,COSMOS 1732,0.2396,0,Low,1532.0582967836863,7.094066250219546,1532.0582967836863,0.0008976355714226002,14.200544970512965
16625,USA 17,0.2393,0,Low,1580.92330409021,6.788187649221035,1580.92330409021,0.0008536535614886291,273.59427945920015
5554,COSMOS 451,0.2391,0,Low,1557.3810317337875,7.081239893935525,1557.3810317337875,0.0008931508041291743,41.375154252471475
12978,COSMOS 1323,0.2385,0,Low,1597.2333863883796,7.058024261762565,1597.2333863883796,0.0008857702729715892,86.66743453063282
14178,COSMOS 1480,0.2385,0,Low,1526.56683362698,7.088187858410216,1526.56683362698,0.0008975154003419742,6.182176469777005
5549,COSMOS 446,0.2379,0,Low,1519.4648296228088,7.079793081961435,1519.4648296228088,0.0008972593167619345,2.018111695299922
12979,COSMOS 1324,0.2377,0,Low,1596.6492374675308,7.057565801290839,1596.6492374675308,0.0008857776730560548,80.60563936168182
11135,COSMOS 1058,0.2375,0,Low,1543.1129086066967,7.087114693546098,1543.1129086066967,0.0008955033590484629,13.75004100188471
7826,COSMOS 737,0.2373,0,Low,1540.3745123314784,7.083915631244065,1540.3745123314784,0.0008954089608831372,11.935916625410755
9593,COSMOS 876,0.2369,0,Low,1538.8673210444185,7.0810045105479915,1538.8673210444185,0.0008952115406169691,9.707798506500694
9057,NOAA 5,0.2366,0,Low,1537.743425701191,7.088599784406579,1537.743425701191,0.0008962991214723978,1.2146431648407088
14611,COSMOS 1522,0.2359,0,Low,1492.5290429192091,7.112319035946926,1531.82,0.000893887933795807,0.53031527667099
8890,COSMOS 826,0.2357,0,Low,1546.8833569290882,7.079913627148922,1546.8833569290882,0.0008941674571340024,8.384490295955402
5211,COSMOS 412,0.2356,0,Low,1543.5586269341147,7.08458597950579,1543.5586269341147,0.0008951334260632253,2.0631913005481692
7436,COSMOS 678,0.2351,0,Low,1545.3359915288838,7.0739730933054865,1545.3359915288838,0.000893591820872081,7.582096730065132
12981,COSMOS 1326,0.2346,0,Low,1598.3883731261994,7.047443258225638,1598.3883731261994,0.0008843141942975852,66.95700717561886
13002,RADIO 6,0.2273,0,Low,1657.6119755916343,7.032995400452712,1657.6119755916343,0.0008759914443286376,71.16176630040081
16454,COSMOS 1721,0.2262,0,Low,1439.6862908659377,7.151325155129363,162.96,0.0008795304003420194,0.047195147900310985
12642,COSMOS 1293,0.2254,0,Low,1472.7155791971172,7.1132783930490175,941.73,0.0008791925305071252,3.7052451027557254
12997,RADIO 3,0.2232,0,Low,1666.7647022185456,7.0224165333524615,1666.7647022185456,0.000873677793953606,56.29635752766899
12975,COSMOS 1320,0.2229,0,Low,1635.6327628152994,7.0259454890206055,1635.6327628152994,0.0008775156419875733,26.41369903265604
1584,COSMOS 86,0.2221,0,Low,1599.8506472365762,7.0120485175399345,1599.8506472365762,0.0008797114420869183,1.531446139532818
18113,COSMOS 1852,0.2215,0,Low,1505.9029881246288,7.103438936934278,670.3,0.0008750456224394162,5.872523652396012
13000,RADIO 4,0.2213,0,Low,1654.537288173322,7.050444389429152,1654.537288173322,0.0008785012312906331,12.639455598407949
11084,COSMOS 1045,0.22,0,Low,1684.8576460155537,7.037679116225249,1684.8576460155537,0.0008736101636187801,35.85431135367162
13001,RADIO 7,0.2194,0,Low,1665.8445230870393,7.030619662710393,1665.8445230870393,0.0008747985160735516,21.757210946335363
11086,RADIO 2,0.2192,0,Low,1687.5076199253972,7.036963482711702,1687.5076199253972,0.0008732340793861342,32.73327430775498
13165,COSMOS 1362,0.219,0,Low,1499.0772815695864,7.107644356560126,1303.66,0.0008716878924214981,5.40289795894023
12999,RADIO 5,0.218,0,Low,1681.1412888014293,7.027558814101522,1681.1412888014293,0.000872756520538847,25.309884160969887
1804,ALOUETTE 2,0.2171,0,Low,2056.1403505182316,6.657860696258146,2056.1403505182316,0.0007900498175337398,543.5183854081461
12998,RADIO 8,0.2168,0,Low,1673.3714456159541,7.039445483735847,1673.3714456159541,0.0008750771308020871,2.0749198093326413
1778,A-1 (ASTERIX),0.2123,0,Low,1615.7162666900877,6.808151752572574,1615.7162666900877,0.0008524344079890617,88.66639113707697
11085,RADIO 1,0.2115,0,Low,1710.471615108284,7.022102630818066,1710.471615108284,0.000868913851988327,4.77384737880584
12112,COSMOS 1233,0.2114,0,Low,1454.4961072582028,7.13193278197888,807.5,0.0008603338077063224,4.521420446254524
6920,NOAA 3,0.21,0,Low,1516.2221244528982,7.103024016047954,885.06,0.0008612956950413133,1.7389859623399389
8611,COSMOS 795,0.1899,0,Low,1511.0031314083408,7.099865564636628,713.85,0.0008354279044515348,1.6208019704581602
14614,COSMOS 1525,0.1837,0,Low,1429.1419193695929,7.154118339360763,240.4,0.0008243944963963846,1.7827562896618474
19908,COSMOS 2014,0.1802,0,Low,1487.3072443157334,7.117864377270686,1553.85,0.0008221845169785958,1.2391093439737233
19195,COSMOS 1950,0.1795,0,Low,1497.5497668995913,7.11874223634337,379.19,0.000821371075671498,2.7993012494744107
10934,COSMOS 1017,0.1753,0,Low,1471.0624849314609,7.130361617533363,1027.51,0.0008154388017670157,0.31016231761532254
5210,COSMOS 411,0.168,0,Low,1321.6176843023004,7.235977816111517,1334.46,0.0007912460477618883,49.18094372273936
1806,EXPLORER 31 (ISIS-X),0.1514,0,Low,2138.975646863848,6.634235029876015,2138.975646863848,0.000779583315531685,129.43778224258858
11879,COSMOS 1196,0.1509,0,Low,1476.357847790723,7.124876458983692,1834.49,0.0007840973560405251,1.7149855883972123
12643,COSMOS 1294,0.1487,0,Low,1427.0884595463567,7.14908241136791,1036.99,0.0007776537699112637,11.948044948000643
7442,COSMOS 684,0.1438,0,Low,1429.8054295958627,7.152770767577905,415.54,0.0007733749153679082,1.0129215382739858
11303,COSMOS 1088,0.1399,0,Low,1557.9200363838117,7.0658462070139905,115.54,0.0007697688101679725,19.34721618416006
19787,COSMOS 1996,0.1395,0,Low,1414.852781836803,7.153751996235612,1595.53,0.000766174932531403,6.977168442149377
7008,COSMOS 627,0.1318,0,Low,995.6121734008566,7.355707947614697,244.7,0.0007293167866489115,22.696705696037498
15618,COSMOS 1636,0.121,0,Low,1506.7124964850964,7.104538994818313,1085.19,0.0007471168375044476,0.6865248712401808
1573,COSMOS 83,0.12,0,Low,1505.0886539142393,7.113226359067312,973.43,0.0007399209266357896,34.06716492511168
15619,COSMOS 1637,0.12,0,Low,1473.7836414124877,7.128096130780575,347.53,0.0007439199253967122,4.632252055202116
6121,COSMOS 508,0.1144,0,Low,1473.0363262740975,7.1254578150061345,159.67,0.0007365884429796618,5.052471932290246
7820,COSMOS 732,0.113,0,Low,1461.9063711635017,7.123836750556823,1440.63,0.000734259547823598,5.671810624301543
13375,COSMOS 1388,0.1126,0,Low,1474.0393124070133,7.108292198429099,490.53,0.0007350092817405519,0.9426023669229835
8612,COSMOS 796,0.1106,0,Low,1497.9329149392397,7.119077731271515,1458.27,0.000732284211210738,7.30709686301725
6849,COSMOS 592,0.107,0,Low,1496.6044462218779,7.075514423249874,205.69,0.0007245535113903766,24.591472087367947
7268,COSMOS 644,0.1067,0,Low,1350.2997374510578,7.212006469310326,120.13,0.0007210342065453298,8.755521205506739
9634,COSMOS 886,0.1046,0,Low,2275.2974094007077,6.415517923120159,2275.2974094007077,0.0007419959804002198,14.129577911537126
4321,OSCAR 5,0.1044,0,Low,1443.1986728339562,7.146400911183405,134.58,0.0007235006472716076,0.09580095953333512
17139,COSMOS 1795,0.1025,0,Low,1482.1756471404706,7.119685649179393,1821.88,0.0007224142508291918,1.1819266786551452
13380,COSMOS 1393,0.0912,0,Low,1469.76739723004,7.1315603372968805,1750.73,0.0007074632823083939,0.9435435642126322
16759,COSMOS 1749,0.0839,0,Low,1466.7856677694745,7.114966096204465,318.38,0.0006972328101870183,5.31938990416711
20,VANGUARD 3,0.0782,0,Low,2892.8036073382937,6.1366726646372465,2892.8036073382937,0.0006624355313163267,319.7712147202474
15001,COSMOS 1562,0.0767,0,Low,1482.1405763327439,7.120441833398122,2310.38,0.0006892526531186777,1.3023146531495513
6681,COSMOS 570,0.0743,0,Low,1478.805534759672,7.092283254454167,165.28,0.0006856554730537404,3.330046064904309
15621,COSMOS 1639,0.0736,0,Low,1475.7724583920926,7.122924269948194,2471.2,0.0006849678765405784,1.8038266025414487
11694,COSMOS 1159,0.0692,0,Low,1456.6077891875866,7.142518615094678,2696.29,0.0006789221855756127,0.11344227566223708
4783,COSMOS 381,0.069,0,Low,999.3686469148852,7.344700544474498,106.61,0.0006485494468587124,25.5593871245037
11540,COSMOS 1132,0.0222,0,Low,1441.6828319082779,7.1478169864208185,496.83,0.0006179722241743955,0.7296675224852152
